barrels08,barrelsA08,charge120,charge240,city_mpge,cityA08,cityA08U,cityCD,range_city,cityUF,co2,co2A,co2_tailpipe_gpm,co2TailpipeGpm,combined_mpge,combA08,combA08U,kwh_per_100mi,combinedCD,combinedUF,cylinders,displ,drive,engId,eng_dscr,feScore,annual_fuel_cost_usd,fuelCostA08,fuelType,fuel_type,ghg_score,ghgScoreA,highway_mpge,highwayA08,highwayA08U,highwayCD,range_highway,highwayUF,hlv,hpv,fueleconomy_id,lv2,lv4,make,model,mpgData,is_phev,pv2,pv4,range_miles,rangeCity,rangeCityA,rangeHwy,rangeHwyA,trany,UCity,UCityA,UHighway,UHighwayA,VClass,year,youSaveSpend,baseModel,guzzler,trans_dscr,tCharger,sCharger,atvType,fuel_type2,rangeA,ev_motor,mfrCode,c240Dscr,charge240b,c240bDscr,createdOn,modifiedOn,startStop,phevCity,phevHwy,phevComb,battery_capacity_kwh,msrp_base,charge_240v_hrs,fast_charge_minutes,max_ac_kw,max_dc_kw,connector_type,acceleration_0_60,cluster
6.377725310530504,4.311739130434783,0.0,3.0,25.5497,68,67.5678,0.0,50.0,0.417,191,-1,0.0,191.0,27.1257,69,68.736,49.0,0.0,0.42,3.0,1.5,All-Wheel Drive,108,SIDI; PHEV,8,3050,0,Premium and Electricity,Premium Gasoline,10,-1,29.3376,70,70.2198,0.0,48.0,0.424,0,0,40079,5,0,BMW,I8 Coupe,N,True,81,0,320,0.0,17.53,0.0,17.94,Automatic 6-spd,33.1,95.8,41.9,0.0,Subcompact Cars,2019,1000,i8,,,T,,Plug-in Hybrid,Electricity,18.0,96kW AC Induction,BMX,,0.0,,Wed May 02 00:00:00 EDT 2018,Fri Mar 25 00:00:00 EDT 2022,Y,34,38,36,,,,,,,,,
6.377725310530504,4.311739130434783,0.0,3.0,25.5497,68,67.5678,0.0,50.0,0.417,191,-1,0.0,191.0,27.1257,69,68.736,49.0,0.0,0.42,3.0,1.5,All-Wheel Drive,110,SIDI; PHEV,8,3050,0,Premium and Electricity,Premium Gasoline,10,-1,29.3376,70,70.2198,0.0,48.0,0.424,0,0,40080,0,0,BMW,I8 Roadster,N,True,0,0,320,0.0,17.53,0.0,17.94,Automatic 6-spd,33.1,95.8,41.9,0.0,Two Seaters,2019,1000,i8,,,T,,Plug-in Hybrid,Electricity,18.0,96kW AC Induction,BMX,,0.0,,Wed May 02 00:00:00 EDT 2018,Fri Mar 25 00:00:00 EDT 2022,Y,34,38,36,,,,,,,,,
7.3640088664285726,4.577076923076923,0.0,3.0,28.0461,63,63.3247,0.0,51.0,0.327,223,-1,0.0,223.0,27.445,65,64.5676,51.0,0.0,0.322,3.0,1.5,All-Wheel Drive,90,SIDI; PHEV,8,3050,0,Premium and Electricity,Premium Gasoline,9,-1,26.7445,66,66.1547,0.0,51.0,0.316,17,95,40157,0,0,MINI,Cooper SE Countryman All4,N,True,0,0,270,0.0,12.64,0.0,12.08,Automatic (S6),35.7,89.6,40.7,0.0,Midsize Cars,2019,0,Countryman,,,T,,Plug-in Hybrid,Electricity,12.0,65 kW AC Induction,BMX,,0.0,,Tue May 29 00:00:00 EDT 2018,Fri Mar 25 00:00:00 EDT 2022,Y,34,33,33,,,,,,,,,
0.06,0.0,0.0,4.0,150.0,0,0.0,0.0,22.0,0.0,0,-1,0.0,0.0,136.0,0,0.0,25.0,0.0,0.0,,,Front-Wheel Drive,31,,10,550,0,Electricity,Electricity,10,-1,122.0,0,0.0,0.0,28.0,0.0,0,0,40384,0,23,Hyundai,Ioniq Electric,N,False,0,96,124,135.4,0.0,110.0,0.0,Automatic (A1),224.8,0.0,182.7,0.0,Midsize Cars,2019,9250,Ioniq,,,,,EV,,,88 kW AC PMSM,HYX,,0.0,,Thu Jul 12 00:00:00 EDT 2018,Wed Feb 02 00:00:00 EST 2022,N,0,0,0,,,,,,,,,
5.4884037201398606,4.1902816901408455,0.0,3.0,26.3,70,73.3657,0.1,46.0,0.468,165,-1,0.0,165.0,29.0,71,74.5017,45.0,0.1,0.476,4.0,2.0,All-Wheel Drive,110,SIDI; PHEV,9,2800,0,Premium and Electricity,Premium Gasoline,10,-1,33.3,72,75.9388,0.1,43.0,0.485,0,0,40405,0,14,Volvo,S90 AWD PHEV,N,True,0,102,490,0.0,20.76,0.0,21.88,Automatic (S8),34.2,104.8,48.2,0.0,Midsize Cars,2019,2000,S90,,,T,S,Plug-in Hybrid,Electricity,21.0,34 and 65 kW 3-phase Sync.,VVX,,0.0,,Tue Jul 17 00:00:00 EDT 2018,Fri Jun 23 00:00:00 EDT 2023,Y,38,45,41,,,,,,,,,
6.7739630700000015,5.12948275862069,0.0,3.0,24.8,59,61.7839,0.1,54.0,0.413,210,-1,0.0,210.0,26.1,58,61.1282,55.0,0.1,0.406,4.0,2.0,All-Wheel Drive,123,SIDI; PHEV,8,3150,0,Premium and Electricity,Premium Gasoline,9,-1,27.8,57,60.3454,0.1,56.0,0.398,0,0,40406,0,30,Volvo,XC60 AWD PHEV,N,True,0,103,500,0.0,17.28,0.0,16.41,Automatic (S8),32.0,87.5,39.5,0.0,Small Sport Utility Vehicle 4WD,2019,0,XC60,,,T,S,Plug-in Hybrid,Electricity,17.0,34 and 65 kW 3-phase Sync.,VVX,,0.0,,Tue Jul 17 00:00:00 EDT 2018,Fri Jun 23 00:00:00 EDT 2023,Y,32,35,33,,,,,,,,,
7.08221799,5.12948275862069,0.0,3.0,24.0,59,62.3927,0.1,54.0,0.404,216,-1,0.0,216.0,25.3,58,60.6887,55.0,0.1,0.403,4.0,2.0,All-Wheel Drive,54,SIDI; PHEV,8,3250,0,Premium and Electricity,Premium Gasoline,9,-1,27.1,56,58.7283,0.1,57.0,0.402,0,0,40407,0,47,Volvo,XC90 AWD PHEV,N,True,0,104,490,0.0,16.74,0.0,16.61,Automatic (S8),30.9,88.6,38.4,0.0,Standard Sport Utility Vehicle 4WD,2019,-250,XC90,,,T,S,Plug-in Hybrid,Electricity,17.0,34 and 65 kW 3-phase Sync.,VVX,,0.0,,Tue Jul 17 00:00:00 EDT 2018,Fri Jun 23 00:00:00 EDT 2023,Y,32,34,33,,,,,,,,,
0.0672,0.0,0.0,9.3,127.54,0,0.0,0.0,26.427,0.0,0,-1,0.0,0.0,119.0958,0,0.0,28.3007,0.0,0.0,,,Front-Wheel Drive,266,,10,650,0,Electricity,Electricity,10,-1,110.18,0,0.0,0.0,30.5909,0.0,0,0,40520,0,17,Chevrolet,Bolt EV,Y,False,0,94,238,255.1,0.0,217.4,0.0,Automatic (A1),182.2,0.0,157.4,0.0,Small Station Wagons,2019,8750,Bolt EV,,,,,EV,,,150 kW ACPM,GMX,,0.0,,Fri Aug 03 00:00:00 EDT 2018,Tue Mar 26 00:00:00 EDT 2019,N,0,0,0,65.0,,9.0,,7.2,55.0,CCS,,
6.484951265555556,4.132083333333334,0.0,2.0,27.3323,70,69.7759,0.0,47.0,0.384,193,-1,0.0,193.0,28.6625,72,72.1701,46.0,0.0,0.388,4.0,2.0,Rear-Wheel Drive,536,SIDI; PHEV,8,2800,0,Premium and Electricity,Premium Gasoline,10,-1,30.4753,75,75.3293,0.0,45.0,0.393,0,0,40556,0,10,BMW,530e,N,True,0,99,370,0.0,15.6,0.0,16.12,Automatic (S8),35.7,99.7,43.7,0.0,Compact Cars,2019,1250,5 Series,,,T,,Plug-in Hybrid,Electricity,16.0,83kW DCPM,BMX,,0.0,,Fri Aug 10 00:00:00 EDT 2018,Fri Mar 25 00:00:00 EDT 2022,Y,35,40,37,,,,,,,,,
6.5581247303225805,4.44044776119403,0.0,2.0,26.7185,66,66.2812,0.0,48.0,0.379,200,-1,0.0,200.0,28.3364,67,67.1313,49.0,0.0,0.372,4.0,2.0,All-Wheel Drive,537,SIDI; PHEV,8,2900,0,Premium and Electricity,Premium Gasoline,10,-1,30.6012,68,68.2003,0.0,50.0,0.363,0,0,40557,0,10,BMW,530e xDrive,N,True,0,99,360,0.0,15.35,0.0,14.49,Automatic (S8),34.8,94.7,43.9,0.0,Compact Cars,2019,1000,5 Series,,,T,,Plug-in Hybrid,Electricity,15.0,83kW DCPM,BMX,,0.0,,Fri Aug 10 00:00:00 EDT 2018,Fri Mar 25 00:00:00 EDT 2022,Y,34,38,36,,,,,,,,,
7.17298669862069,4.64859375,0.0,3.0,24.8563,62,62.0746,0.0,53.0,0.356,214,-1,0.0,214.0,26.7381,64,64.4503,52.0,0.0,0.362,4.0,2.0,All-Wheel Drive,740,SIDI; PHEV,8,3050,0,Premium and Electricity,Premium Gasoline,9,-1,29.4644,68,67.613,0.0,50.0,0.369,0,0,40558,0,10,BMW,740e xDrive,N,True,0,114,340,0.0,14.13,0.0,14.81,Automatic (S8),32.1,87.6,42.1,0.0,Large Cars,2019,0,7 Series,,,T,,Plug-in Hybrid,Electricity,14.0,83kW DCPM,BMX,,0.0,,Fri Aug 10 00:00:00 EDT 2018,Fri Mar 25 00:00:00 EDT 2022,Y,31,37,33,,,,,,,,,
0.0672,0.0,0.0,9.0,132.0,0,0.0,0.0,26.0,0.0,0,-1,0.0,0.0,120.0,0,0.0,28.0,0.0,0.0,,,Front-Wheel Drive,50,,10,650,0,Electricity,Electricity,10,-1,108.0,0,0.0,0.0,30.9646,0.0,0,0,40585,0,0,Hyundai,Kona Electric,N,False,0,0,258,284.1242,0.0,226.0235,0.0,Automatic (A1),195.5,0.0,155.5,0.0,Small Sport Utility Vehicle 2WD,2019,8750,Kona,,,,,EV,,,150 kW AC PMSM,HYX,,0.0,,Thu Aug 16 00:00:00 EDT 2018,Wed Feb 02 00:00:00 EST 2022,N,0,0,0,58.0,,8.1,,7.2,100.0,CCS2,,
0.0744,0.0,0.0,5.0,123.62,0,0.0,0.0,27.265,0.0,0,-1,0.0,0.0,107.9386,0,0.0,31.2261,0.0,0.0,,,Front-Wheel Drive,34,,10,700,0,Electricity,Electricity,10,-1,93.45,0,0.0,0.0,36.0674,0.0,0,0,40768,0,19,Kia,Soul Electric,N,False,0,97,111,125.1,0.0,94.6,0.0,Automatic (A1),176.6,0.0,133.5,0.0,Small Station Wagons,2019,8500,Soul,,,,,EV,,,81 kW AC PMSM,KMX,,0.0,,Tue Sep 11 00:00:00 EDT 2018,Wed Feb 02 00:00:00 EST 2022,N,0,0,0,,,,,,,,,
0.0672,0.0,0.0,5.3,125.67,0,0.0,0.0,26.8202,0.0,0,-1,0.0,0.0,118.6017,0,0.0,28.4186,0.0,0.0,,,Front-Wheel Drive,100,,10,650,0,Electricity,Electricity,10,-1,110.973,0,0.0,0.0,30.3723,0.0,17,91,40769,0,0,Volkswagen,e-Golf,Y,False,0,0,125,130.64,0.0,117.86,0.0,Automatic (A1),177.0,0.0,156.3,0.0,Compact Cars,2019,8750,Golf/GTI,,,,,EV,,,100 kW AC PMSM,VGA,,0.0,,Tue Sep 11 00:00:00 EDT 2018,Wed Feb 02 00:00:00 EST 2022,N,0,0,0,,,,,,,,,
3.334899542790698,2.888446601941748,0.0,2.6,42.9,109,108.8605,0.0,31.0,0.564,99,-1,0.0,99.0,41.7,103,103.4289,33.0,0.0,0.542,4.0,2.0,Front-Wheel Drive,92,PHEV,10,1600,0,Regular Gas and Electricity,Regular Gasoline,10,-1,40.2,97,97.4841,0.0,35.0,0.512,0,0,40809,0,8,Ford,Fusion Energi Plug-in Hybrid,Y,True,0,103,610,0.0,28.07,0.0,23.86,Automatic (variable gear ratios),60.4,155.5,59.8,0.0,Midsize Cars,2019,6250,Fusion,,,,,Plug-in Hybrid,Electricity,26.0,68 kW DCPM,FMX,,0.0,,Fri Sep 21 00:00:00 EDT 2018,Fri Mar 25 00:00:00 EDT 2022,Y,65,57,61,,,,,,,,,
2.4662927731349784,2.5000840336134456,0.0,2.3,52.9498,123,123.0153,0.0,27.0,0.589,74,-1,0.0,74.0,52.3231,119,118.7659,28.0,0.0,0.572,4.0,1.6,Front-Wheel Drive,46,SIDI; PHEV,10,1300,0,Regular Gas and Electricity,Regular Gasoline,10,-1,51.5769,114,113.9547,0.0,30.0,0.55,23,96,40810,0,0,Hyundai,Ioniq Plug-in Hybrid,Y,True,0,0,630,0.0,30.25,0.0,26.87,Automatic (AM6),71.6,175.7,72.3,0.0,Midsize Cars,2019,7500,Ioniq,,,,,Plug-in Hybrid,Electricity,29.0,32kW IPMSM,HYX,,0.0,,Fri Sep 21 00:00:00 EDT 2018,Fri Mar 25 00:00:00 EDT 2022,Y,78,74,76,,,,,,,,,
3.224983200587516,2.888446601941748,0.0,2.7,37.8664,103,102.517,0.0,33.0,0.568,97,-1,0.0,97.0,40.0054,103,103.3023,33.0,0.0,0.572,4.0,2.0,Front-Wheel Drive,29,SIDI; PHEV,10,1700,0,Regular Gas and Electricity,Regular Gasoline,10,-1,42.9723,104,104.2785,0.0,32.0,0.576,0,0,40811,0,10,Kia,Optima Plug-in Hybrid,N,True,0,105,610,0.0,28.41,0.0,29.13,Automatic (AM6),53.4,146.4,60.4,0.0,Midsize Cars,2019,6250,Optima,,,,,Plug-in Hybrid,Electricity,29.0,50kW IPMSM,KMX,,0.0,,Fri Sep 21 00:00:00 EDT 2018,Fri Mar 25 00:00:00 EDT 2022,Y,58,65,61,,,,,,,,,
0.072,0.0,0.0,8.0,124.1216,0,0.0,0.0,27.1559,0.0,0,-1,0.0,0.0,111.677,0,0.0,30.1816,0.0,0.0,,,Front-Wheel Drive,902,,10,700,0,Electricity,Electricity,10,-1,99.4858,0,0.0,0.0,33.8797,0.0,0,0,40812,0,24,Nissan,Leaf (40 kW-hr battery pack),Y,False,0,92,150,165.2,0.0,132.4,0.0,Automatic (A1),177.3165,0.0,142.1226,0.0,Midsize Cars,2019,8500,Leaf,,,,,EV,,,110 kW DCPM,NSX,,0.0,,Fri Sep 21 00:00:00 EDT 2018,Thu Apr 02 00:00:00 EDT 2020,N,0,0,0,,,,,,,,,
4.022632882758621,3.6281707317073177,0.0,2.0,29.4158,87,86.8853,0.0,39.0,0.63,119,-1,0.0,119.0,29.5207,82,81.6625,41.0,0.0,0.609,6.0,3.6,Front-Wheel Drive,520,PHEV,10,2250,0,Regular Gas and Electricity,Regular Gasoline,10,-1,29.6499,76,76.0734,0.0,45.0,0.58,0,0,40830,0,0,Chrysler,Pacifica Hybrid,Y,True,0,0,520,0.0,34.39,0.0,29.49,Automatic (variable gear ratios),42.7429,123.9,42.7998,0.0,Minivan - 2WD,2019,4750,Pacifica,,,,,Plug-in Hybrid,Electricity,32.0,89 kW AC Induction,CRX,,0.0,,Tue Sep 25 00:00:00 EDT 2018,Fri Mar 25 00:00:00 EDT 2022,Y,50,45,48,,,,,,,,,
3.0231256305681824,2.8334285714285716,0.0,2.25,48.1,110,109.9106,0.0,30.0,0.559,90,-1,0.0,90.0,46.4,105,104.884,32.0,0.0,0.54,4.0,1.6,Front-Wheel Drive,28,SIDI; PHEV,10,1450,0,Regular Gas and Electricity,Regular Gasoline,10,-1,44.5,99,99.3319,0.0,34.0,0.514,0,0,40863,0,19,Kia,Niro Plug-in Hybrid,Y,True,0,101,560,0.0,27.65,0.0,24.02,Automatic (AM6),63.9,157.0,61.8,0.0,Small Station Wagons,2019,6750,Niro,,,,,Plug-in Hybrid,Electricity,26.0,32kW IPMSM,KMX,,0.0,,Wed Oct 03 00:00:00 EDT 2018,Fri Mar 25 00:00:00 EDT 2022,Y,69,62,66,,,,,,,,,
1.7133483713621265,0.0744,0.0,4.5,43.4,113,113.0,0.0,29.0,0.779,51,-1,0.0,51.0,42.0,106,106.0,31.0,0.0,0.764,4.0,1.5,Front-Wheel Drive,393,SIDI; PHEV,10,1600,700,Regular Gas or Electricity,Regular Gasoline,10,-1,42.0,98,98.0,0.0,33.0,0.744,19,90,40924,0,0,Chevrolet,Volt,N,False,0,0,420,0.0,56.78,0.0,48.89,Automatic (variable gear ratios),58.8,167.2,60.5,0.0,Compact Cars,2019,7500,Volt,,,,,Plug-in Hybrid,Electricity,53.0,48 and 87 kW 3-Phase AC,GMX,,2.3,,Wed Oct 17 00:00:00 EDT 2018,Fri Mar 25 00:00:00 EDT 2022,Y,85,74,79,,,,,,,,,
0.1056,0.0,0.0,13.0,79.863,0,0.0,0.0,42.2035,0.0,0,-1,0.0,0.0,76.1264,0,0.0,44.275,0.0,0.0,,,4-Wheel Drive,590,,10,1000,0,Electricity,Electricity,10,-1,72.0087,0,0.0,0.0,46.8068,0.0,0,0,40986,0,0,Jaguar,I-Pace,N,False,0,0,234,244.8307,0.0,220.7848,0.0,Automatic (A1),114.1,0.0,102.9,0.0,Small Sport Utility Vehicle 4WD,2019,7000,I-Pace,,,,,EV,,,147 and 147 kW AC 3-Phase,JLX,,0.0,,Fri Nov 02 00:00:00 EDT 2018,Thu Oct 19 00:00:00 EDT 2023,N,0,0,0,84.7,,7.7,,11.0,100.0,CCS2,,
0.072,0.0,0.0,5.0,124.39,0,0.0,0.0,27.0962,0.0,0,-1,0.0,0.0,113.1242,0,0.0,29.7947,0.0,0.0,,,Rear-Wheel Drive,100,,10,650,0,Electricity,Electricity,10,-1,101.85,0,0.0,0.0,33.0928,0.0,0,0,41054,0,15,BMW,i3,N,False,0,84,153,166.5,0.0,136.4,0.0,Automatic (A1),177.7,0.0,145.5,0.0,Subcompact Cars,2019,8750,i3,,,,,EV,,,125 kW AC Induction,BMX,,0.0,,Mon Nov 19 00:00:00 EST 2018,Wed Feb 02 00:00:00 EST 2022,N,0,0,0,,,,,,,,,
0.072,0.0,0.0,5.0,124.39,0,0.0,0.0,27.0962,0.0,0,-1,0.0,0.0,113.1242,0,0.0,29.7947,0.0,0.0,,,Rear-Wheel Drive,101,,10,650,0,Electricity,Electricity,10,-1,101.85,0,0.0,0.0,33.0928,0.0,0,0,41055,0,15,BMW,i3s,N,False,0,84,153,166.5,0.0,136.4,0.0,Automatic (A1),177.7,0.0,145.5,0.0,Subcompact Cars,2019,8750,i3,,,,,EV,,,135 kW AC Induction,BMX,,0.0,,Mon Nov 19 00:00:00 EST 2018,Wed Feb 02 00:00:00 EST 2022,N,0,0,0,,,,,,,,,
0.072,0.0,0.0,9.5,123.06,0,0.0,0.0,27.3891,0.0,0,-1,0.0,0.0,112.3234,0,0.0,30.0071,0.0,0.0,,,Front-Wheel Drive,38,,10,700,0,Electricity,Electricity,10,-1,101.5,0,0.0,0.0,33.2069,0.0,0,0,41060,0,22,Kia,Niro Electric,Y,False,0,97,239,259.0,0.0,213.6,0.0,Automatic (A1),175.8,0.0,145.0,0.0,Small Station Wagons,2019,8500,Niro,,,,,EV,,,150 kW IPMSM,KMX,,0.0,,Mon Dec 03 00:00:00 EST 2018,Wed Feb 02 00:00:00 EST 2022,N,0,0,0,,,,,,,,,
7.92323001,5.312678571428571,0.0,1.9,24.1,55,55.0438,0.0,60.0,0.324,235,-1,0.0,235.0,25.4,56,55.7924,59.0,0.0,0.331,4.0,2.0,4-Wheel Drive,101,SIDI; PHEV,7,3250,0,Premium and Electricity,Premium Gasoline,9,-1,27.2,57,56.7355,0.0,57.0,0.341,0,0,41132,0,0,Mercedes-Benz,GLC350e 4matic,Y,True,0,0,350,0.0,9.5923,0.0,10.2462,Automatic 7-spd,31.9,77.7,38.3,0.0,Small Sport Utility Vehicle 4WD,2019,-1000,GLC-Class,,,T,,Plug-in Hybrid,Electricity,10.0,85 kW DCPM,MBX,,0.0,,Wed Dec 05 00:00:00 EST 2018,Fri Mar 25 00:00:00 EDT 2022,Y,29,33,31,,,,,,,,,
6.03678237,4.0204054054054055,0.0,3.5,25.0,78,78.0284,0.0,43.0,0.505,174,-1,0.0,174.0,25.0,74,75.8321,45.0,0.0,0.488,4.0,2.0,All-Wheel Drive,215,PHEV,9,2700,0,Regular Gas and Electricity,Regular Gasoline,10,-1,26.0,70,73.31,0.0,47.0,0.467,0,0,41133,0,0,Mitsubishi,Outlander PHEV,Y,True,0,0,310,0.0,23.34,0.0,20.66,Automatic (A1),38.2361,110.9,40.6671,0.0,Small Sport Utility Vehicle 4WD,2019,2750,Outlander,,,,,Plug-in Hybrid,Electricity,22.0,60 kW DCPM,MTX,,0.0,,Wed Dec 05 00:00:00 EST 2018,Fri Mar 25 00:00:00 EDT 2022,Y,38,37,38,,,,,,,,,
4.932866275476191,3.3056666666666668,0.0,2.0,35.6,99,99.3569,0.0,34.0,0.443,151,-1,0.0,151.0,35.1,90,89.6953,38.0,0.0,0.417,4.0,2.0,All-Wheel Drive,35,SIDI; PHEV,10,1950,0,Regular Gas and Electricity,Regular Gasoline,10,-1,34.5,80,80.1674,0.0,42.0,0.382,0,0,41134,0,0,Subaru,Crosstrek Hybrid AWD,N,True,0,0,480,0.0,19.11,0.0,15.52,Automatic (variable gear ratios),51.8,141.9,50.1,0.0,Small Sport Utility Vehicle 4WD,2019,4750,Crosstrek,,,,,Plug-in Hybrid,Electricity,17.0,88 kW AC Induction,FJX,,0.0,,Wed Dec 05 00:00:00 EST 2018,Fri Mar 25 00:00:00 EDT 2022,Y,49,43,46,,,,,,,,,
0.072,0.0,0.0,4.0,121.03,0,0.0,0.0,27.8485,0.0,0,-1,0.0,0.0,112.4374,0,0.0,29.9767,0.0,0.0,,,Front-Wheel Drive,37,,10,650,0,Electricity,Electricity,10,-1,103.46,0,0.0,0.0,32.5778,0.0,7,72,41143,0,0,Fiat,500e,N,False,0,0,84,90.0,0.0,76.6,0.0,Automatic (A1),172.9,0.0,147.8,0.0,Minicompact Cars,2019,8750,500e,,,,,EV,,,82 kW AC Induction,CRX,,0.0,,Tue Dec 18 00:00:00 EST 2018,Wed Feb 02 00:00:00 EST 2022,N,0,0,0,37.3,,3.4,,11.0,85.0,CCS2,,
3.3676855831274133,3.005151515151515,0.0,2.7,37.456,99,98.8759,0.0,34.0,0.561,100,-1,0.0,100.0,39.4996,99,99.3582,34.0,0.0,0.564,4.0,2.0,Front-Wheel Drive,47,SIDI; PHEV,10,1750,0,Regular Gas and Electricity,Regular Gasoline,10,-1,42.3218,100,99.9541,0.0,34.0,0.567,0,0,41144,0,10,Hyundai,Sonata Plug-in Hybrid,Y,True,0,106,600,0.0,27.74,0.0,28.31,Automatic (AM6),49.9,141.1,58.1,0.0,Midsize Cars,2019,6000,Sonata,,,,,Plug-in Hybrid,Electricity,28.0,50 kW IPMSM,HYX,,0.0,,Tue Dec 18 00:00:00 EST 2018,Fri Mar 25 00:00:00 EDT 2022,Y,57,63,59,,,,,,,,,
1.9716547575,2.704636363636364,0.0,2.2,44.0,117,117.0297,0.0,29.0,0.748,57,-1,0.0,57.0,42.1,110,109.7609,31.0,0.0,0.731,4.0,1.5,Front-Wheel Drive,67,PHEV,10,1600,0,Regular Gas and Electricity,Regular Gasoline,10,-1,40.0,102,102.0165,0.0,33.0,0.707,0,0,41183,0,16,Honda,Clarity Plug-in Hybrid,Y,True,0,102,340,0.0,50.78,0.0,44.12,Automatic (variable gear ratios),62.2,167.2,61.8,0.0,Midsize Cars,2019,7250,Clarity,,,,,Plug-in Hybrid,Electricity,48.0,135kW AC PMSM,HNX,,0.0,,Tue Jan 29 00:00:00 EST 2019,Fri Mar 25 00:00:00 EDT 2022,Y,82,70,76,,,,,,,,,
2.6297845075471695,2.2369172932330827,0.0,2.0,55.2206,145,145.0834,0.0,23.0,0.553,78,-1,0.0,78.0,54.4329,133,133.2661,25.0,0.0,0.529,4.0,1.8,Front-Wheel Drive,85,PHEV,10,1250,0,Regular Gas and Electricity,Regular Gasoline,10,-1,53.0,121,121.2004,0.0,28.0,0.498,20,91,41184,0,0,Toyota,Prius Prime,Y,True,0,0,640,0.0,27.1,0.0,22.82,Automatic (variable gear ratios),78.8197,207.2622,73.6525,0.0,Midsize Cars,2019,7500,Prius Prime,,,,,Plug-in Hybrid,Electricity,25.0,22 and 53 kW AC Induction,TYX,,0.0,,Tue Jan 29 00:00:00 EST 2019,Fri Mar 25 00:00:00 EDT 2022,Y,83,72,78,,,,,,,,,
0.072,0.0,0.0,4.0,125.72,0,0.0,0.0,26.8096,0.0,0,-1,0.0,0.0,114.1174,0,0.0,29.5354,0.0,0.0,,,Front-Wheel Drive,68,,10,650,0,Electricity,Electricity,10,-1,102.55,0,0.0,0.0,32.8669,0.0,0,0,41185,0,16,Honda,Clarity EV,N,False,0,102,89,96.7,0.0,78.9,0.0,Automatic (A1),179.6,0.0,146.5,0.0,Midsize Cars,2019,8750,Clarity,,,,,EV,,,120 kW AC PMSM,HNX,,0.0,,Tue Jan 29 00:00:00 EST 2019,Tue Jan 29 00:00:00 EST 2019,N,0,0,0,,,,,,,,,
0.0744,0.0,0.0,3.0,124.0,0,0.0,0.0,27.0,0.0,0,-1,0.0,0.0,108.0,0,0.0,31.0,0.0,0.0,,,Rear-Wheel Drive,706,,10,700,0,Electricity,Electricity,10,-1,94.0,0,0.0,0.0,36.0,0.0,0,0,41186,0,0,smart,EQ fortwo (coupe),N,False,0,0,58,63.0,0.0,51.0,0.0,Automatic (A1),182.6,0.0,138.1,0.0,Two Seaters,2019,8500,fortwo,,,,,EV,,,60 KW AC Synchronous,MBX,,0.0,,Tue Jan 29 00:00:00 EST 2019,Wed Feb 02 00:00:00 EST 2022,N,0,0,0,,,,,,,,,
0.0791999999999999,0.0,0.0,3.0,112.0,0,0.0,0.0,30.0,0.0,0,-1,0.0,0.0,102.0,0,0.0,33.0,0.0,0.0,,,Rear-Wheel Drive,707,,10,750,0,Electricity,Electricity,10,-1,91.0,0,0.0,0.0,37.0,0.0,0,0,41187,0,0,smart,EQ fortwo (convertible),N,False,0,0,57,62.0,0.0,50.0,0.0,Automatic (A1),165.1,0.0,133.4,0.0,Two Seaters,2019,8250,fortwo,,,,,EV,,,60 KW AC Synchronous,MBX,,0.0,,Tue Jan 29 00:00:00 EST 2019,Wed Feb 02 00:00:00 EST 2022,N,0,0,0,,,,,,,,,
0.0648,0.0,0.0,10.0,127.68,0,0.0,0.0,26.398,0.0,0,-1,0.0,0.0,122.6274,0,0.0,27.4857,0.0,0.0,,,Rear-Wheel Drive,32,,10,600,0,Electricity,Electricity,10,-1,116.97,0,0.0,0.0,28.8151,0.0,0,0,41188,0,15,Tesla,Model 3 Mid Range,N,False,0,97,264,274.1,0.0,251.2,0.0,Automatic (A1),182.4,0.0,167.1,0.0,Midsize Cars,2019,9000,Model 3,,,,,EV,,,211 kW AC 3-Phase,TSL,standard charger,8.5,with 48A high power charger connector option,Tue Jan 29 00:00:00 EST 2019,Wed Feb 02 00:00:00 EST 2022,N,0,0,0,,,,,,,,,
0.0624,0.0,0.0,10.0,136.5,0,0.0,0.0,24.6923,0.0,0,-1,0.0,0.0,130.2464,0,0.0,25.8779,0.0,0.0,,,Rear-Wheel Drive,33,,10,600,0,Electricity,Electricity,10,-1,123.34,0,0.0,0.0,27.3269,0.0,0,0,41189,0,15,Tesla,Model 3 Long Range,N,False,0,97,310,324.081,0.0,292.8001,0.0,Automatic (A1),195.0,0.0,176.2,0.0,Midsize Cars,2019,9000,Model 3,,,,,EV,,,211 kW AC 3-Phase,TSL,standard charger,8.5,with 48A high power charger connector option,Tue Jan 29 00:00:00 EST 2019,Wed Feb 02 00:00:00 EST 2022,N,0,0,0,75.0,,6.8,,11.0,250.0,NACS,,
0.0696,0.0,0.0,10.0,120.4582,0,0.0,0.0,27.9807,0.0,0,-1,0.0,0.0,116.4402,0,0.0,28.9462,0.0,0.0,,,All-Wheel Drive,35,,10,650,0,Electricity,Electricity,10,-1,111.8791,0,0.0,0.0,30.1263,0.0,0,0,41190,0,15,Tesla,Model 3 Long Range AWD,Y,False,0,97,310,320.2,0.0,297.2,0.0,Automatic (A1),171.3,0.0,159.1,0.0,Midsize Cars,2019,8750,Model 3,,,,,EV,,,147 and 188 kW AC 3-Phase,TSL,standard charger,8.5,with 48A high power charger connector option,Tue Jan 29 00:00:00 EST 2019,Wed Feb 02 00:00:00 EST 2022,N,0,0,0,75.0,,6.8,,11.0,250.0,NACS,,
0.0696,0.0,0.0,10.0,120.4582,0,0.0,0.0,27.9807,0.0,0,-1,0.0,0.0,116.4402,0,0.0,28.9462,0.0,0.0,,,All-Wheel Drive,36,,10,650,0,Electricity,Electricity,10,-1,111.8791,0,0.0,0.0,30.1263,0.0,0,0,41191,0,15,Tesla,Model 3 Long Range AWD Performance,Y,False,0,97,310,320.2,0.0,297.2,0.0,Automatic (A1),171.3,0.0,159.1,0.0,Midsize Cars,2019,8750,Model 3,,,,,EV,,,147 and 211 kW AC 3-Phase,TSL,standard charger,8.5,with 48A high power charger connector option,Tue Jan 29 00:00:00 EST 2019,Wed Feb 02 00:00:00 EST 2022,N,0,0,0,75.0,,6.8,,11.0,250.0,NACS,,
0.0791999999999999,0.0,0.0,12.0,101.7702,0,0.0,0.0,33.1187,0.0,0,-1,0.0,0.0,103.3343,0,0.0,32.6174,0.0,0.0,,,All-Wheel Drive,61,,10,750,0,Electricity,Electricity,10,-1,105.3126,0,0.0,0.0,32.0047,0.0,26,94,41192,0,0,Tesla,Model S 75D,N,False,0,0,259,255.0,0.0,264.6,0.0,Automatic (A1),137.9,0.0,142.7,0.0,Large Cars,2019,8250,Model S,,,,,EV,,,193 (front) 193 (rear) (75 kW-hr battery pack),TSL,standard charger,4.75,with 80A dual charger option,Tue Jan 29 00:00:00 EST 2019,Wed Feb 02 00:00:00 EST 2022,N,0,0,0,,,,,,,,,
0.0791999999999999,0.0,0.0,12.0,100.9606,0,0.0,0.0,33.3843,0.0,0,-1,0.0,0.0,101.5334,0,0.0,33.196,0.0,0.0,,,All-Wheel Drive,16,,10,750,0,Electricity,Electricity,10,-1,102.2424,0,0.0,0.0,32.9658,0.0,26,94,41193,0,0,Tesla,Model S 100D,N,False,0,0,335,333.1115,0.0,337.2373,0.0,Automatic (A1),133.9,0.0,135.6,0.0,Large Cars,2019,8250,Model S,,,,,EV,,,193 (front) 193 (rear) (100 kW-hr battery pack),TSL,standard charger,4.75,with 80A dual charger option,Tue Jan 29 00:00:00 EST 2019,Wed Feb 02 00:00:00 EST 2022,N,0,0,0,,,,,,,,,
0.0839999999999999,0.0,0.0,12.0,92.4714,0,0.0,0.0,36.4491,0.0,0,-1,0.0,0.0,97.5232,0,0.0,34.561,0.0,0.0,,,All-Wheel Drive,18,,10,800,0,Electricity,Electricity,10,-1,104.5008,0,0.0,0.0,32.2533,0.0,26,94,41194,0,0,Tesla,Model S P100D,N,False,0,0,315,297.1195,0.0,336.9426,0.0,Automatic (A1),125.3,0.0,141.6,0.0,Large Cars,2019,8000,Model S,,,,,EV,,,193 (front) 375 (rear) (100 kW-hr battery pack),TSL,standard charger,4.75,with 80A dual charger option,Tue Jan 29 00:00:00 EST 2019,Wed Feb 02 00:00:00 EST 2022,N,0,0,0,,,,,,,,,
0.0863999999999999,0.0,0.0,12.0,91.1628,0,0.0,0.0,36.9723,0.0,0,-1,0.0,0.0,93.0305,0,0.0,36.23,0.0,0.0,,,All-Wheel Drive,11,,10,800,0,Electricity,Electricity,10,-1,95.42,0,0.0,0.0,35.3228,0.0,0,0,41195,0,0,Tesla,Model X 75D,N,False,0,0,238,233.7,0.0,242.2,0.0,Automatic (A1),124.2,0.0,130.0,0.0,Standard Sport Utility Vehicle 4WD,2019,8000,Model X,,,,,EV,,,193 (front) 193 (rear) (75 kW-hr battery pack),TSL,standard charger,4.75,with 80A dual charger option,Tue Jan 29 00:00:00 EST 2019,Wed Feb 02 00:00:00 EST 2022,N,0,0,0,,,,,,,,,
0.0936,0.0,0.0,12.0,86.0982,0,0.0,0.0,39.1472,0.0,0,-1,0.0,0.0,87.1716,0,0.0,38.6651,0.0,0.0,,,All-Wheel Drive,17,,10,850,0,Electricity,Electricity,10,-1,88.5204,0,0.0,0.0,38.076,0.0,0,0,41196,0,0,Tesla,Model X 100D,N,False,0,0,295,291.2912,0.0,299.5437,0.0,Automatic (A1),117.3,0.0,120.6,0.0,Standard Sport Utility Vehicle 4WD,2019,7750,Model X,,,,,EV,,,193 (front) 193 (rear) (100 kW-hr battery pack),TSL,standard charger,4.75,with 80A dual charger option,Tue Jan 29 00:00:00 EST 2019,Wed Feb 02 00:00:00 EST 2022,N,0,0,0,,,,,,,,,
0.096,0.0,0.0,12.0,82.575,0,0.0,0.0,40.8174,0.0,0,-1,0.0,0.0,85.2401,0,0.0,39.5413,0.0,0.0,,,All-Wheel Drive,13,,10,900,0,Electricity,Electricity,10,-1,88.7406,0,0.0,0.0,37.9815,0.0,0,0,41197,0,0,Tesla,Model X P100D,N,False,0,0,289,279.8601,0.0,300.2063,0.0,Automatic (A1),112.5,0.0,120.9,0.0,Standard Sport Utility Vehicle 4WD,2019,7500,Model X,,,,,EV,,,193 (front) 375 (rear) (100 kW-hr battery pack),TSL,standard charger,4.75,with 80A dual charger option,Tue Jan 29 00:00:00 EST 2019,Wed Feb 02 00:00:00 EST 2022,N,0,0,0,,,,,,,,,
0.8579571693548388,0.0768,0.0,7.0,30.0914,107,106.8126,0.0,30.0,0.927,22,-1,0.0,22.0,30.5657,100,99.9305,32.0,0.0,0.92,2.0,0.6,Rear-Wheel Drive,102,PHEV,10,2650,700,Premium Gas or Electricity,Premium Gasoline,10,-1,31.1662,93,92.6355,0.0,35.0,0.91,0,0,41211,0,15,BMW,i3 with Range Extender,N,False,0,84,200,0.0,135.28,0.0,114.76,Automatic (A1),44.7,152.6,44.8,0.0,Subcompact Cars,2019,7500,i3,,,,,Plug-in Hybrid,Electricity,126.0,125 kW AC Induction,BMX,,0.0,,Wed Feb 06 00:00:00 EST 2019,Fri Mar 25 00:00:00 EDT 2022,Y,92,79,86,,,,,,,,,
0.8579571693548388,0.0768,0.0,7.0,30.0914,107,106.8126,0.0,30.0,0.927,22,-1,0.0,22.0,30.5657,100,99.9305,32.0,0.0,0.92,2.0,0.6,Rear-Wheel Drive,103,PHEV,10,2650,700,Premium Gas or Electricity,Premium Gasoline,10,-1,31.1662,93,92.6355,0.0,35.0,0.91,0,0,41212,0,15,BMW,i3s with Range Extender,N,False,0,84,200,0.0,135.28,0.0,114.76,Automatic (A1),44.7,152.6,44.8,0.0,Subcompact Cars,2019,7500,i3,,,,,Plug-in Hybrid,Electricity,126.0,135 kW AC Induction,BMX,,0.0,,Wed Feb 06 00:00:00 EST 2019,Fri Mar 25 00:00:00 EDT 2022,Y,92,79,86,,,,,,,,,
3.3436921555813957,2.916764705882353,0.0,2.6,42.8812,106,106.3762,0.0,31.0,0.558,101,-1,0.0,101.0,41.5474,102,101.7896,33.0,0.0,0.54,4.0,2.0,Front-Wheel Drive,93,PHEV,10,1600,0,Regular Gas and Electricity,Regular Gasoline,10,-1,40.0257,97,96.67,0.0,34.0,0.516,0,0,41226,0,8,Ford,Fusion Special Service Vehicle PHEV,N,True,0,103,610,0.0,27.51,0.0,24.18,Automatic (variable gear ratios),60.33,151.9,59.4,0.0,Midsize Cars,2019,6250,Fusion,,,,,Plug-in Hybrid,Electricity,26.0,68 kW DCPM,FMX,,0.0,,Tue Feb 12 00:00:00 EST 2019,Fri Mar 25 00:00:00 EDT 2022,Y,63,57,60,,,,,,,,,
5.0299918027789055,4.0204054054054055,0.0,3.0,29.0,74,78.2343,0.1,43.0,0.481,149,-1,0.0,149.0,31.0,74,78.127,43.0,0.1,0.48,4.0,2.0,All-Wheel Drive,130,SIDI; PHEV,9,2650,0,Premium and Electricity,Premium Gasoline,10,-1,34.0,74,77.9962,0.1,44.0,0.479,0,0,41255,0,12,Volvo,S60 AWD PHEV,N,True,0,96,520,0.0,21.59,0.0,21.45,Automatic (S8),38.1,111.5,49.4,0.0,Compact Cars,2019,2500,S60,,,T,S,Plug-in Hybrid,Electricity,22.0,34 and 65 kW 3-phase Sync.,VVX,,0.0,,Tue Feb 26 00:00:00 EST 2019,Fri Jun 23 00:00:00 EDT 2023,Y,41,47,43,,,,,,,,,
0.0744,0.0,0.0,11.0,118.0,0,0.0,0.0,29.0,0.0,0,-1,0.0,0.0,108.0,0,0.0,31.0,0.0,0.0,,,Front-Wheel Drive,903,,10,700,0,Electricity,Electricity,10,-1,97.0,0,0.0,0.0,35.0,0.0,24,92,41276,0,0,Nissan,Leaf (62 kW-hr battery pack),Y,False,0,0,226,245.0,0.0,202.2,0.0,Automatic (A1),176.5,0.0,143.3,0.0,Midsize Cars,2019,8500,Leaf,,,,,EV,,,160 kW DCPM,NSX,,0.0,,Wed Mar 13 00:00:00 EDT 2019,Thu Apr 02 00:00:00 EDT 2020,N,0,0,0,,,,,,,,,
0.0768,0.0,0.0,11.0,114.45,0,0.0,0.0,29.4495,0.0,0,-1,0.0,0.0,104.4048,0,0.0,32.283,0.0,0.0,,,Front-Wheel Drive,904,,10,750,0,Electricity,Electricity,10,-1,94.29,0,0.0,0.0,35.7461,0.0,24,92,41277,0,0,Nissan,Leaf SV/SL (62 kW-hr battery pack),Y,False,0,0,215,233.7,0.0,192.5,0.0,Automatic (A1),163.5,0.0,134.7,0.0,Midsize Cars,2019,8250,Leaf,,,,,EV,,,160 kW DCPM,NSX,,0.0,,Wed Mar 13 00:00:00 EDT 2019,Thu Apr 02 00:00:00 EDT 2020,N,0,0,0,,,,,,,,,
8.630660118928573,0.156,0.0,3.0,21.2,48,48.3777,0.0,69.0,0.357,255,-1,0.0,255.0,22.5,51,50.8906,65.0,0.0,0.359,6.0,2.9,All-Wheel Drive,641,SIDI; PHEV,6,3550,1450,Premium Gas or Electricity,Premium Gasoline,8,-1,24.4,54,54.3406,0.0,60.0,0.361,0,0,41291,0,16,Porsche,Panamera 4 e-Hybrid,N,False,0,108,490,0.0,14.16,0.0,14.37,Automatic (AM-S8),26.9,67.9,34.2,0.0,Large Cars,2019,-2500,Panamera,,,T,,Plug-in Hybrid,Electricity,14.0,70 kW DC Brushless,PRX,,0.0,,Mon Mar 18 00:00:00 EDT 2019,Fri Mar 25 00:00:00 EDT 2022,Y,26,30,28,,,,,,,,,
8.630660118928573,0.156,0.0,3.0,21.2,48,48.3777,0.0,69.0,0.357,255,-1,0.0,255.0,22.5,51,50.8906,65.0,0.0,0.359,6.0,2.9,All-Wheel Drive,642,SIDI; PHEV,6,3550,1450,Premium Gas or Electricity,Premium Gasoline,8,-1,24.4,54,54.3406,0.0,60.0,0.361,0,0,41292,0,16,Porsche,Panamera 4 e-Hybrid Executive,N,False,0,108,490,0.0,14.16,0.0,14.37,Automatic (AM-S8),26.9,67.9,34.2,0.0,Large Cars,2019,-2500,Panamera,,,T,,Plug-in Hybrid,Electricity,14.0,70 kW DC Brushless,PRX,,0.0,,Mon Mar 18 00:00:00 EDT 2019,Fri Mar 25 00:00:00 EDT 2022,Y,26,30,28,,,,,,,,,
8.630660118928573,0.156,0.0,3.0,21.2,48,48.3777,0.0,69.0,0.357,255,-1,0.0,255.0,22.5,51,50.8906,65.0,0.0,0.359,6.0,2.9,All-Wheel Drive,643,SIDI; PHEV,6,3550,1450,Premium Gas or Electricity,Premium Gasoline,8,-1,24.4,54,54.3406,0.0,60.0,0.361,0,0,41293,0,16,Porsche,Panamera 4 e-Hybrid ST,N,False,0,108,490,0.0,14.16,0.0,14.37,Automatic (AM-S8),26.9,67.9,34.2,0.0,Large Cars,2019,-2500,Panamera,,,T,,Plug-in Hybrid,Electricity,14.0,70 kW DC Brushless,PRX,,0.0,,Mon Mar 18 00:00:00 EDT 2019,Fri Mar 25 00:00:00 EDT 2022,Y,26,30,28,,,,,,,,,
9.579767994545456,0.1583999999999999,0.0,3.0,19.2,46,46.0129,0.0,72.0,0.335,289,-1,0.0,289.0,20.4,48,48.2748,66.0,0.0,0.354,8.0,4.0,All-Wheel Drive,651,SIDI; PHEV,5,4100,1500,Premium Gas or Electricity,Premium Gasoline,7,-1,22.1,51,51.3606,0.0,58.0,0.376,0,0,41294,0,16,Porsche,Panamera Turbo S e-Hybrid,N,False,0,108,450,0.0,13.05,0.0,15.19,Automatic (AM-S8),24.1,64.1,30.8,0.0,Large Cars,2019,-3750,Panamera,,,T,,Plug-in Hybrid,Electricity,14.0,70 kW DC Brushless,PRX,,0.0,,Mon Mar 18 00:00:00 EDT 2019,Fri Mar 25 00:00:00 EDT 2022,Y,23,28,25,,,,,,,,,
9.579767994545456,0.1583999999999999,0.0,3.0,19.2,46,46.0129,0.0,72.0,0.335,289,-1,0.0,289.0,20.4,48,48.2748,66.0,0.0,0.354,8.0,4.0,All-Wheel Drive,652,SIDI; PHEV,5,4100,1500,Premium Gas or Electricity,Premium Gasoline,7,-1,22.1,51,51.3606,0.0,58.0,0.376,0,0,41295,0,16,Porsche,Panamera Turbo S e-Hybrid Executive,N,False,0,108,450,0.0,13.05,0.0,15.19,Automatic (AM-S8),24.1,64.1,30.8,0.0,Large Cars,2019,-3750,Panamera,,,T,,Plug-in Hybrid,Electricity,14.0,70 kW DC Brushless,PRX,,0.0,,Mon Mar 18 00:00:00 EDT 2019,Fri Mar 25 00:00:00 EDT 2022,Y,23,28,25,,,,,,,,,
9.579767994545456,0.1583999999999999,0.0,3.0,19.2,46,46.0129,0.0,72.0,0.335,289,-1,0.0,289.0,20.4,48,48.2748,66.0,0.0,0.354,8.0,4.0,All-Wheel Drive,653,SIDI; PHEV,5,4100,1500,Premium Gas or Electricity,Premium Gasoline,7,-1,22.1,51,51.3606,0.0,58.0,0.376,0,0,41296,0,16,Porsche,Panamera Turbo S e-Hybrid ST,N,False,0,108,450,0.0,13.05,0.0,15.19,Automatic (AM-S8),24.1,64.1,30.8,0.0,Large Cars,2019,-3750,Panamera,,,T,,Plug-in Hybrid,Electricity,14.0,70 kW DC Brushless,PRX,,0.0,,Mon Mar 18 00:00:00 EDT 2019,Fri Mar 25 00:00:00 EDT 2022,Y,23,28,25,,,,,,,,,
8.371970602591093,5.312678571428571,0.0,4.0,19.2824,52,52.0457,0.0,65.0,0.385,245,-1,0.0,245.0,21.8005,56,55.6236,61.0,0.0,0.398,6.0,3.0,All-Wheel Drive,740,SIDI; PHEV,6,3700,0,Premium and Electricity,Premium Gasoline,8,-1,25.9409,61,60.726,0.0,56.0,0.414,0,0,41373,0,10,BMW,745e xDrive,N,True,0,114,290,0.0,15.68,0.0,17.31,Automatic (S8),26.5,73.9,37.2,0.0,Large Cars,2020,-2250,7 Series,,,T,,Plug-in Hybrid,Electricity,16.0,83 kW AC Induction,BMX,,0.0,,Wed Apr 10 00:00:00 EDT 2019,Fri Mar 25 00:00:00 EDT 2022,Y,25,34,28,,,,,,,,,
0.1104,0.0,0.0,10.0,74.37,0,0.0,0.0,45.3207,0.0,0,-1,0.0,0.0,73.9677,0,0.0,45.5672,0.0,0.0,,,All-Wheel Drive,200,,10,1050,0,Electricity,Electricity,10,-1,73.482,0,0.0,0.0,45.8684,0.0,0,0,41393,0,0,Audi,e-tron,Y,False,0,0,204,205.4,0.0,202.9,0.0,Automatic (A1),100.5,0.0,99.3,0.0,Standard Sport Utility Vehicle 4WD,2019,6750,e-tron,,,,,EV,,,141 and 172 kW Asynchron 3-Phase,VGA,,0.0,,Tue Apr 16 00:00:00 EDT 2019,Wed Feb 02 00:00:00 EST 2022,N,0,0,0,,,,,,,,,
0.1056,0.0,0.0,13.0,79.8,0,0.0,0.0,42.2368,0.0,0,-1,0.0,0.0,76.0705,0,0.0,44.3076,0.0,0.0,,,4-Wheel Drive,590,,10,1000,0,Electricity,Electricity,10,-1,71.96,0,0.0,0.0,46.8385,0.0,0,0,41413,0,0,Jaguar,I-Pace,N,False,0,0,234,244.8,0.0,221.0,0.0,Automatic (A1),113.9926,0.0,102.8212,0.0,Small Sport Utility Vehicle 4WD,2020,7000,I-Pace,,,,,EV,,,147 and 147 kW AC 3-Phase,JLX,,0.0,,Thu May 02 00:00:00 EDT 2019,Tue Mar 24 00:00:00 EDT 2020,N,0,0,0,84.7,,7.7,,11.0,100.0,CCS2,,
0.0624,0.0,0.0,8.5,138.11,0,0.0,0.0,24.4045,0.0,0,-1,0.0,0.0,131.1902,0,0.0,25.6917,0.0,0.0,,,Rear-Wheel Drive,30,,10,600,0,Electricity,Electricity,10,-1,123.62,0,0.0,0.0,27.265,0.0,0,0,41415,0,15,Tesla,Model 3 Standard Range,N,False,0,97,220,230.5,0.0,206.3,0.0,Automatic (A1),197.3,0.0,176.6,0.0,Midsize Cars,2019,9000,Model 3,,,,,EV,,,211 kW AC 3-Phase,TSL,standard charger,0.0,,Thu May 02 00:00:00 EDT 2019,Thu Oct 19 00:00:00 EDT 2023,N,0,0,0,,,,,,,,,
0.06,0.0,0.0,9.5,140.42,0,0.0,0.0,24.003,0.0,0,-1,0.0,0.0,132.7591,0,0.0,25.3881,0.0,0.0,,,Rear-Wheel Drive,31,,10,550,0,Electricity,Electricity,10,-1,124.46,0,0.0,0.0,27.081,0.0,0,0,41416,0,15,Tesla,Model 3 Standard Range Plus,Y,False,0,97,240,253.0,0.0,224.1,0.0,Automatic (A1),200.6,0.0,177.8,0.0,Midsize Cars,2019,9250,Model 3,,,,,EV,,,211 kW AC 3-Phase,TSL,standard charger,0.0,,Thu May 02 00:00:00 EDT 2019,Wed Feb 02 00:00:00 EST 2022,N,0,0,0,,,,,,,,,
0.072,0.0,0.0,12.0,114.9369,0,0.0,0.0,29.3248,0.0,0,-1,0.0,0.0,111.3381,0,0.0,30.2726,0.0,0.0,,,All-Wheel Drive,14,,10,700,0,Electricity,Electricity,10,-1,107.2345,0,0.0,0.0,31.4311,0.0,26,94,41417,0,0,Tesla,Model S Long Range,N,False,0,0,370,381.5,0.0,355.9,0.0,Automatic (A1),153.7,0.0,143.4,0.0,Large Cars,2019,8500,Model S,,,,,EV,,,193 and 205 kW AC 3-Phase,TSL,standard charger,8.0,with 72A high power charger connector option,Thu May 02 00:00:00 EDT 2019,Wed Feb 02 00:00:00 EST 2022,N,0,0,0,95.0,,8.6,,11.0,250.0,NACS,,
0.0768,0.0,0.0,12.0,104.2314,0,0.0,0.0,32.3367,0.0,0,-1,0.0,0.0,103.9244,0,0.0,32.4322,0.0,0.0,,,All-Wheel Drive,22,,10,750,0,Electricity,Electricity,10,-1,103.5516,0,0.0,0.0,32.549,0.0,26,94,41418,0,0,Tesla,Model S Performance (19in Wheels),N,False,0,0,345,346.0,0.0,343.8,0.0,Automatic (A1),138.0,0.0,137.1,0.0,Large Cars,2019,8250,Model S,,,,,EV,,,193 and 205 kW AC 3-Phase,TSL,standard charger,8.0,with 72A high power charger connector option,Thu May 02 00:00:00 EDT 2019,Wed Feb 02 00:00:00 EST 2022,N,0,0,0,,,,,,,,,
0.0839999999999999,0.0,0.0,12.0,98.1135,0,0.0,0.0,34.3531,0.0,0,-1,0.0,0.0,97.0458,0,0.0,34.731,0.0,0.0,,,All-Wheel Drive,12,,10,800,0,Electricity,Electricity,10,-1,95.772,0,0.0,0.0,35.1929,0.0,26,94,41419,0,0,Tesla,Model S Performance (21in Wheels),N,False,0,0,325,328.6,0.0,320.7,0.0,Automatic (A1),129.9,0.0,126.8,0.0,Large Cars,2019,8000,Model S,,,,,EV,,,193 and 205 kW AC 3-Phase,TSL,standard charger,8.0,with 72A high power charger connector option,Thu May 02 00:00:00 EDT 2019,Wed Feb 02 00:00:00 EST 2022,N,0,0,0,,,,,,,,,
2.6297845075471695,2.2369172932330827,0.0,2.0,55.2206,145,145.0834,0.0,23.0,0.553,78,-1,0.0,78.0,54.4329,133,133.2661,25.0,0.0,0.529,4.0,1.8,Front-Wheel Drive,24,PHEV,10,1250,0,Regular Gas and Electricity,Regular Gasoline,10,-1,53.0,121,121.2004,0.0,28.0,0.498,20,91,41489,0,0,Toyota,Prius Prime,Y,True,0,0,640,0.0,27.1,0.0,22.82,Automatic (variable gear ratios),78.8197,207.2622,73.6525,0.0,Midsize Cars,2020,7500,Prius Prime,,,,,Plug-in Hybrid,Electricity,25.0,22 and 53 kW AC Induction,TYX,,0.0,,Tue Jun 04 00:00:00 EDT 2019,Fri Mar 25 00:00:00 EDT 2022,Y,83,72,78,,,,,,,,,
0.0744,0.0,0.0,9.2,113.4413,0,0.0,0.0,29.7114,0.0,0,-1,0.0,0.0,109.3663,0,0.0,30.8184,0.0,0.0,,,All-Wheel Drive,15,,10,700,0,Electricity,Electricity,10,-1,104.7668,0,0.0,0.0,32.1715,0.0,26,94,41513,0,0,Tesla,Model S Standard Range,N,False,0,0,285,295.4316,0.0,272.8643,0.0,Automatic (A1),151.7,0.0,140.1,0.0,Large Cars,2019,8500,Model S,,,,,EV,,,193 and 205 kW AC 3-Phase,TSL,standard charger,6.2,with 72A high power charger connector option,Tue Jun 11 00:00:00 EDT 2019,Wed Feb 02 00:00:00 EST 2022,N,0,0,0,,,,,,,,,
0.0839999999999999,0.0,0.0,12.0,98.7448,0,0.0,0.0,34.1335,0.0,0,-1,0.0,0.0,96.2122,0,0.0,35.0319,0.0,0.0,,,All-Wheel Drive,19,,10,800,0,Electricity,Electricity,10,-1,93.288,0,0.0,0.0,36.13,0.0,0,0,41514,0,0,Tesla,Model X Long Range,N,False,0,0,325,333.2241,0.0,314.8933,0.0,Automatic (A1),132.1,0.0,124.8,0.0,Standard Sport Utility Vehicle 4WD,2019,8000,Model X,,,,,EV,,,"193 (front), 205/375 (rear) kW ACPM",TSL,standard charger,8.0,with 72A high power charger connector option,Tue Jun 11 00:00:00 EDT 2019,Wed Feb 02 00:00:00 EST 2022,N,0,0,0,95.0,,8.6,,11.0,250.0,NACS,,
0.1032,0.0,0.0,12.0,80.0673,0,0.0,0.0,42.0959,0.0,0,-1,0.0,0.0,78.731,0,0.0,42.8103,0.0,0.0,,,All-Wheel Drive,21,,10,950,0,Electricity,Electricity,10,-1,77.1571,0,0.0,0.0,43.6836,0.0,0,0,41515,0,0,Tesla,Model X Performance (22in Wheels),N,False,0,0,270,274.2684,0.0,264.2426,0.0,Automatic (A1),107.3,0.0,103.4,0.0,Standard Sport Utility Vehicle 4WD,2019,7250,Model X,,,,,EV,,,"193 (front), 205/375 (rear) kW ACPM",TSL,standard charger,8.0,with 72A high power charger connector option,Tue Jun 11 00:00:00 EDT 2019,Wed Feb 02 00:00:00 EST 2022,N,0,0,0,,,,,,,,,
3.172142476363636,2.945643564356436,0.0,2.7,38.9306,103,103.0328,0.0,33.0,0.571,97,-1,0.0,97.0,41.1024,101,101.4343,33.0,0.0,0.568,4.0,2.0,Front-Wheel Drive,15,SIDI; PHEV,10,1650,0,Regular Gas and Electricity,Regular Gasoline,10,-1,44.11,100,99.5467,0.0,34.0,0.564,0,0,41529,0,10,Kia,Optima Plug-in Hybrid,Y,True,0,105,630,0.0,28.69,0.0,28.07,Automatic (AM6),54.6,147.1,61.4,0.0,Midsize Cars,2020,6250,Optima,,,,,Plug-in Hybrid,Electricity,28.0,50kW IPMSM,KMX,,0.0,,Tue Jun 18 00:00:00 EDT 2019,Fri Mar 25 00:00:00 EDT 2022,Y,59,64,61,,,,,,,,,
3.334899542790698,2.888446601941748,0.0,2.6,42.9,109,108.8605,0.0,31.0,0.564,99,-1,0.0,99.0,41.7,103,103.4289,33.0,0.0,0.542,4.0,2.0,Front-Wheel Drive,94,PHEV,10,1600,0,Regular Gas and Electricity,Regular Gasoline,10,-1,40.3,97,97.4841,0.0,35.0,0.512,0,0,41899,0,8,Ford,Fusion Energi Plug-in Hybrid,N,True,0,103,610,0.0,28.07,0.0,23.86,Automatic (variable gear ratios),60.4,155.5,59.8,0.0,Midsize Cars,2020,6250,Fusion,,,,,Plug-in Hybrid,Electricity,26.0,68 kW DCPM,FMX,,0.0,,Tue Aug 20 00:00:00 EDT 2019,Fri Mar 25 00:00:00 EDT 2022,Y,65,57,61,,,,,,,,,
3.3436921555813957,2.916764705882353,0.0,2.6,42.9,106,106.3762,0.0,31.0,0.558,101,-1,0.0,101.0,41.5,102,101.7896,33.0,0.0,0.54,4.0,2.0,Front-Wheel Drive,95,PHEV,10,1600,0,Regular Gas and Electricity,Regular Gasoline,10,-1,40.0,97,96.694,0.0,34.0,0.516,0,0,41900,0,8,Ford,Fusion Special Service PHEV,N,True,0,103,610,0.0,27.51,0.0,24.18,Automatic (variable gear ratios),60.3,151.9,59.4,0.0,Midsize Cars,2020,6250,Fusion,,,,,Plug-in Hybrid,Electricity,26.0,68 kW DCPM,FMX,,0.0,,Tue Aug 20 00:00:00 EDT 2019,Fri Mar 25 00:00:00 EDT 2022,Y,63,57,60,,,,,,,,,
9.527247940909092,0.1727999999999999,0.0,3.0,19.8767,46,46.0163,0.0,73.0,0.338,284,-1,0.0,284.0,20.9305,46,45.8291,72.0,0.0,0.336,6.0,3.0,All-Wheel Drive,441,SIDI; PHEV,5,3900,1600,Premium Gas or Electricity,Premium Gasoline,7,-1,22.3807,46,45.6023,0.0,71.0,0.334,0,0,41901,0,0,Porsche,Cayenne e-Hybrid,N,False,0,0,430,0.0,13.18,0.0,12.96,Automatic (S8),25.1,64.3,31.2,0.0,Standard Sport Utility Vehicle 4WD,2019,-3750,Cayenne,,,T,,Plug-in Hybrid,Electricity,13.0,99 kW DC Brushless,PRX,,0.0,,Tue Aug 20 00:00:00 EDT 2019,Fri Mar 25 00:00:00 EDT 2022,Y,24,27,25,,,,,,,,,
4.022632882758621,3.6281707317073177,0.0,2.0,29.4158,87,86.8853,0.0,39.0,0.63,119,-1,0.0,119.0,29.5207,82,81.6625,41.0,0.0,0.609,6.0,3.6,Front-Wheel Drive,544,PHEV,10,2250,0,Regular Gas and Electricity,Regular Gasoline,10,-1,29.6499,76,76.0734,0.0,45.0,0.58,0,0,41943,0,0,Chrysler,Pacifica Hybrid,Y,True,0,0,520,0.0,34.39,0.0,29.49,Automatic (variable gear ratios),42.7429,123.9,42.7998,0.0,Minivan - 2WD,2020,4750,Pacifica,,,,,Plug-in Hybrid,Electricity,32.0,89 kW AC Induction,CRX,,0.0,,Mon Aug 26 00:00:00 EDT 2019,Fri Mar 25 00:00:00 EDT 2022,Y,50,45,48,,,,,,,,,
5.101057672987013,4.311739130434783,0.0,3.0,28.1,70,74.1187,0.1,46.0,0.492,155,-1,0.0,155.0,30.3,69,73.1025,47.0,0.1,0.49,4.0,2.0,All-Wheel Drive,130,SIDI; PHEV,9,2700,0,Premium and Electricity,Premium Gasoline,10,-1,33.5,68,71.8976,0.1,48.0,0.488,0,0,41944,0,12,Volvo,S60 AWD PHEV,N,True,0,93,510,0.0,22.4,0.0,22.08,Automatic (S8),36.8,105.3,48.5,0.0,Compact Cars,2020,2250,S60,,,T,S,Plug-in Hybrid,Electricity,22.0,34 and 65 kW 3-phase Sync.,VVX,,0.0,,Mon Aug 26 00:00:00 EDT 2019,Fri Jun 23 00:00:00 EDT 2023,Y,40,44,42,,,,,,,,,
5.361377095092165,4.9585,0.0,3.0,28.3,58,60.8527,0.1,51.0,0.479,163,-1,0.0,163.0,29.7,60,63.6077,50.0,0.1,0.478,4.0,2.0,All-Wheel Drive,110,SIDI; PHEV,9,2700,0,Premium and Electricity,Premium Gasoline,10,-1,31.5,64,67.3336,0.1,50.0,0.477,0,0,41945,0,14,Volvo,S90 AWD PHEV,N,True,0,102,490,0.0,21.51,0.0,21.34,Automatic (S8),37.2,86.7,45.3,0.0,Midsize Cars,2020,1750,S90,,,T,S,Plug-in Hybrid,Electricity,21.0,34 and 65 kW 3-phase Sync.,VVX,,0.0,,Mon Aug 26 00:00:00 EDT 2019,Fri Jun 23 00:00:00 EDT 2023,Y,38,42,40,,,,,,,,,
5.101057672987013,4.311739130434783,0.0,3.0,28.1,70,74.1187,0.1,46.0,0.492,155,-1,0.0,155.0,30.3,69,73.1025,47.0,0.1,0.49,4.0,2.0,All-Wheel Drive,136,SIDI; PHEV,9,2700,0,Premium and Electricity,Premium Gasoline,10,-1,33.5,68,71.8976,0.1,48.0,0.488,0,0,41946,0,29,Volvo,V60 AWD PHEV,Y,True,0,94,510,0.0,22.4,0.0,22.08,Automatic (S8),36.8,105.3,48.5,0.0,Small Station Wagons,2020,2250,V60,,,T,S,Plug-in Hybrid,Electricity,22.0,34 and 65 kW 3-phase Sync.,VVX,,0.0,,Mon Aug 26 00:00:00 EDT 2019,Fri Jun 23 00:00:00 EDT 2023,Y,40,44,42,,,,,,,,,
6.320847309395606,5.219473684210526,0.0,3.0,25.5,56,59.2557,0.1,58.0,0.439,196,-1,0.0,196.0,26.6,57,59.5329,57.0,0.1,0.435,4.0,2.0,All-Wheel Drive,123,SIDI; PHEV,8,3050,0,Premium and Electricity,Premium Gasoline,10,-1,28.1,57,59.8752,0.1,57.0,0.429,0,0,41947,0,30,Volvo,XC60 AWD PHEV,N,True,0,103,520,0.0,27.1,0.0,22.82,Automatic (S8),33.1,83.7,40.0,0.0,Small Sport Utility Vehicle 4WD,2020,500,XC60,,,T,S,Plug-in Hybrid,Electricity,19.0,34 and 65 kW 3-phase Sync.,VVX,,0.0,,Mon Aug 26 00:00:00 EDT 2019,Fri Jun 23 00:00:00 EDT 2023,Y,33,36,34,,,,,,,,,
6.372832987252747,5.409272727272728,0.0,3.0,26.0,58,61.1681,0.1,55.0,0.439,197,-1,0.0,197.0,26.8,55,58.3784,58.0,0.1,0.43,4.0,2.0,All-Wheel Drive,54,SIDI; PHEV,8,3050,0,Premium and Electricity,Premium Gasoline,10,-1,28.0,52,55.2961,0.1,61.0,0.418,0,0,41948,0,47,Volvo,XC90 AWD PHEV,N,True,0,104,520,0.0,27.1,0.0,22.82,Automatic (S8),33.7,86.4,39.8,0.0,Standard Sport Utility Vehicle 4WD,2020,250,XC90,,,T,S,Plug-in Hybrid,Electricity,18.0,34 and 65 kW 3-phase Sync.,VVX,,0.0,,Mon Aug 26 00:00:00 EDT 2019,Fri Jun 23 00:00:00 EDT 2023,Y,34,35,34,,,,,,,,,
5.294334166917294,0.1344,0.0,3.75,19.4,59,59.4701,0.0,56.0,0.65,156,-1,0.0,156.0,20.1,60,60.1731,56.0,0.0,0.653,4.0,2.0,Rear-Wheel Drive,1,PHEV,8,4100,1250,Premium Gas or Electricity,Premium Gasoline,10,-1,20.9,61,61.0553,0.0,55.0,0.656,0,0,41978,0,7,Karma,Revero,N,False,0,89,240,0.0,36.64,0.0,37.29,Automatic (A1),24.3,84.9,28.4,0.0,Subcompact Cars,2019,750,Revero,,,T,,Plug-in Hybrid,Electricity,37.0,150 and 150 kw DCPM,KAL,,0.0,,Thu Aug 29 00:00:00 EDT 2019,Thu Oct 19 00:00:00 EDT 2023,Y,34,36,35,,,,,,,,,
0.1128,0.0,0.0,5.0,73.15,0,0.0,0.0,46.0766,0.0,0,-1,0.0,0.0,72.2873,0,0.0,46.6265,0.0,0.0,,,Front-Wheel Drive,1,,10,1050,0,Electricity,Electricity,10,-1,71.26,0,0.0,0.0,47.2986,0.0,16,88,42088,0,0,BYD,e6,N,False,0,0,187,188.7,0.0,184.3,0.0,Automatic (A1),104.5,0.0,101.8,0.0,Small Sport Utility Vehicle 2WD,2020,6750,e6,,,,,EV,,,75 kW DCPM,BYD,,0.0,,Tue Sep 17 00:00:00 EDT 2019,Tue Sep 17 00:00:00 EDT 2019,N,0,0,0,,,,,,,,,
0.0648,0.0,0.0,9.0,136.85,0,0.0,0.0,24.6292,0.0,0,-1,0.0,0.0,122.6523,0,0.0,27.4801,0.0,0.0,,,Front-Wheel Drive,47,,10,600,0,Electricity,Electricity,10,-1,108.85,0,0.0,0.0,30.9646,0.0,0,0,42089,0,0,Hyundai,Kona Electric,Y,False,0,0,258,284.1242,0.0,226.0235,0.0,Automatic (A1),195.5,0.0,155.5,0.0,Small Sport Utility Vehicle 2WD,2020,9000,Kona,,,,,EV,,,150 kW AC PMSM,HYX,,0.0,,Tue Sep 17 00:00:00 EDT 2019,Wed Feb 02 00:00:00 EST 2022,N,0,0,0,58.0,,8.1,,7.2,100.0,CCS2,,
5.7872400251612905,4.311739130434783,0.0,3.0,24.7865,65,65.125,0.0,48.0,0.467,170,-1,0.0,170.0,27.0819,69,69.2106,47.0,0.0,0.473,4.0,2.0,Rear-Wheel Drive,536,SIDI; PHEV,8,3050,0,Premium and Electricity,Premium Gasoline,10,-1,30.5383,75,74.958,0.0,45.0,0.48,0,0,42108,0,10,BMW,530e,N,True,0,99,350,0.0,20.66,0.0,21.56,Automatic (S8),33.6,93.0,43.8,0.0,Compact Cars,2020,1750,5 Series,,,T,,Plug-in Hybrid,Electricity,21.0,83kW DCPM,BMX,,0.0,,Wed Sep 25 00:00:00 EDT 2019,Fri Mar 25 00:00:00 EDT 2022,Y,35,42,38,,,,,,,,,
6.669878286386807,4.577076923076923,0.0,3.0,22.8497,62,62.3633,0.0,54.0,0.427,193,-1,0.0,193.0,25.332,65,64.8805,52.0,0.0,0.437,4.0,2.0,All-Wheel Drive,537,SIDI; PHEV,8,3250,0,Premium and Electricity,Premium Gasoline,10,-1,29.2106,68,68.2473,0.0,49.0,0.45,0,0,42109,0,10,BMW,530e xDrive,Y,True,0,99,330,0.0,18.1,0.0,19.53,Automatic (S8),31.6,88.1,41.7,0.0,Compact Cars,2020,250,5 Series,,,T,,Plug-in Hybrid,Electricity,19.0,83kW DCPM,BMX,,0.0,,Wed Sep 25 00:00:00 EDT 2019,Fri Mar 25 00:00:00 EDT 2022,Y,31,39,34,,,,,,,,,
6.03678237,4.0204054054054055,0.0,3.5,25.0,78,78.0284,0.0,43.0,0.505,174,-1,0.0,174.0,25.0,74,75.8321,45.0,0.0,0.488,4.0,2.0,All-Wheel Drive,215,PHEV,8,2700,0,Regular Gas and Electricity,Regular Gasoline,10,-1,26.0,70,73.31,0.0,47.0,0.467,0,0,42110,0,0,Mitsubishi,Outlander PHEV,Y,True,0,0,310,0.0,23.34,0.0,20.66,Automatic (A1),38.2361,110.9,40.6671,0.0,Small Sport Utility Vehicle 4WD,2020,2750,Outlander,,,,,Plug-in Hybrid,Electricity,22.0,60 kW DCPM,MTX,,0.0,,Wed Sep 25 00:00:00 EDT 2019,Fri Mar 25 00:00:00 EDT 2022,Y,38,37,38,,,,,,,,,
9.579767994545456,0.1583999999999999,0.0,3.0,19.2,46,46.0129,0.0,72.0,0.335,289,-1,0.0,289.0,20.4,48,48.2748,66.0,0.0,0.354,8.0,4.0,All-Wheel Drive,651,SIDI; PHEV,5,4100,1500,Premium Gas or Electricity,Premium Gasoline,7,-1,22.1,51,51.3606,0.0,58.0,0.376,0,0,42111,0,16,Porsche,Panamera Turbo S e-Hybrid,N,False,0,108,450,0.0,13.05,0.0,15.19,Automatic (AM-S8),24.1,64.1,30.8,0.0,Large Cars,2020,-3750,Panamera,,,T,,Plug-in Hybrid,Electricity,14.0,70 kW DC Brushless,PRX,,0.0,,Wed Sep 25 00:00:00 EDT 2019,Fri Mar 25 00:00:00 EDT 2022,Y,23,28,25,,,,,,,,,
9.579767994545456,0.1583999999999999,0.0,3.0,19.2,46,46.0129,0.0,72.0,0.335,289,-1,0.0,289.0,20.4,48,48.2748,66.0,0.0,0.354,8.0,4.0,All-Wheel Drive,652,SIDI; PHEV,5,4100,1500,Premium Gas or Electricity,Premium Gasoline,7,-1,22.1,51,51.3606,0.0,58.0,0.376,0,0,42112,0,16,Porsche,Panamera Turbo S e-Hybrid Executive,N,False,0,108,450,0.0,13.05,0.0,15.19,Automatic (AM-S8),24.1,64.1,30.8,0.0,Large Cars,2020,-3750,Panamera,,,T,,Plug-in Hybrid,Electricity,14.0,70 kW DC Brushless,PRX,,0.0,,Wed Sep 25 00:00:00 EDT 2019,Fri Mar 25 00:00:00 EDT 2022,Y,23,28,25,,,,,,,,,
9.579767994545456,0.1583999999999999,0.0,3.0,19.2,46,46.0129,0.0,72.0,0.335,289,-1,0.0,289.0,20.4,48,48.2748,66.0,0.0,0.354,8.0,4.0,All-Wheel Drive,653,SIDI; PHEV,5,4100,1500,Premium Gas or Electricity,Premium Gasoline,7,-1,22.1,51,51.3606,0.0,58.0,0.376,0,0,42113,0,16,Porsche,Panamera Turbo S e-Hybrid ST,N,False,0,108,450,0.0,13.05,0.0,15.19,Automatic (AM-S8),24.1,64.1,30.8,0.0,Large Cars,2020,-3750,Panamera,,,T,,Plug-in Hybrid,Electricity,14.0,70 kW DC Brushless,PRX,,0.0,,Wed Sep 25 00:00:00 EDT 2019,Fri Mar 25 00:00:00 EDT 2022,Y,23,28,25,,,,,,,,,
0.0696,0.0,0.0,10.0,127.19,0,0.0,0.0,26.4997,0.0,0,-1,0.0,0.0,117.6,0,0.0,28.6629,0.0,0.0,,,Front-Wheel Drive,101,,10,650,0,Electricity,Electricity,10,-1,107.66,0,0.0,0.0,31.3069,0.0,0,0,42191,0,17,Chevrolet,Bolt EV,Y,False,0,94,259,277.7,0.0,235.1,0.0,Automatic (variable gear ratios),181.7,0.0,153.8,0.0,Small Station Wagons,2020,8750,Bolt EV,,,,,EV,,,150 kW ACPM,GMX,,0.0,,Wed Oct 16 00:00:00 EDT 2019,Wed Feb 02 00:00:00 EST 2022,N,0,0,0,65.0,,9.0,,7.2,55.0,CCS,,
6.774521580879121,4.64859375,0.0,1.3,20.697,58,58.6573,0.0,59.0,0.453,205,-1,0.0,205.0,22.8263,64,52.7791,53.0,0.0,0.487,4.0,3.0,Rear-Wheel Drive,560,SIDI; PHEV,8,3550,0,Premium and Electricity,Premium Gasoline,9,-1,26.1094,73,45.5947,0.0,46.0,0.524,0,0,42209,0,9,Mercedes-Benz,S560e,N,True,0,112,510,0.0,19.76,0.0,24.77,Automatic 9-spd,28.7,82.4,41.0,0.0,Large Cars,2019,0,S-Class,,,T,,Plug-in Hybrid,Electricity,19.0,90 kW DCPM,MBX,,0.0,,Thu Oct 24 00:00:00 EDT 2019,Fri Mar 25 00:00:00 EDT 2022,Y,29,39,33,,,,,,,,,
0.06,0.0,0.0,5.8,144.62,0,0.0,0.0,23.3059,0.0,0,-1,0.0,0.0,132.768,0,0.0,25.3864,0.0,0.0,,,Front-Wheel Drive,53,,10,550,0,Electricity,Electricity,10,-1,120.68,0,0.0,0.0,27.9292,0.0,0,0,42273,0,23,Hyundai,Ioniq Electric,N,False,0,96,170,183.8,0.0,153.3,0.0,Automatic (A1),206.6,0.0,172.4,0.0,Midsize Cars,2020,9250,Ioniq,,,,,EV,,,100 kW AC PMSM,HYX,,0.0,,Tue Nov 05 00:00:00 EST 2019,Thu Oct 19 00:00:00 EDT 2023,N,0,0,0,,,,,,,,,
0.0624,0.0,0.0,10.0,136.5,0,0.0,0.0,24.6923,0.0,0,-1,0.0,0.0,130.2464,0,0.0,25.8779,0.0,0.0,,,Rear-Wheel Drive,33,,10,600,0,Electricity,Electricity,10,-1,123.34,0,0.0,0.0,27.3269,0.0,0,0,42274,0,15,Tesla,Model 3 Long Range,N,False,0,97,330,345.0,0.0,311.7,0.0,Automatic (A1),195.0,0.0,176.2,0.0,Midsize Cars,2020,9000,Model 3,,,,,EV,,,211 kW AC 3-Phase,TSL,standard charger,8.5,with 48A high power charger connector option,Tue Nov 05 00:00:00 EST 2019,Wed Feb 02 00:00:00 EST 2022,N,0,0,0,75.0,,6.8,,11.0,250.0,NACS,,
0.0672,0.0,0.0,10.0,124.1,0,0.0,0.0,27.1563,0.0,0,-1,0.0,0.0,120.5,0,0.0,27.9607,0.0,0.0,,,All-Wheel Drive,35,,10,650,0,Electricity,Electricity,10,-1,116.4,0,0.0,0.0,28.9438,0.0,0,0,42275,0,15,Tesla,Model 3 Long Range AWD,Y,False,0,97,322,331.1,0.0,310.6,0.0,Automatic (A1),176.5,0.0,159.1,0.0,Midsize Cars,2020,8750,Model 3,,,,,EV,,,147 and 188 kW AC 3-Phase,TSL,standard charger,8.5,with 48A high power charger connector option,Tue Nov 05 00:00:00 EST 2019,Wed Feb 02 00:00:00 EST 2022,N,0,0,0,75.0,,6.8,,11.0,250.0,NACS,,
0.0648,0.0,0.0,10.0,127.68,0,0.0,0.0,26.398,0.0,0,-1,0.0,0.0,122.6274,0,0.0,27.4857,0.0,0.0,,,Rear-Wheel Drive,32,,10,600,0,Electricity,Electricity,10,-1,116.97,0,0.0,0.0,28.8151,0.0,0,0,42276,0,15,Tesla,Model 3 Mid Range,N,False,0,97,264,274.1,0.0,251.2,0.0,Automatic (A1),182.4,0.0,167.1,0.0,Midsize Cars,2020,9000,Model 3,,,,,EV,,,211 kW AC 3-Phase,TSL,standard charger,8.5,with 48A high power charger connector option,Tue Nov 05 00:00:00 EST 2019,Wed Feb 02 00:00:00 EST 2022,N,0,0,0,,,,,,,,,
0.0624,0.0,0.0,8.5,138.11,0,0.0,0.0,24.4045,0.0,0,-1,0.0,0.0,131.1902,0,0.0,25.6917,0.0,0.0,,,Rear-Wheel Drive,30,,10,600,0,Electricity,Electricity,10,-1,123.62,0,0.0,0.0,27.265,0.0,0,0,42277,0,15,Tesla,Model 3 Standard Range,N,False,0,97,220,230.5,0.0,206.3,0.0,Automatic (A1),197.3,0.0,176.6,0.0,Midsize Cars,2020,9000,Model 3,,,,,EV,,,211 kW AC 3-Phase,TSL,standard charger,0.0,,Tue Nov 05 00:00:00 EST 2019,Wed Feb 02 00:00:00 EST 2022,N,0,0,0,,,,,,,,,
0.0576,0.0,0.0,8.5,148.4372,0,0.0,0.0,22.7066,0.0,0,-1,0.0,0.0,140.5603,0,0.0,23.979,0.0,0.0,,,Rear-Wheel Drive,31,,10,550,0,Electricity,Electricity,10,-1,131.9991,0,0.0,0.0,25.5343,0.0,0,0,42278,0,15,Tesla,Model 3 Standard Range Plus,N,False,0,97,250,260.9,0.0,232.1,0.0,Automatic (A1),210.4,0.0,187.1,0.0,Midsize Cars,2020,9250,Model 3,,,,,EV,,,211 kW AC 3-Phase,TSL,standard charger,0.0,,Tue Nov 05 00:00:00 EST 2019,Wed Feb 02 00:00:00 EST 2022,N,0,0,0,,,,,,,,,
0.0672,0.0,0.0,10.0,124.0,0,0.0,0.0,27.0,0.0,0,-1,0.0,0.0,121.0,0,0.0,28.0,0.0,0.0,,,All-Wheel Drive,36,,10,650,0,Electricity,Electricity,10,-1,116.0,0,0.0,0.0,29.0,0.0,0,0,42279,0,15,Tesla,Model 3 Long Range Performance AWD (18in),N,False,0,97,322,332.1556,0.0,319.1864,0.0,Automatic (A1),182.7,0.0,170.2,0.0,Midsize Cars,2020,8750,Model 3,,,,,EV,,,147 and 211 kW AC 3-Phase,TSL,standard charger,8.5,with 48A high power charger connector option,Tue Nov 05 00:00:00 EST 2019,Wed Feb 02 00:00:00 EST 2022,N,0,0,0,,,,,,,,,
0.0696,0.0,0.0,10.0,118.8673,0,0.0,0.0,28.3552,0.0,0,-1,0.0,0.0,115.7185,0,0.0,29.1267,0.0,0.0,,,All-Wheel Drive,37,,10,650,0,Electricity,Electricity,10,-1,112.0894,0,0.0,0.0,30.0697,0.0,0,0,42280,0,15,Tesla,Model 3 Long Range Performance AWD (19in),N,False,0,97,304,312.1,0.0,294.4,0.0,Automatic (A1),163.1,0.0,153.8,0.0,Midsize Cars,2020,8750,Model 3,,,,,EV,,,147 and 211 kW AC 3-Phase,TSL,standard charger,8.5,with 48A high power charger connector option,Tue Nov 05 00:00:00 EST 2019,Wed Feb 02 00:00:00 EST 2022,N,0,0,0,,,,,,,,,
0.072,0.0,0.0,10.0,117.9575,0,0.0,0.0,28.5739,0.0,0,-1,0.0,0.0,112.8023,0,0.0,29.8797,0.0,0.0,,,All-Wheel Drive,38,,10,650,0,Electricity,Electricity,10,-1,107.0825,0,0.0,0.0,31.4757,0.0,0,0,42281,0,15,Tesla,Model 3 Long Range Performance AWD (20in),Y,False,0,97,299,312.1146,0.0,283.3343,0.0,Automatic (A1),162.7,0.0,147.7,0.0,Midsize Cars,2020,8750,Model 3,,,,,EV,,,147 and 211 kW AC 3-Phase,TSL,standard charger,8.5,with 48A high power charger connector option,Tue Nov 05 00:00:00 EST 2019,Wed Feb 02 00:00:00 EST 2022,N,0,0,0,,,,,,,,,
0.072,0.0,0.0,12.0,114.9369,0,0.0,0.0,29.3248,0.0,0,-1,0.0,0.0,111.3381,0,0.0,30.2726,0.0,0.0,,,All-Wheel Drive,14,,10,700,0,Electricity,Electricity,10,-1,107.2345,0,0.0,0.0,31.4311,0.0,26,94,42282,0,0,Tesla,Model S Long Range,N,False,0,0,373,384.3318,0.0,358.5551,0.0,Automatic (A1),153.7,0.0,143.4,0.0,Large Cars,2020,8500,Model S,,,,,EV,,,193 and 205 kW AC 3-Phase,TSL,standard charger,8.0,with 72A high power charger connector option,Tue Nov 05 00:00:00 EST 2019,Wed Feb 02 00:00:00 EST 2022,N,0,0,0,95.0,,8.6,,11.0,250.0,NACS,,
0.0768,0.0,0.0,12.0,104.2314,0,0.0,0.0,32.3367,0.0,0,-1,0.0,0.0,103.9244,0,0.0,32.4322,0.0,0.0,,,All-Wheel Drive,22,,10,750,0,Electricity,Electricity,10,-1,103.5516,0,0.0,0.0,32.549,0.0,26,94,42283,0,0,Tesla,Model S Performance (19in Wheels),N,False,0,0,348,349.2432,0.0,346.9773,0.0,Automatic (A1),138.0,0.0,137.1,0.0,Large Cars,2020,8250,Model S,,,,,EV,,,193 and 205 kW AC 3-Phase,TSL,standard charger,8.0,with 72A high power charger connector option,Tue Nov 05 00:00:00 EST 2019,Wed Feb 02 00:00:00 EST 2022,N,0,0,0,,,,,,,,,
0.0839999999999999,0.0,0.0,12.0,98.1135,0,0.0,0.0,34.3531,0.0,0,-1,0.0,0.0,97.0458,0,0.0,34.731,0.0,0.0,,,All-Wheel Drive,12,,10,800,0,Electricity,Electricity,10,-1,95.772,0,0.0,0.0,35.1929,0.0,26,94,42284,0,0,Tesla,Model S Performance (21in Wheels),N,False,0,0,326,329.8471,0.0,321.924,0.0,Automatic (A1),129.9,0.0,126.8,0.0,Large Cars,2020,8000,Model S,,,,,EV,,,193 and 205 kW AC 3-Phase,TSL,standard charger,8.0,with 72A high power charger connector option,Tue Nov 05 00:00:00 EST 2019,Wed Feb 02 00:00:00 EST 2022,N,0,0,0,,,,,,,,,
0.0744,0.0,0.0,9.2,113.4413,0,0.0,0.0,29.7114,0.0,0,-1,0.0,0.0,109.3663,0,0.0,30.8184,0.0,0.0,,,All-Wheel Drive,15,,10,700,0,Electricity,Electricity,10,-1,104.7668,0,0.0,0.0,32.1715,0.0,26,94,42285,0,0,Tesla,Model S Standard Range,N,False,0,0,287,297.5048,0.0,274.7791,0.0,Automatic (A1),151.7,0.0,140.1,0.0,Large Cars,2020,8500,Model S,,,,,EV,,,193 and 205 kW AC 3-Phase,TSL,standard charger,6.2,with 72A high power charger connector option,Tue Nov 05 00:00:00 EST 2019,Wed Feb 02 00:00:00 EST 2022,N,0,0,0,,,,,,,,,
0.0839999999999999,0.0,0.0,12.0,98.7448,0,0.0,0.0,34.1335,0.0,0,-1,0.0,0.0,96.2122,0,0.0,35.0319,0.0,0.0,,,All-Wheel Drive,19,,10,800,0,Electricity,Electricity,10,-1,93.288,0,0.0,0.0,36.13,0.0,0,0,42286,0,0,Tesla,Model X Long Range,N,False,0,0,328,336.3,0.0,317.8,0.0,Automatic (A1),132.1,0.0,124.8,0.0,Standard Sport Utility Vehicle 4WD,2020,8000,Model X,,,,,EV,,,193 and 205 kW AC 3-Phase,TSL,standard charger,8.0,with 72A high power charger connector option,Tue Nov 05 00:00:00 EST 2019,Wed Feb 02 00:00:00 EST 2022,N,0,0,0,95.0,,8.6,,11.0,250.0,NACS,,
0.0911999999999999,0.0,0.0,12.0,90.2902,0,0.0,0.0,37.3296,0.0,0,-1,0.0,0.0,89.7149,0,0.0,37.569,0.0,0.0,,,All-Wheel Drive,20,,10,850,0,Electricity,Electricity,10,-1,89.0217,0,0.0,0.0,37.8616,0.0,0,0,42287,0,0,Tesla,Model X Performance (20in Wheels),N,False,0,0,305,306.6,0.0,302.2,0.0,Automatic (A1),121.0,0.0,119.3,0.0,Standard Sport Utility Vehicle 4WD,2020,7750,Model X,,,,,EV,,,205 and 375 kW AC 3-Phase,TSL,standard charger,8.0,with 72A high power charger connector option,Tue Nov 05 00:00:00 EST 2019,Wed Feb 02 00:00:00 EST 2022,N,0,0,0,,,,,,,,,
0.1032,0.0,0.0,12.0,80.0673,0,0.0,0.0,42.0959,0.0,0,-1,0.0,0.0,78.731,0,0.0,42.8103,0.0,0.0,,,All-Wheel Drive,21,,10,950,0,Electricity,Electricity,10,-1,77.1571,0,0.0,0.0,43.6836,0.0,0,0,42288,0,0,Tesla,Model X Performance (22in Wheels),N,False,0,0,272,276.3,0.0,266.2,0.0,Automatic (A1),107.3,0.0,103.4,0.0,Standard Sport Utility Vehicle 4WD,2020,7250,Model X,,,,,EV,,,205 and 375 kW AC 3-Phase,TSL,standard charger,8.0,with 72A high power charger connector option,Tue Nov 05 00:00:00 EST 2019,Wed Feb 02 00:00:00 EST 2022,N,0,0,0,,,,,,,,,
0.0791999999999999,0.0,0.0,9.2,104.65,0,0.0,0.0,32.2074,0.0,0,-1,0.0,0.0,101.3306,0,0.0,33.2624,0.0,0.0,,,All-Wheel Drive,23,,10,750,0,Electricity,Electricity,10,-1,97.5488,0,0.0,0.0,34.552,0.0,0,0,42289,0,0,Tesla,Model X Standard Range,N,False,0,0,258,265.9,0.0,247.9,0.0,Automatic (A1),140.0,0.0,130.5,0.0,Standard Sport Utility Vehicle 4WD,2020,8250,Model X,,,,,EV,,,193 and 205 kW AC 3-Phase,TSL,standard charger,6.2,with 72A high power charger connector option,Tue Nov 05 00:00:00 EST 2019,Wed Feb 02 00:00:00 EST 2022,N,0,0,0,,,,,,,,,
2.4662927731349784,2.5000840336134456,0.0,2.3,52.9498,123,123.0142,0.0,27.0,0.589,74,-1,0.0,74.0,52.3231,119,118.7676,28.0,0.0,0.572,4.0,1.6,Front-Wheel Drive,52,SIDI; PHEV,10,1300,0,Regular Gas and Electricity,Regular Gasoline,10,-1,51.5769,114,113.9593,0.0,30.0,0.55,23,96,42290,0,0,Hyundai,Ioniq Plug-in Hybrid,Y,True,0,0,630,0.0,30.25,0.0,26.87,Automatic (AM6),71.6,175.7,72.3,0.0,Midsize Cars,2020,7500,Ioniq,,,,,Plug-in Hybrid,Electricity,29.0,45kW IPMSM,HYX,,0.0,,Tue Nov 05 00:00:00 EST 2019,Fri Mar 25 00:00:00 EDT 2022,Y,78,74,76,,,,,,,,,
2.412197597777778,0.1152,0.0,6.25,26.7,71,71.0509,0.0,47.0,0.8,70,-1,0.0,70.0,25.8,70,70.1675,48.0,0.0,0.797,3.0,1.5,Rear-Wheel Drive,1,SIDI; PHEV,10,3150,1100,Premium Gas or Electricity,Premium Gasoline,10,-1,24.9,69,69.1172,0.0,49.0,0.793,0,0,42291,0,5,Karma,Revero GT (21-inch wheels),N,False,0,87,330,0.0,62.0,0.0,60.28,Automatic (A1),32.6,101.5,36.8,0.0,Subcompact Cars,2020,4500,Revero,,,T,,Plug-in Hybrid,Electricity,61.0,175 and 175 kw DCPM,KAL,,0.0,,Tue Nov 05 00:00:00 EST 2019,Thu Oct 19 00:00:00 EDT 2023,Y,53,50,52,,,,,,,,,
4.932866275476191,3.3056666666666668,0.0,2.0,35.6,99,99.3569,0.0,34.0,0.443,151,-1,0.0,151.0,35.1,90,89.6953,38.0,0.0,0.417,4.0,2.0,All-Wheel Drive,35,SIDI; PHEV,10,1950,0,Regular Gas and Electricity,Regular Gasoline,10,-1,34.5,80,80.1674,0.0,42.0,0.382,0,0,42292,0,0,Subaru,Crosstrek Hybrid AWD,Y,True,0,0,480,0.0,19.11,0.0,15.52,Automatic (variable gear ratios),51.8,141.9,50.1,0.0,Small Sport Utility Vehicle 4WD,2020,4750,Crosstrek,,,,,Plug-in Hybrid,Electricity,17.0,88 kW AC Induction,FJX,,0.0,,Tue Nov 05 00:00:00 EST 2019,Fri Mar 25 00:00:00 EDT 2022,Y,49,43,46,,,,,,,,,
3.0231256305681824,2.8334285714285716,0.0,2.25,48.1489,110,109.9126,0.0,30.0,0.559,90,-1,0.0,90.0,46.4127,105,104.8838,32.0,0.0,0.54,4.0,1.6,Front-Wheel Drive,38,SIDI; PHEV,10,1450,0,Regular Gas and Electricity,Regular Gasoline,10,-1,44.4535,99,99.3294,0.0,34.0,0.514,0,0,42354,0,19,Kia,Niro Plug-in Hybrid,Y,True,0,101,560,0.0,27.65,0.0,24.02,Automatic (AM6),63.9,157.0,61.8,0.0,Small Station Wagons,2020,6750,Niro,,,,,Plug-in Hybrid,Electricity,26.0,45kW IPMSM,KMX,,0.0,,Wed Nov 27 00:00:00 EST 2019,Fri Mar 25 00:00:00 EDT 2022,Y,69,62,66,,,,,,,,,
8.630660118928573,0.156,0.0,3.0,21.1786,48,48.3777,0.0,69.0,0.357,255,-1,0.0,255.0,22.503,51,50.8906,65.0,0.0,0.359,6.0,2.9,All-Wheel Drive,641,SIDI; PHEV,6,3550,1450,Premium Gas or Electricity,Premium Gasoline,8,-1,24.3654,54,54.3406,0.0,60.0,0.361,0,0,42355,0,16,Porsche,Panamera 4 e-Hybrid,N,False,0,108,490,0.0,14.16,0.0,14.37,Automatic (AM-S8),26.9,67.9,34.2,0.0,Large Cars,2020,-2500,Panamera,,,T,,Plug-in Hybrid,Electricity,14.0,70 kW DC Brushless,PRX,,0.0,,Wed Nov 27 00:00:00 EST 2019,Fri Mar 25 00:00:00 EDT 2022,Y,26,30,28,,,,,,,,,
8.630660118928573,0.156,0.0,3.0,21.1786,48,48.3777,0.0,69.0,0.357,255,-1,0.0,255.0,22.503,51,50.8906,65.0,0.0,0.359,6.0,2.9,All-Wheel Drive,642,SIDI; PHEV,6,3550,1450,Premium Gas or Electricity,Premium Gasoline,8,-1,24.3654,54,54.3406,0.0,60.0,0.361,0,0,42356,0,16,Porsche,Panamera 4 e-Hybrid Executive,N,False,0,108,490,0.0,14.16,0.0,14.37,Automatic (AM-S8),26.9,67.9,34.2,0.0,Large Cars,2020,-2500,Panamera,,,T,,Plug-in Hybrid,Electricity,14.0,70 kW DC Brushless,PRX,,0.0,,Wed Nov 27 00:00:00 EST 2019,Fri Mar 25 00:00:00 EDT 2022,Y,26,30,28,,,,,,,,,
8.630660118928573,0.156,0.0,3.0,21.1786,48,48.3777,0.0,69.0,0.357,255,-1,0.0,255.0,22.503,51,50.8906,65.0,0.0,0.359,6.0,2.9,All-Wheel Drive,643,SIDI; PHEV,6,3550,1450,Premium Gas or Electricity,Premium Gasoline,8,-1,24.3654,54,54.3406,0.0,60.0,0.361,0,0,42357,0,16,Porsche,Panamera 4 e-Hybrid ST,N,False,0,108,490,0.0,14.16,0.0,14.37,Automatic (AM-S8),26.9,67.9,34.2,0.0,Large Cars,2020,-2500,Panamera,,,T,,Plug-in Hybrid,Electricity,14.0,70 kW DC Brushless,PRX,,0.0,,Wed Nov 27 00:00:00 EST 2019,Fri Mar 25 00:00:00 EDT 2022,Y,26,30,28,,,,,,,,,
6.377725310530504,4.311739130434783,0.0,3.0,25.5497,68,67.5678,0.0,50.0,0.417,191,-1,0.0,191.0,27.1257,69,68.736,49.0,0.0,0.42,3.0,1.5,All-Wheel Drive,108,SIDI; PHEV,8,3050,0,Premium and Electricity,Premium Gasoline,10,-1,29.3376,70,70.2198,0.0,48.0,0.424,0,0,42369,5,0,BMW,I8 Coupe,N,True,81,0,320,0.0,17.53,0.0,17.94,Automatic 6-spd,33.1,95.8,41.9,0.0,Subcompact Cars,2020,1000,i8,,,T,,Plug-in Hybrid,Electricity,18.0,105kW DCPM,BMX,,0.0,,Tue Dec 03 00:00:00 EST 2019,Fri Mar 25 00:00:00 EDT 2022,Y,34,38,36,,,,,,,,,
6.377725310530504,4.311739130434783,0.0,3.0,25.5497,68,67.5678,0.0,50.0,0.417,191,-1,0.0,191.0,27.1257,69,68.736,49.0,0.0,0.42,3.0,1.5,All-Wheel Drive,110,SIDI; PHEV,8,3050,0,Premium and Electricity,Premium Gasoline,10,-1,29.3376,70,70.2198,0.0,48.0,0.424,0,0,42370,5,0,BMW,I8 Roadster,N,True,81,0,320,0.0,17.53,0.0,17.94,Automatic 6-spd,33.1,95.8,41.9,0.0,Two Seaters,2020,1000,i8,,,T,,Plug-in Hybrid,Electricity,18.0,105kW DCPM,BMX,,0.0,,Tue Dec 03 00:00:00 EST 2019,Fri Mar 25 00:00:00 EDT 2022,Y,34,38,36,,,,,,,,,
5.84994007448276,4.075479452054794,0.0,2.0,29.1529,74,73.7619,0.0,45.0,0.435,175,-1,0.0,175.0,29.4601,73,72.8822,46.0,0.0,0.425,3.0,1.5,All-Wheel Drive,90,SIDI; PHEV,9,2800,0,Premium and Electricity,Premium Gasoline,10,-1,29.8444,72,71.8352,0.0,47.0,0.414,17,95,42371,0,0,MINI,Cooper SE Countryman All4,N,True,0,0,300,0.0,18.6,0.0,17.32,Automatic (S6),38.4,104.8,42.7,0.0,Midsize Cars,2020,1750,Countryman,,,T,,Plug-in Hybrid,Electricity,18.0,65 kW AC Induction,BMX,,0.0,,Tue Dec 03 00:00:00 EST 2019,Fri Mar 25 00:00:00 EDT 2022,Y,39,39,39,,,,,,,,,
8.696331744761906,7.083571428571429,0.0,3.0,17.9691,42,41.7837,0.0,80.0,0.444,260,-1,0.0,260.0,19.2332,42,41.9091,80.0,0.0,0.443,4.0,2.0,4-Wheel Drive,30,SIDI; PHEV,5,4300,0,Premium and Electricity,Premium Gasoline,8,-1,21.0424,42,42.0634,0.0,79.0,0.442,0,0,42373,0,0,Land Rover,Range Rover PHEV,N,True,0,0,480,0.0,19.16,0.0,19.05,Automatic (S8),22.5,57.6,29.2,0.0,Standard Sport Utility Vehicle 4WD,2019,-3750,Range Rover,,,T,,Plug-in Hybrid,Electricity,19.0,105 kW PMSM,JLX,,0.0,,Fri Dec 06 00:00:00 EST 2019,Thu Oct 19 00:00:00 EDT 2023,Y,24,27,25,38.2,,5.5,,7.0,,Type 2,,
8.696331744761906,7.083571428571429,0.0,3.0,17.9691,42,41.7837,0.0,80.0,0.444,260,-1,0.0,260.0,19.2332,42,41.9091,80.0,0.0,0.443,4.0,2.0,4-Wheel Drive,45,SIDI; PHEV,5,4300,0,Premium and Electricity,Premium Gasoline,8,-1,21.0424,42,42.0634,0.0,79.0,0.442,0,0,42374,0,0,Land Rover,Range Rover Sport PHEV,N,True,0,0,480,0.0,19.16,0.0,19.05,Automatic (S8),22.5,57.6,29.2,0.0,Standard Sport Utility Vehicle 4WD,2019,-3750,Range Rover,,,T,,Plug-in Hybrid,Electricity,19.0,105 kW PMSM,JLX,,0.0,,Fri Dec 06 00:00:00 EST 2019,Thu Oct 19 00:00:00 EDT 2023,Y,24,27,25,38.2,,5.5,,7.0,,Type 2,,
8.696331744761906,7.083571428571429,0.0,3.0,17.9691,42,41.7837,0.0,80.0,0.444,260,-1,0.0,260.0,19.2332,42,41.9091,80.0,0.0,0.443,4.0,2.0,4-Wheel Drive,30,SIDI; PHEV,5,4300,0,Premium and Electricity,Premium Gasoline,8,-1,21.0424,42,42.0634,0.0,79.0,0.442,0,0,42375,0,0,Land Rover,Range Rover PHEV,N,True,0,0,480,0.0,19.16,0.0,19.05,Automatic (S8),22.5,57.6,29.2,0.0,Standard Sport Utility Vehicle 4WD,2020,-3750,Range Rover,,,T,,Plug-in Hybrid,Electricity,19.0,105 kW PMSM,JLX,,0.0,,Fri Dec 06 00:00:00 EST 2019,Thu Oct 19 00:00:00 EDT 2023,Y,24,27,25,38.2,,5.5,,7.0,,Type 2,,
8.696331744761906,7.083571428571429,0.0,3.0,17.9691,42,41.7837,0.0,80.0,0.444,260,-1,0.0,260.0,19.2332,42,41.9091,80.0,0.0,0.443,4.0,2.0,4-Wheel Drive,45,SIDI; PHEV,5,4300,0,Premium and Electricity,Premium Gasoline,8,-1,21.0424,42,42.0634,0.0,79.0,0.442,0,0,42376,0,0,Land Rover,Range Rover Sport PHEV,N,True,0,0,480,0.0,19.16,0.0,19.05,Automatic (S8),22.5,57.6,29.2,0.0,Standard Sport Utility Vehicle 4WD,2020,-3750,Range Rover,,,T,,Plug-in Hybrid,Electricity,19.0,105 kW PMSM,JLX,,0.0,,Fri Dec 06 00:00:00 EST 2019,Thu Oct 19 00:00:00 EDT 2023,Y,24,27,25,38.2,,5.5,,7.0,,Type 2,,
6.859372919999999,5.312678571428571,0.0,3.5,21.5,54,53.9968,0.0,62.0,0.462,209,-1,0.0,209.0,22.8,56,55.5922,60.0,0.0,0.47,6.0,3.0,Part-time 4-Wheel Drive,298,SIDI; PHEV,7,2950,0,Regular Gas and Electricity,Regular Gasoline,9,-1,24.6,58,57.6749,0.0,58.0,0.479,0,0,42377,0,0,Lincoln,Aviator PHEV AWD,N,True,0,0,460,0.0,20.34,0.0,21.46,Automatic (S10),27.4,76.6,34.6,0.0,Standard Sport Utility Vehicle 4WD,2020,1000,Aviator,,,T,,Plug-in Hybrid,Electricity,21.0,74 kW PMSM,FMX,,0.0,,Fri Dec 06 00:00:00 EST 2019,Fri Mar 25 00:00:00 EDT 2022,Y,29,34,31,,,,,,,,,
0.1176,0.0,0.0,10.0,67.83,0,0.0,0.0,49.6904,0.0,0,-1,0.0,0.0,69.2421,0,0.0,48.677,0.0,0.0,,,All-Wheel Drive,721,,10,1100,0,Electricity,Electricity,10,-1,71.05,0,0.0,0.0,47.4384,0.0,0,0,42383,0,16,Porsche,Taycan Turbo,N,False,0,108,201,196.7859,0.0,206.1614,0.0,Automatic (A2),96.9,0.0,101.5,0.0,Large Cars,2020,6500,Taycan,,,,,EV,,,170 kW ACPM,PRX,,0.0,,Tue Dec 10 00:00:00 EST 2019,Wed Dec 18 00:00:00 EST 2019,N,0,0,0,,,,,,,,,
0.12,0.0,0.0,10.5,66.92,0,0.0,0.0,50.3661,0.0,0,-1,0.0,0.0,67.5429,0,0.0,49.9016,0.0,0.0,,,All-Wheel Drive,723,,10,1100,0,Electricity,Electricity,10,-1,68.32,0,0.0,0.0,49.334,0.0,0,0,42427,0,16,Porsche,Taycan Turbo S,N,False,0,108,192,190.2139,0.0,194.1546,0.0,Automatic (A2),95.6,0.0,97.6,0.0,Large Cars,2020,6500,Taycan,,,,,EV,,,120 and 170 kW ACPM,PRX,,0.0,,Tue Jan 07 00:00:00 EST 2020,Fri Jan 10 00:00:00 EST 2020,N,0,0,0,,,,,,,,,
6.997726814285714,5.509444444444444,0.0,2.4,20.5296,49,48.9172,0.0,69.0,0.436,213,-1,0.0,213.0,23.0643,54,53.5496,63.0,0.0,0.46,6.0,3.0,All-Wheel Drive,300,SIDI; PHEV,7,3550,0,Premium and Electricity,Premium Gasoline,9,-1,27.1633,61,60.5589,0.0,56.0,0.489,0,0,42447,0,13,Audi,A8 L,N,True,0,111,420,0.0,15.87,0.0,18.83,Automatic (S8),26.0,68.9,38.5,0.0,Large Cars,2020,-750,A8,,,T,,Plug-in Hybrid,Electricity,17.0,100kW AC Induction,VGA,,0.0,,Thu Jan 16 00:00:00 EST 2020,Fri Mar 25 00:00:00 EDT 2022,Y,27,37,31,,,,,,,,,
5.527734798620691,4.577076923076923,0.0,2.4,24.8223,64,63.835,0.0,53.0,0.508,165,-1,0.0,165.0,26.5403,65,64.9014,52.0,0.0,0.511,4.0,2.0,All-Wheel Drive,400,SIDI; PHEV,8,3050,0,Premium and Electricity,Premium Gasoline,10,-1,28.9929,66,66.2542,0.0,51.0,0.514,0,0,42448,0,0,Audi,Q5,Y,True,0,0,390,0.0,19.6417,0.0,19.9917,Automatic (AM-S7),33.4,90.5,41.2,0.0,Small Sport Utility Vehicle 4WD,2020,1500,Q5,,,T,,Plug-in Hybrid,Electricity,20.0,105kW AC Induction,VGA,,0.0,,Thu Jan 16 00:00:00 EST 2020,Fri Mar 25 00:00:00 EDT 2022,Y,36,40,38,,,,,,,,,
0.0672,0.0,0.0,10.0,128.52,0,0.0,0.0,26.2255,0.0,0,-1,0.0,0.0,120.5015,0,0.0,27.9706,0.0,0.0,,,All-Wheel Drive,46,,10,650,0,Electricity,Electricity,10,-1,111.9636,0,0.0,0.0,30.1035,0.0,0,0,42474,0,0,Tesla,Model Y Performance AWD,N,False,0,0,315,334.0396,0.0,290.9763,0.0,Automatic (A1),170.0,0.0,148.1,0.0,Small Sport Utility Vehicle 4WD,2020,8750,Model Y,,,,,EV,,,147 and 211 kW AC 3-Phase,TSL,standard charger,0.0,with 72A high power charger connector option,Wed Feb 05 00:00:00 EST 2020,Thu Oct 19 00:00:00 EDT 2023,N,0,0,0,79.0,,7.2,,11.0,250.0,NACS,,
1.9716547575,2.704636363636364,0.0,2.2,44.0,117,117.0273,0.0,29.0,0.748,57,-1,0.0,57.0,42.1053,110,109.7595,31.0,0.0,0.731,4.0,1.5,Front-Wheel Drive,62,PHEV,10,1600,0,Regular Gas and Electricity,Regular Gasoline,10,-1,40.0,102,102.0161,0.0,33.0,0.707,0,0,42480,0,16,Honda,Clarity Plug-in Hybrid,Y,True,0,102,340,0.0,50.78,0.0,44.13,Automatic (variable gear ratios),62.2,167.2,61.8,0.0,Midsize Cars,2020,7250,Clarity,,,,,Plug-in Hybrid,Electricity,48.0,135kW AC PMSM,HNX,,0.0,,Tue Feb 11 00:00:00 EST 2020,Fri Mar 25 00:00:00 EDT 2022,Y,82,70,76,,,,,,,,,
0.0744,0.0,0.0,4.0,114.87,0,0.0,0.0,29.3419,0.0,0,-1,0.0,0.0,107.7542,0,0.0,31.2795,0.0,0.0,,,Front-Wheel Drive,92,,10,700,0,Electricity,Electricity,10,-1,100.17,0,0.0,0.0,33.6478,0.0,9,80,42508,0,0,MINI,Cooper SE Hardtop 2 door,N,False,0,0,110,116.9,0.0,101.9,0.0,Automatic (A1),164.1,0.0,143.1,0.0,Subcompact Cars,2020,8500,Cooper,,,,,EV,,,135 kW DCPM,BMX,,0.0,,Wed Mar 04 00:00:00 EST 2020,Tue Aug 11 00:00:00 EDT 2020,N,0,0,0,,,,,,,,,
0.072,0.0,0.0,7.0,124.39,0,0.0,0.0,27.0962,0.0,0,-1,0.0,0.0,113.1242,0,0.0,29.7947,0.0,0.0,,,Rear-Wheel Drive,100,,10,650,0,Electricity,Electricity,10,-1,101.85,0,0.0,0.0,33.0928,0.0,0,0,42512,0,15,BMW,i3,N,False,0,84,153,166.5,0.0,136.4,0.0,Automatic (A1),177.7,0.0,145.5,0.0,Subcompact Cars,2020,8750,i3,,,,,EV,,,125 kW AC Induction,BMX,,0.0,,Wed Mar 11 00:00:00 EDT 2020,Tue Apr 14 00:00:00 EDT 2020,N,0,0,0,,,,,,,,,
0.072,0.0,0.0,7.0,124.39,0,0.0,0.0,27.0962,0.0,0,-1,0.0,0.0,113.1242,0,0.0,29.7947,0.0,0.0,,,Rear-Wheel Drive,101,,10,650,0,Electricity,Electricity,10,-1,101.85,0,0.0,0.0,33.0928,0.0,0,0,42513,0,15,BMW,i3s,N,False,0,84,153,166.5,0.0,136.4,0.0,Automatic (A1),177.7,0.0,145.5,0.0,Subcompact Cars,2020,8750,i3,,,,,EV,,,135 kW AC Induction,BMX,,0.0,,Wed Mar 11 00:00:00 EDT 2020,Tue Apr 14 00:00:00 EDT 2020,N,0,0,0,,,,,,,,,
0.072,0.0,0.0,9.5,123.06,0,0.0,0.0,27.3891,0.0,0,-1,0.0,0.0,112.3234,0,0.0,30.0071,0.0,0.0,,,Front-Wheel Drive,39,,10,700,0,Electricity,Electricity,10,-1,101.5,0,0.0,0.0,33.2069,0.0,0,0,42514,0,22,Kia,Niro Electric,Y,False,0,97,239,259.0,0.0,213.6,0.0,Automatic (A1),175.8,0.0,145.0,0.0,Small Station Wagons,2020,8500,Niro,,,,,EV,,,150 kW IPMSM,KMX,,0.0,,Wed Mar 11 00:00:00 EDT 2020,Mon May 18 00:00:00 EDT 2020,N,0,0,0,,,,,,,,,
7.43557164,4.9585,0.0,3.0,21.3424,59,58.7495,0.0,58.0,0.419,204,-1,0.0,204.0,23.7073,60,59.9343,56.0,0.0,0.422,4.0,2.0,All-Wheel Drive,376,SIDI; PHEV,7,3400,0,Premium and Electricity,Premium Gasoline,9,-1,27.4208,61,61.4489,0.0,55.0,0.425,0,0,42524,0,0,BMW,X3 xDrive30e,N,True,0,0,340,0.0,17.62,0.0,17.99,Automatic (S8),30.8,83.1,38.9,0.0,Small Sport Utility Vehicle 4WD,2020,-750,X3,,,T,,Plug-in Hybrid,Electricity,18.0,80kW DCPM,BMX,,0.0,,Tue Mar 24 00:00:00 EDT 2020,Fri Mar 25 00:00:00 EDT 2022,Y,29,35,32,,,,,,,,,
6.753393352197803,4.64859375,0.0,1.3,20.697,58,58.3549,0.0,58.0,0.455,205,-1,0.0,205.0,22.8263,64,64.202,53.0,0.0,0.488,6.0,3.0,Rear-Wheel Drive,560,SIDI; PHEV,7,3550,0,Premium and Electricity,Premium Gasoline,9,-1,26.1094,73,73.1619,0.0,46.0,0.525,0,0,42525,0,9,Mercedes-Benz,S560e,N,True,0,112,510,0.0,17.157,0.0,21.4355,Automatic 9-spd,28.7,82.4,41.0,0.0,Large Cars,2020,0,S-Class,,,T,,Plug-in Hybrid,Electricity,19.0,90 kW DCPM,MBX,,0.0,,Tue Mar 24 00:00:00 EDT 2020,Fri Mar 25 00:00:00 EDT 2022,Y,29,39,33,,,,,,,,,
8.437077328739496,6.6113333333333335,0.0,3.0,17.3304,43,42.5632,0.0,72.0,0.477,246,-1,0.0,246.0,18.7319,45,45.2167,71.0,0.0,0.478,6.0,3.0,All-Wheel Drive,500,SIDI; PHEV,5,4300,0,Premium and Electricity,Premium Gasoline,8,-1,20.7865,49,48.9463,0.0,70.0,0.479,0,0,42560,0,0,Bentley,Bentayga,N,True,0,0,390,0.0,18.15,0.0,18.26,Automatic (S8),22.6,59.9,29.4,0.0,Standard Sport Utility Vehicle 4WD,2020,-3250,Bentayga,,,T,,Plug-in Hybrid,Electricity,18.0,100kW AC Induction,VGA,,0.0,,Thu Apr 02 00:00:00 EDT 2020,Fri Mar 25 00:00:00 EDT 2022,Y,25,29,26,,,,,,,,,
0.072,0.0,0.0,8.0,122.92,0,0.0,0.0,27.4203,0.0,0,-1,0.0,0.0,110.7755,0,0.0,30.4264,0.0,0.0,,,Front-Wheel Drive,902,,10,700,0,Electricity,Electricity,10,-1,98.84,0,0.0,0.0,34.1006,0.0,24,92,42561,0,0,Nissan,Leaf (40 kW-hr battery pack),N,False,0,0,149,163.2,0.0,131.3,0.0,Automatic (A1),175.6,0.0,141.2,0.0,Midsize Cars,2020,8500,Leaf,,,,,EV,,,110 kW DCPM,NSX,,0.0,,Thu Apr 02 00:00:00 EDT 2020,Wed Feb 02 00:00:00 EST 2022,N,0,0,0,,,,,,,,,
0.0744,0.0,0.0,11.0,117.95,0,0.0,0.0,28.5757,0.0,0,-1,0.0,0.0,107.6674,0,0.0,31.3048,0.0,0.0,,,Front-Wheel Drive,903,,10,700,0,Electricity,Electricity,10,-1,97.3,0,0.0,0.0,34.6403,0.0,24,92,42562,0,0,Nissan,Leaf (62 kW-hr battery pack),N,False,0,0,226,245.0238,0.0,202.181,0.0,Automatic (A1),168.5,0.0,139.0,0.0,Midsize Cars,2020,8500,Leaf,,,,,EV,,,160 kW DCPM,NSX,,0.0,,Thu Apr 02 00:00:00 EDT 2020,Wed Feb 02 00:00:00 EST 2022,N,0,0,0,,,,,,,,,
0.0768,0.0,0.0,11.0,114.45,0,0.0,0.0,29.4495,0.0,0,-1,0.0,0.0,104.4048,0,0.0,32.283,0.0,0.0,,,Front-Wheel Drive,904,,10,750,0,Electricity,Electricity,10,-1,94.29,0,0.0,0.0,35.7461,0.0,24,92,42563,0,0,Nissan,Leaf SV/SL (62 kW-hr battery pack),N,False,0,0,215,233.6614,0.0,192.4944,0.0,Automatic (A1),163.5,0.0,134.7,0.0,Midsize Cars,2020,8250,Leaf,,,,,EV,,,160 kW DCPM,NSX,,0.0,,Thu Apr 02 00:00:00 EDT 2020,Wed Feb 02 00:00:00 EST 2022,N,0,0,0,,,,,,,,,
5.373019947272727,3.9668,0.0,3.0,25.0289,72,71.564,0.0,47.0,0.491,160,-1,0.0,160.0,27.9998,75,75.0374,45.0,0.0,0.5,4.0,2.0,Rear-Wheel Drive,320,SIDI; PHEV,8,2900,0,Premium and Electricity,Premium Gasoline,10,-1,32.7511,80,79.7694,0.0,42.0,0.51,0,0,42569,0,9,BMW,330e,N,True,0,94,320,0.0,22.3,0.0,23.71,Automatic (S8),33.5,101.7,46.0,0.0,Compact Cars,2021,2250,3 Series,,,T,,Plug-in Hybrid,Electricity,23.0,80 kW DCPM,BMX,,0.0,,Tue Apr 14 00:00:00 EDT 2020,Fri Mar 25 00:00:00 EDT 2022,Y,37,46,40,,,,,,,,,
6.5016590700000005,4.44044776119403,0.0,3.0,22.0569,64,64.1235,0.0,54.0,0.446,192,-1,0.0,192.0,24.9804,67,66.9927,51.0,0.0,0.461,4.0,2.0,All-Wheel Drive,321,SIDI; PHEV,7,3250,0,Premium and Electricity,Premium Gasoline,9,-1,29.8096,71,70.8683,0.0,47.0,0.479,0,0,42570,0,9,BMW,330e xDrive,N,True,0,94,290,0.0,19.28,0.0,21.52,Automatic (S8),30.7,91.6,43.5,0.0,Compact Cars,2021,500,3 Series,,,T,,Plug-in Hybrid,Electricity,20.0,80 kW DCPM,BMX,,0.0,,Tue Apr 14 00:00:00 EDT 2020,Fri Mar 25 00:00:00 EDT 2022,Y,32,41,35,,,,,,,,,
0.8579571693548388,0.0768,0.0,7.0,30.0914,107,106.8126,0.0,30.0,0.927,22,-1,0.0,22.0,30.5657,100,99.9305,32.0,0.0,0.92,2.0,0.6,Rear-Wheel Drive,102,PHEV,10,2650,700,Premium Gas or Electricity,Premium Gasoline,10,-1,31.1662,93,92.6355,0.0,35.0,0.91,0,0,42572,0,15,BMW,i3 with Range Extender,N,False,0,84,200,0.0,135.28,0.0,114.76,Automatic (A1),44.7,152.6,44.8,0.0,Subcompact Cars,2020,7500,i3,,,,,Plug-in Hybrid,Electricity,126.0,125 kW DCPM,BMX,,0.0,,Tue Apr 14 00:00:00 EDT 2020,Fri Mar 25 00:00:00 EDT 2022,Y,92,79,86,,,,,,,,,
0.8579571693548388,0.0768,0.0,7.0,30.0914,107,106.8126,0.0,30.0,0.927,22,-1,0.0,22.0,30.5657,100,99.9305,32.0,0.0,0.92,2.0,0.6,Rear-Wheel Drive,103,PHEV,10,2650,700,Premium Gas or Electricity,Premium Gasoline,10,-1,31.1662,93,92.6355,0.0,35.0,0.91,0,0,42573,0,15,BMW,i3s with Range Extender,N,False,0,84,200,0.0,135.28,0.0,114.76,Automatic (A1),44.7,152.6,44.8,0.0,Subcompact Cars,2020,7500,i3,,,,,Plug-in Hybrid,Electricity,126.0,135 kW DCPM,BMX,,0.0,,Tue Apr 14 00:00:00 EDT 2020,Fri Mar 25 00:00:00 EDT 2022,Y,92,79,86,,,,,,,,,
9.409992538636365,0.1704,0.0,3.0,19.6218,45,44.6256,0.0,75.0,0.333,293,-1,0.0,293.0,20.6147,41,40.6569,71.0,0.0,0.345,6.0,3.0,All-Wheel Drive,441,SIDI; PHEV,5,3900,1600,Premium Gas or Electricity,Premium Gasoline,7,-1,21.9738,37,36.671,0.0,65.0,0.36,0,0,42580,0,0,Porsche,Cayenne e-Hybrid,N,False,0,0,420,0.0,12.9,0.0,14.34,Automatic (S8),24.8,62.1,30.6,0.0,Standard Sport Utility Vehicle 4WD,2020,-3500,Cayenne,,,T,,Plug-in Hybrid,Electricity,14.0,99 kW DC Brushless,PRX,,0.0,,Fri Apr 17 00:00:00 EDT 2020,Fri Mar 25 00:00:00 EDT 2022,Y,24,26,25,,,,,,,,,
9.409992538636365,0.1704,0.0,3.0,19.6218,45,44.6256,0.0,75.0,0.333,293,-1,0.0,293.0,20.6147,41,40.6569,71.0,0.0,0.345,6.0,3.0,All-Wheel Drive,442,SIDI; PHEV,5,3900,1600,Premium Gas or Electricity,Premium Gasoline,7,-1,21.9738,37,36.671,0.0,65.0,0.36,0,0,42581,0,0,Porsche,Cayenne e-Hybrid Coupe,N,False,0,0,420,0.0,12.9,0.0,14.34,Automatic (S8),24.8,62.1,30.6,0.0,Standard Sport Utility Vehicle 4WD,2020,-3500,Cayenne,,,T,,Plug-in Hybrid,Electricity,14.0,99 kW DC Brushless,PRX,,0.0,,Fri Apr 17 00:00:00 EDT 2020,Fri Mar 25 00:00:00 EDT 2022,Y,24,26,25,,,,,,,,,
0.1176,0.0,0.0,10.5,67.76,0,0.0,0.0,49.7417,0.0,0,-1,0.0,0.0,69.0521,0,0.0,48.8109,0.0,0.0,,,All-Wheel Drive,712,,10,1100,0,Electricity,Electricity,10,-1,70.7,0,0.0,0.0,47.6733,0.0,0,0,42590,0,16,Porsche,Taycan 4S Perf Battery Plus,N,False,0,108,203,198.8812,0.0,207.413,0.0,Automatic (A2),96.8,0.0,101.0,0.0,Large Cars,2020,6500,Taycan,,,,,EV,,,120 kW ACPM,PRX,,0.0,,Fri Apr 24 00:00:00 EDT 2020,Wed Feb 02 00:00:00 EST 2022,N,0,0,0,,,,,,,,,
0.0744,0.0,0.0,4.0,114.87,0,0.0,0.0,29.3419,0.0,0,-1,0.0,0.0,107.7542,0,0.0,31.2795,0.0,0.0,,,Front-Wheel Drive,92,,10,700,0,Electricity,Electricity,10,-1,100.17,0,0.0,0.0,33.6478,0.0,9,80,42634,0,0,MINI,Cooper SE Hardtop 2 door,Y,False,0,0,110,116.9,0.0,101.9,0.0,Automatic (A1),164.1,0.0,143.1,0.0,Subcompact Cars,2021,8500,Cooper,,,,,EV,,,135 kW DCPM,BMX,,0.0,,Tue May 12 00:00:00 EDT 2020,Wed Feb 02 00:00:00 EST 2022,N,0,0,0,,,,,,,,,
8.348870167894736,5.312678571428571,0.0,4.0,19.2824,52,52.0603,0.0,64.0,0.387,245,-1,0.0,245.0,21.8005,56,55.6377,60.0,0.0,0.4,6.0,3.0,All-Wheel Drive,740,SIDI; PHEV,6,3700,0,Premium and Electricity,Premium Gasoline,8,-1,25.9409,61,60.739,0.0,55.0,0.415,0,0,42647,0,10,BMW,745e xDrive,N,True,0,114,290,0.0,15.81,0.0,17.42,Automatic (S8),26.5,73.9,37.2,0.0,Large Cars,2021,-2000,7 Series,,,T,,Plug-in Hybrid,Electricity,17.0,83 kW AC Induction,BMX,,0.0,,Wed May 27 00:00:00 EDT 2020,Fri Mar 25 00:00:00 EDT 2022,Y,25,34,28,,,,,,,,,
0.1056,0.0,0.0,10.0,75.7625,0,0.0,0.0,44.4877,0.0,0,-1,0.0,0.0,76.6286,0,0.0,43.9849,0.0,0.0,,,All-Wheel Drive,250,,10,1000,0,Electricity,Electricity,10,-1,77.7144,0,0.0,0.0,43.3703,0.0,0,0,42674,0,0,Audi,e-tron Sportback,N,False,0,0,218,215.9,0.0,221.5,0.0,Automatic (A1),102.3817,0.0,105.0195,0.0,Standard Sport Utility Vehicle 4WD,2020,7000,e-tron,,,,,EV,,,141 and 172 kW Asynchron 3-Phase,VGA,,0.0,,Tue Jun 02 00:00:00 EDT 2020,Wed Feb 02 00:00:00 EST 2022,N,0,0,0,,,,,,,,,
2.613484463941249,2.916764705882353,0.0,3.3,43.4481,114,114.2386,0.0,30.0,0.686,77,-1,0.0,77.0,40.6991,102,102.3009,33.0,0.0,0.655,4.0,2.5,Front-Wheel Drive,266,PHEV,10,1650,0,Regular Gas and Electricity,Regular Gasoline,10,-1,37.7777,91,90.7148,0.0,37.0,0.612,0,0,42743,0,0,Ford,Escape FWD PHEV,N,True,0,0,530,0.0,41.16,0.0,32.52,Automatic (variable gear ratios),61.3,163.2,56.9,0.0,Small Sport Utility Vehicle 2WD,2020,6750,Escape,,,,,Plug-in Hybrid,Electricity,37.0,36 kW DCPM,FMX,,0.0,,Tue Jun 16 00:00:00 EDT 2020,Fri Mar 25 00:00:00 EDT 2022,Y,75,58,66,,,,,,,,,
2.9878146503225804,5.12948275862069,0.0,9.0,22.3256,55,57.5716,0.0,59.0,0.748,93,-1,0.0,93.0,25.5256,58,60.5469,57.0,0.0,0.756,4.0,2.0,All-Wheel Drive,138,SIDI; PHEV,10,3150,0,Premium and Electricity,Premium Gasoline,10,-1,30.9471,61,64.6291,0.0,54.0,0.766,0,0,42744,4,0,Polestar,1,N,True,72,0,470,0.0,50.82,0.0,54.36,Automatic (S8),27.5,81.9,37.5,0.0,Minicompact Cars,2020,3250,1,,,T,S,Plug-in Hybrid,Electricity,52.0,"52, 85, 86kW 3-phase Sync.",VVX,,0.0,,Tue Jun 16 00:00:00 EDT 2020,Fri Mar 25 00:00:00 EDT 2022,Y,41,51,45,,,,,,,,,
0.0696,0.0,0.0,15.3,121.1,0,0.0,0.0,27.83,0.0,0,-1,0.0,0.0,116.7,0,0.0,28.9,0.0,0.0,,,All-Wheel Drive,61,,10,650,0,Electricity,Electricity,10,-1,111.7,0,0.0,0.0,30.2,0.0,26,94,42755,0,0,Tesla,Model S Long Range Plus,N,False,0,0,402,416.2,0.0,383.8,0.0,Automatic (A1),163.0,0.0,150.3,0.0,Large Cars,2020,8750,Model S,,,,,EV,,,193 and 375 kW AC 3-Phase,TSL,standard charger,0.0,with 72A high power charger connector option,Wed Jun 24 00:00:00 EDT 2020,Wed Feb 02 00:00:00 EST 2022,N,0,0,0,95.0,,8.6,,11.0,250.0,NACS,,
6.122729637670808,4.375147058823529,0.0,1.3,23.0647,67,67.4023,0.0,51.0,0.487,176,-1,0.0,176.0,25.0374,68,68.4527,49.0,0.0,0.491,4.0,2.0,4-Wheel Drive,252,SIDI; PHEV,8,3250,0,Premium and Electricity,Premium Gasoline,10,-1,27.9601,70,69.7819,0.0,48.0,0.495,0,0,42756,0,0,Mercedes-Benz,GLC350e 4matic,N,True,0,0,360,0.0,22.06,0.0,22.6,Automatic 9-spd,31.9,95.9,39.8,0.0,Small Sport Utility Vehicle 4WD,2020,1000,GLC-Class,,,T,,Plug-in Hybrid,Electricity,22.0,90 kW DCPM,MBX,,0.0,,Wed Jun 24 00:00:00 EDT 2020,Fri Mar 25 00:00:00 EDT 2022,Y,34,40,36,,,,,,,,,
2.4867613275,3.1650000000000005,0.0,4.5,40.0572,105,104.5395,0.0,32.0,0.721,72,-1,0.0,72.0,38.3732,94,94.0014,36.0,0.0,0.693,4.0,2.5,All-Wheel Drive,56,SIDI & PFI,10,1800,0,Regular Gas and Electricity,Regular Gasoline,10,-1,36.4979,84,83.6903,0.0,40.0,0.654,0,0,42793,0,0,Toyota,RAV4 Prime 4WD,Y,True,0,0,600,0.0,46.22,0.0,37.13,Automatic (AV-S6),54.5319,149.3,52.1668,0.0,Small Sport Utility Vehicle 4WD,2021,6500,RAV4 Prime,,,,,Plug-in Hybrid,Electricity,42.0,40 and 134 kW AC Induction,TYX,,0.0,,Thu Jul 02 00:00:00 EDT 2020,Fri Mar 25 00:00:00 EDT 2022,Y,72,58,65,,,,,,,,,
6.372832987252747,5.409272727272728,0.0,3.0,25.963,58,61.1681,0.1,55.0,0.439,197,-1,0.0,197.0,26.8412,55,58.3784,58.0,0.1,0.43,4.0,2.0,All-Wheel Drive,54,SIDI; PHEV,7,3050,0,Premium and Electricity,Premium Gasoline,9,-1,27.9986,53,55.2961,0.1,61.0,0.418,0,0,42804,0,47,Volvo,XC90 AWD PHEV,N,True,0,104,520,0.0,18.89,0.0,17.6,Automatic (S8),33.7,86.4,39.8,0.0,Standard Sport Utility Vehicle 4WD,2021,250,XC90,,,T,S,Plug-in Hybrid,Electricity,18.0,34 and 65 kW 3-phase Sync.,VVX,,0.0,,Fri Jul 10 00:00:00 EDT 2020,Fri Jun 23 00:00:00 EDT 2023,Y,34,35,34,,,,,,,,,
11.7965097825,0.1823999999999999,0.0,3.0,16.17,34,34.1159,0.0,77.0,0.318,362,-1,0.0,362.0,17.6489,39,38.6773,76.0,0.0,0.305,8.0,4.0,All-Wheel Drive,451,SIDI; PHEV,4,4550,1700,Premium Gas or Electricity,Premium Gasoline,5,-1,19.87,46,46.2343,0.0,75.0,0.288,0,0,42805,0,0,Porsche,Cayenne Turbo S e-Hybrid,N,False,0,0,360,0.0,12.2,0.0,10.75,Automatic (S8),20.1,46.0,27.5,0.0,Standard Sport Utility Vehicle 4WD,2020,-6750,Cayenne,,,T,,Plug-in Hybrid,Electricity,12.0,99 kW DC Brushless,PRX,,0.0,,Fri Jul 10 00:00:00 EDT 2020,Fri Mar 25 00:00:00 EDT 2022,Y,20,23,21,,,,,,,,,
11.7965097825,0.1823999999999999,0.0,3.0,16.17,34,34.1159,0.0,77.0,0.318,362,-1,0.0,362.0,17.6489,39,38.6773,76.0,0.0,0.305,8.0,4.0,All-Wheel Drive,452,SIDI; PHEV,4,4550,1700,Premium Gas or Electricity,Premium Gasoline,5,-1,19.87,46,46.2343,0.0,75.0,0.288,0,0,42806,0,0,Porsche,Cayenne Turbo S e-Hybrid Coupe,N,False,0,0,360,0.0,12.2,0.0,10.75,Automatic (S8),20.1,46.0,27.5,0.0,Standard Sport Utility Vehicle 4WD,2020,-6750,Cayenne,,,T,,Plug-in Hybrid,Electricity,12.0,99 kW DC Brushless,PRX,,0.0,,Fri Jul 10 00:00:00 EDT 2020,Fri Mar 25 00:00:00 EDT 2022,Y,20,23,21,,,,,,,,,
5.954549915454546,5.950200000000001,0.0,5.0,19.2381,47,46.8923,0.2,63.0,0.601,178,-1,0.0,178.0,20.4271,50,49.9315,63.0,0.1,0.601,6.0,3.0,All-Wheel Drive,576,SIDI; PHEV,7,4100,0,Premium and Electricity,Premium Gasoline,9,-1,22.0961,54,54.2272,0.0,62.0,0.601,0,0,42807,0,0,BMW,X5 xDrive45e,N,True,0,0,400,0.0,31.43,0.0,31.43,Automatic (S8),24.3,66.4,31.9,0.0,Standard Sport Utility Vehicle 4WD,2021,-500,X5,,,T,,Plug-in Hybrid,Electricity,31.0,83 kW DCPM,BMX,,0.0,,Thu Jul 16 00:00:00 EDT 2020,Fri Mar 25 00:00:00 EDT 2022,Y,30,34,32,,,,,,,,,
2.6297845075471695,2.2369172932330827,0.0,2.0,55.2206,145,145.0834,0.0,23.0,0.553,78,-1,0.0,78.0,54.4329,133,133.2661,25.0,0.0,0.529,4.0,1.8,Front-Wheel Drive,20,PHEV,10,1250,0,Regular Gas and Electricity,Regular Gasoline,10,-1,53.0,121,121.2004,0.0,28.0,0.498,20,91,42814,0,0,Toyota,Prius Prime,Y,True,0,0,640,0.0,27.1,0.0,22.82,Automatic (variable gear ratios),78.8197,207.2622,73.6525,0.0,Midsize Cars,2021,7500,Prius Prime,,,,,Plug-in Hybrid,Electricity,25.0,22 and 53 kW AC Induction,TYX,,0.0,,Mon Jul 27 00:00:00 EDT 2020,Fri Mar 25 00:00:00 EDT 2022,Y,83,72,78,,,,,,,,,
0.072,0.0,0.0,10.0,115.5072,0,0.0,0.0,29.18,0.0,0,-1,0.0,0.0,111.0419,0,0.0,30.3534,0.0,0.0,,,All-Wheel Drive,47,,10,700,0,Electricity,Electricity,10,-1,106.032,0,0.0,0.0,31.7876,0.0,0,0,42816,0,0,Tesla,Model Y Performance AWD (21in Wheels),N,False,0,0,291,301.9,0.0,277.2,0.0,Automatic (A1),153.6,0.0,141.0,0.0,Small Sport Utility Vehicle 4WD,2020,8500,Model Y,,,,,EV,,,158 and 219 kW AC 3-Phase,TSL,standard charger,0.0,with 72A high power charger connector option,Mon Jul 27 00:00:00 EDT 2020,Thu Oct 19 00:00:00 EDT 2023,N,0,0,0,,,,,,,,,
0.0672,0.0,0.0,10.0,127.088,0,0.0,0.0,26.521,0.0,0,-1,0.0,0.0,120.9983,0,0.0,27.8558,0.0,0.0,,,All-Wheel Drive,45,,10,650,0,Electricity,Electricity,10,-1,114.304,0,0.0,0.0,29.4872,0.0,0,0,42916,0,0,Tesla,Model Y Long Range AWD,Y,False,0,0,316,330.7138,0.0,297.435,0.0,Automatic (A1),169.0,0.0,152.0,0.0,Small Sport Utility Vehicle 4WD,2020,8750,Model Y,,,,,EV,,,158 and 203 kW AC 3-Phase,TSL,standard charger,0.0,with 72A high power charger connector option,Tue Aug 11 00:00:00 EDT 2020,Thu Oct 19 00:00:00 EDT 2023,N,0,0,0,79.0,,7.2,,11.0,250.0,NACS,,
1.9716547575,2.704636363636364,0.0,2.2,44.0,117,117.0273,0.0,29.0,0.748,57,-1,0.0,57.0,42.1053,110,109.7595,31.0,0.0,0.731,4.0,1.5,Front-Wheel Drive,16,PHEV,10,1600,0,Regular Gas and Electricity,Regular Gasoline,10,-1,40.0,102,102.0161,0.0,33.0,0.707,0,0,42983,0,16,Honda,Clarity Plug-in Hybrid,Y,True,0,102,340,0.0,50.78,0.0,44.13,Automatic (variable gear ratios),62.2,167.2,61.8,0.0,Midsize Cars,2021,7250,Clarity,,,,,Plug-in Hybrid,Electricity,48.0,135kW AC PMSM,HNX,,0.0,,Mon Aug 24 00:00:00 EDT 2020,Fri Mar 25 00:00:00 EDT 2022,Y,82,70,76,,,,,,,,,
5.361377095092165,4.9585,0.0,3.0,28.3,58,60.8527,0.1,51.0,0.479,163,-1,0.0,163.0,29.7,60,63.6077,50.0,0.1,0.478,4.0,2.0,All-Wheel Drive,110,SIDI; PHEV,8,2700,0,Premium and Electricity,Premium Gasoline,10,-1,31.4791,64,67.3336,0.1,50.0,0.477,0,0,42984,0,14,Volvo,S90 AWD PHEV,N,True,0,102,490,0.0,21.51,0.0,21.34,Automatic (S8),37.2,86.7,45.3,0.0,Midsize Cars,2021,1750,S90,,,T,S,Plug-in Hybrid,Electricity,21.0,34 and 65 kW 3-phase Sync.,VVX,,0.0,,Mon Aug 24 00:00:00 EDT 2020,Fri Jun 23 00:00:00 EDT 2023,Y,38,42,40,,,,,,,,,
5.101057672987013,4.311739130434783,0.0,3.0,28.1,70,74.1187,0.1,46.0,0.492,155,-1,0.0,155.0,30.3,69,73.1025,47.0,0.1,0.49,4.0,2.0,All-Wheel Drive,136,SIDI; PHEV,8,2700,0,Premium and Electricity,Premium Gasoline,10,-1,33.4653,68,71.8976,0.1,48.0,0.488,0,0,42985,0,29,Volvo,V60 AWD PHEV,N,True,0,94,510,0.0,22.4,0.0,22.08,Automatic (S8),36.8,105.3,48.5,0.0,Small Station Wagons,2021,2250,V60,,,T,S,Plug-in Hybrid,Electricity,22.0,34 and 65 kW 3-phase Sync.,VVX,,0.0,,Mon Aug 24 00:00:00 EDT 2020,Fri Jun 23 00:00:00 EDT 2023,Y,40,44,42,,,,,,,,,
7.049061381538461,5.6133962264150945,0.0,2.4,20.7958,49,48.8278,0.0,68.0,0.44,213,-1,0.0,213.0,22.8247,53,53.2665,63.0,0.0,0.464,6.0,3.0,All-Wheel Drive,300,SIDI; PHEV,7,3550,0,Premium and Electricity,Premium Gasoline,8,-1,25.9149,60,59.9246,0.0,57.0,0.492,0,0,43033,0,13,Audi,A8 L,N,True,0,111,420,0.0,16.9,0.0,19.9,Automatic (S8),26.4,68.7,36.0,0.0,Large Cars,2021,-750,A8,,,T,,Plug-in Hybrid,Electricity,18.0,100kW AC Induction,VGA,,0.0,,Fri Aug 28 00:00:00 EDT 2020,Wed May 17 00:00:00 EDT 2023,Y,27,36,31,,,,,,,,,
5.8399451534482765,4.075479452054794,0.0,2.0,29.1529,74,73.7705,0.0,45.0,0.436,175,-1,0.0,175.0,29.4601,73,72.8903,46.0,0.0,0.427,3.0,1.5,All-Wheel Drive,90,SIDI; PHEV,8,2800,0,Premium and Electricity,Premium Gasoline,9,-1,29.8444,72,71.8427,0.0,47.0,0.415,17,95,43143,0,0,MINI,Cooper SE Countryman All4,N,True,0,0,300,0.0,18.68,0.0,17.419,Automatic (S6),38.4,104.8,42.7,0.0,Midsize Cars,2021,1750,Countryman,,,T,,Plug-in Hybrid,Electricity,18.0,65 kW AC Induction,BMX,,0.0,,Thu Sep 10 00:00:00 EDT 2020,Fri Mar 25 00:00:00 EDT 2022,Y,39,39,39,,,,,,,,,
2.9878146503225804,5.12948275862069,0.0,9.0,22.3256,55,57.5716,0.1,59.0,0.748,93,-1,0.0,93.0,25.5256,58,60.5469,57.0,0.1,0.756,4.0,2.0,All-Wheel Drive,138,SIDI; PHEV,9,3150,0,Premium and Electricity,Premium Gasoline,10,-1,30.9471,61,64.6291,0.1,54.0,0.766,0,0,43144,4,0,Polestar,1,N,True,72,0,470,0.0,50.82,0.0,54.36,Automatic (S8),27.5,81.9,37.5,0.0,Minicompact Cars,2021,3000,1,,,T,S,Plug-in Hybrid,Electricity,52.0,"52, 85, 86kW 3-phase Sync.",VVX,,0.0,,Thu Sep 10 00:00:00 EDT 2020,Fri Mar 25 00:00:00 EDT 2022,Y,41,51,45,,,,,,,,,
6.320847309395606,5.219473684210526,0.0,3.0,25.5497,56,59.2557,0.1,58.0,0.439,196,-1,0.0,196.0,26.6484,57,59.5329,57.0,0.1,0.435,4.0,2.0,All-Wheel Drive,123,SIDI; PHEV,7,3050,0,Premium and Electricity,Premium Gasoline,9,-1,28.1266,57,59.8752,0.1,57.0,0.429,0,0,43145,0,30,Volvo,XC60 AWD PHEV,Y,True,0,103,520,0.0,27.1,0.0,22.82,Automatic (S8),33.1,83.7,40.0,0.0,Small Sport Utility Vehicle 4WD,2021,500,XC60,,,T,S,Plug-in Hybrid,Electricity,19.0,34 and 65 kW 3-phase Sync.,VVX,,0.0,,Thu Sep 10 00:00:00 EDT 2020,Fri Jun 23 00:00:00 EDT 2023,Y,33,36,34,,,,,,,,,
4.635569880135748,4.375147058823529,0.0,2.4,26.2858,64,64.021,0.1,49.0,0.541,139,-1,0.0,139.0,29.2154,68,68.1588,46.0,0.1,0.555,4.0,2.0,All-Wheel Drive,350,SIDI; PHEV,9,2800,0,Premium and Electricity,Premium Gasoline,10,-1,33.8227,74,74.0048,0.1,43.0,0.572,25,95,43213,0,0,Audi,A7 quattro,N,True,0,0,440,0.0,16.9,0.0,19.9,Automatic (AM-S7),34.6,91.5,45.5,0.0,Midsize Cars,2021,2500,A7,,,T,,Plug-in Hybrid,Electricity,24.0,105 kW DCPM,VGA,,0.0,,Thu Sep 24 00:00:00 EDT 2020,Fri Mar 25 00:00:00 EDT 2022,Y,39,48,43,,,,,,,,,
6.84143193,5.312678571428571,0.0,3.5,21.5376,54,54.0939,0.0,62.0,0.463,209,-1,0.0,209.0,22.8265,56,55.674,60.0,0.0,0.471,6.0,3.0,Part-time 4-Wheel Drive,14,SIDI; PHEV,7,2950,0,Regular Gas and Electricity,Regular Gasoline,9,-1,24.6279,58,57.7352,0.0,58.0,0.481,0,0,43214,0,0,Lincoln,Aviator PHEV AWD,N,True,0,0,460,0.0,20.44,0.0,21.59,Automatic (S10),27.4,76.7,34.6,0.0,Standard Sport Utility Vehicle 4WD,2021,1250,Aviator,,,T,,Plug-in Hybrid,Electricity,21.0,74 kW PMSM,FMX,,0.0,,Thu Sep 24 00:00:00 EDT 2020,Fri Mar 25 00:00:00 EDT 2022,Y,29,34,31,,,,,,,,,
0.0887999999999999,0.0,0.0,8.0,95.62,0,0.0,0.0,35.2489,0.0,0,-1,0.0,0.0,91.9254,0,0.0,36.6656,0.0,0.0,,,All-Wheel Drive,145,,10,800,0,Electricity,Electricity,10,-1,87.78,0,0.0,0.0,38.3971,0.0,26,89,43294,0,0,Polestar,2,N,False,0,0,233,241.9,0.0,222.1,0.0,Automatic (A1),136.6,0.0,125.4,0.0,Midsize Cars,2021,8000,2,,,,,EV,,,150 kW ACPM,VVX,,0.0,,Mon Oct 05 00:00:00 EDT 2020,Wed Feb 02 00:00:00 EST 2022,N,0,0,0,,,,,,,,,
0.1032,0.0,0.0,8.0,85.47,0,0.0,0.0,39.4349,0.0,0,-1,0.0,0.0,78.736,0,0.0,42.8076,0.0,0.0,,,All-Wheel Drive,142,,10,950,0,Electricity,Electricity,10,-1,71.82,0,0.0,0.0,46.9298,0.0,0,0,43295,0,25,Volvo,XC40 AWD BEV,Y,False,0,98,208,223.6,0.0,188.0,0.0,Automatic (A1),122.1,0.0,102.6,0.0,Small Sport Utility Vehicle 4WD,2021,7250,XC40,,,,,EV,,,150 kW ACPM,VVX,,0.0,,Mon Oct 05 00:00:00 EDT 2020,Wed Feb 02 00:00:00 EST 2022,N,0,0,0,,,,,,,,,
12.93787464,5.833529411764706,0.0,2.5,16.1033,51,50.5126,0.0,66.0,0.24,403,-1,0.0,403.0,17.5775,51,50.667,66.0,0.0,0.237,8.0,3.9,All-Wheel Drive,173,SIDI; PHEV,4,4550,0,Premium and Electricity,Premium Gasoline,4,-1,19.7919,51,50.857,0.0,67.0,0.234,0,0,43296,0,0,Ferrari,SF90 Stradale Coupe,N,True,0,0,330,0.0,8.62,0.0,8.37,Automatic (AM8),20.0,69.2,27.3,0.0,Two Seaters,2021,-7500,SF90 Stradale Coupe,G,,T,,Plug-in Hybrid,Electricity,9.0,"99, 99, 150kW 3-phase Sync.",FEX,,0.0,,Mon Oct 05 00:00:00 EDT 2020,Fri Mar 25 00:00:00 EDT 2022,Y,19,22,20,,,,,,,,,
8.696331744761906,7.083571428571429,0.0,3.0,17.9691,42,41.7837,0.0,80.0,0.444,259,-1,0.0,259.0,19.2349,42,41.9091,80.0,0.0,0.443,4.0,2.0,4-Wheel Drive,30,SIDI; PHEV,5,4300,0,Premium and Electricity,Premium Gasoline,7,-1,21.0469,42,42.0634,0.0,79.0,0.442,0,0,43321,0,0,Land Rover,Range Rover PHEV,N,True,0,0,480,0.0,19.159,0.0,19.049,Automatic (S8),22.5,57.6,31.9,0.0,Standard Sport Utility Vehicle 4WD,2021,-3750,Range Rover,,,T,,Plug-in Hybrid,Electricity,19.0,105 kW PMSM,JLX,,0.0,,Mon Oct 12 00:00:00 EDT 2020,Wed May 17 00:00:00 EDT 2023,Y,24,27,25,38.2,,5.5,,7.0,,Type 2,,
8.696331744761906,7.083571428571429,0.0,3.0,17.9691,42,41.7837,0.0,80.0,0.444,259,-1,0.0,259.0,19.2349,42,41.9091,80.0,0.0,0.443,4.0,2.0,4-Wheel Drive,45,SIDI; PHEV,5,4300,0,Premium and Electricity,Premium Gasoline,7,-1,21.0469,42,42.0634,0.0,79.0,0.442,0,0,43322,0,0,Land Rover,Range Rover Sport PHEV,N,True,0,0,480,0.0,19.159,0.0,19.049,Automatic (S8),22.5,57.6,31.9,0.0,Standard Sport Utility Vehicle 4WD,2021,-3750,Range Rover,,,T,,Plug-in Hybrid,Electricity,19.0,105 kW PMSM,JLX,,0.0,,Mon Oct 12 00:00:00 EDT 2020,Wed May 17 00:00:00 EDT 2023,Y,24,27,25,38.2,,5.5,,7.0,,Type 2,,
0.06,0.0,0.0,11.2,140.6978,0,0.0,0.0,23.9556,0.0,0,-1,0.0,0.0,134.2346,0,0.0,25.109,0.0,0.0,,,All-Wheel Drive,35,,10,550,0,Electricity,Electricity,10,-1,127.0987,0,0.0,0.0,26.5188,0.0,0,0,43401,0,15,Tesla,Model 3 Long Range AWD,Y,False,0,97,353,369.5,0.0,333.8,0.0,Automatic (A1),188.3,0.0,170.1,0.0,Midsize Cars,2021,9250,Model 3,,,,,EV,,,98 and 195 kW AC 3-Phase,TSL,standard charger,9.3,with 48A high power charger connector option,Mon Oct 26 00:00:00 EDT 2020,Thu Oct 19 00:00:00 EDT 2023,N,0,0,0,75.0,,6.8,,11.0,250.0,NACS,,
0.072,0.0,0.0,11.6,117.5346,0,0.0,0.0,28.6767,0.0,0,-1,0.0,0.0,112.5105,0,0.0,29.9572,0.0,0.0,,,All-Wheel Drive,38,,10,650,0,Electricity,Electricity,10,-1,106.9243,0,0.0,0.0,31.5223,0.0,0,0,43402,0,15,Tesla,Model 3 Performance AWD,N,False,0,97,315,328.7,0.0,299.0,0.0,Automatic (A1),157.3,0.0,143.1,0.0,Midsize Cars,2021,8750,Model 3,,,,,EV,,,131 and 190 kW AC 3-Phase,TSL,standard charger,9.6,with 48A high power charger connector option,Mon Oct 26 00:00:00 EDT 2020,Thu Oct 19 00:00:00 EDT 2023,N,0,0,0,75.0,,6.8,,11.0,250.0,NACS,,
0.0768,0.0,0.0,15.0,108.7652,0,0.0,0.0,30.9888,0.0,0,-1,0.0,0.0,105.3171,0,0.0,32.0033,0.0,0.0,,,All-Wheel Drive,75,,10,700,0,Electricity,Electricity,10,-1,101.3887,0,0.0,0.0,33.2434,0.0,0,0,43403,0,0,Tesla,Model X Long Range Plus,N,False,0,0,371,382.2,0.0,356.3,0.0,Automatic (A1),144.5,0.0,134.7,0.0,Standard Sport Utility Vehicle 4WD,2021,8500,Model X,,,,,EV,,,180 and 189 kW AC 3-Phase,TSL,standard charger,8.3,with 72A high power charger connector option,Mon Oct 26 00:00:00 EDT 2020,Thu Oct 19 00:00:00 EDT 2023,N,0,0,0,95.0,,8.6,,11.0,250.0,NACS,,
0.0839999999999999,0.0,0.0,15.0,99.5204,0,0.0,0.0,33.8674,0.0,0,-1,0.0,0.0,97.4262,0,0.0,34.5954,0.0,0.0,,,All-Wheel Drive,20,,10,800,0,Electricity,Electricity,10,-1,94.9833,0,0.0,0.0,35.4852,0.0,0,0,43404,0,0,Tesla,Model X Performance (20in Wheels),N,False,0,0,341,348.0,0.0,332.2,0.0,Automatic (A1),133.8,0.0,127.7,0.0,Standard Sport Utility Vehicle 4WD,2021,8000,Model X,,,,,EV,,,151 and 273 kW AC 3-Phase,TSL,standard charger,8.3,with 72A high power charger connector option,Mon Oct 26 00:00:00 EDT 2020,Thu Oct 19 00:00:00 EDT 2023,N,0,0,0,,,,,,,,,
0.0936,0.0,0.0,15.0,88.5122,0,0.0,0.0,38.0795,0.0,0,-1,0.0,0.0,85.8038,0,0.0,39.2815,0.0,0.0,,,All-Wheel Drive,21,,10,900,0,Electricity,Electricity,10,-1,82.7106,0,0.0,0.0,40.7505,0.0,0,0,43405,0,0,Tesla,Model X Performance (22in Wheels),N,False,0,0,300,309.3,0.0,289.0,0.0,Automatic (A1),119.0,0.0,111.2,0.0,Standard Sport Utility Vehicle 4WD,2021,7500,Model X,,,,,EV,,,151 and 273 kW AC 3-Phase,TSL,standard charger,8.3,with 72A high power charger connector option,Mon Oct 26 00:00:00 EDT 2020,Thu Oct 19 00:00:00 EDT 2023,N,0,0,0,,,,,,,,,
0.0648,0.0,0.0,10.0,131.4219,0,0.0,0.0,25.6464,0.0,0,-1,0.0,0.0,124.6231,0,0.0,27.0455,0.0,0.0,,,All-Wheel Drive,45,,10,600,0,Electricity,Electricity,10,-1,117.2121,0,0.0,0.0,28.7556,0.0,0,0,43406,0,0,Tesla,Model Y Long Range AWD,Y,False,0,0,326,342.5,0.0,305.5,0.0,Automatic (A1),171.1,0.0,152.6,0.0,Small Sport Utility Vehicle 4WD,2021,9000,Model Y,,,,,EV,,,69 and 201 kW AC 3-Phase,TSL,standard charger,6.2,with 72A high power charger connector option,Mon Oct 26 00:00:00 EDT 2020,Thu Oct 19 00:00:00 EDT 2023,N,0,0,0,79.0,,7.2,,11.0,250.0,NACS,,
0.072,0.0,0.0,11.8,114.9078,0,0.0,0.0,29.3322,0.0,0,-1,0.0,0.0,110.5307,0,0.0,30.4938,0.0,0.0,,,All-Wheel Drive,47,,10,700,0,Electricity,Electricity,10,-1,105.6138,0,0.0,0.0,31.9135,0.0,0,0,43407,0,0,Tesla,Model Y Performance AWD,N,False,0,0,303,314.4,0.0,289.0,0.0,Automatic (A1),149.6,0.0,137.5,0.0,Small Sport Utility Vehicle 4WD,2021,8500,Model Y,,,,,EV,,,133 and 179 kW AC 3-Phase,TSL,standard charger,6.6,with 72A high power charger connector option,Mon Oct 26 00:00:00 EDT 2020,Thu Oct 19 00:00:00 EDT 2023,N,0,0,0,79.0,,7.2,,11.0,250.0,NACS,,
5.101057672987013,4.311739130434783,0.0,3.0,28.1,70,74.1187,0.1,46.0,0.492,155,-1,0.0,155.0,30.3,69,73.1025,47.0,0.1,0.49,4.0,2.0,All-Wheel Drive,130,SIDI; PHEV,8,2700,0,Premium and Electricity,Premium Gasoline,10,-1,33.4653,68,71.8976,0.1,48.0,0.488,0,0,43408,0,12,Volvo,S60 AWD PHEV,N,True,0,93,510,0.0,22.4,0.0,22.08,Automatic (S8),36.8,105.3,48.5,0.0,Compact Cars,2021,2250,S60,,,T,S,Plug-in Hybrid,Electricity,22.0,34 and 65 kW 3-phase Sync.,VVX,,0.0,,Mon Oct 26 00:00:00 EDT 2020,Fri Jun 23 00:00:00 EDT 2023,Y,40,44,42,,,,,,,,,
0.0696,0.0,0.0,9.5,127.0,0,0.0,0.0,25.9849,0.0,0,-1,0.0,0.0,114.0,0,0.0,29.1732,0.0,0.0,,,Front-Wheel Drive,9,,10,650,0,Electricity,Electricity,10,-1,101.0,0,0.0,0.0,33.0701,0.0,0,0,43412,0,23,Kia,Soul Electric,N,False,0,98,243,268.6829,0.0,211.0939,0.0,Automatic (A1),185.3,0.0,145.6,0.0,Small Station Wagons,2020,8750,Soul,,,,,EV,,,201 kW AC PMSM,KMX,,0.0,,Mon Oct 26 00:00:00 EDT 2020,Wed Feb 02 00:00:00 EST 2022,N,0,0,0,,,,,,,,,
0.0768,0.0,0.0,12.0,108.4231,0,0.0,0.0,31.0865,0.0,0,-1,0.0,0.0,104.8153,0,0.0,32.1566,0.0,0.0,,,All-Wheel Drive,75,,10,700,0,Electricity,Electricity,10,-1,100.719,0,0.0,0.0,33.4644,0.0,0,0,43413,0,0,Tesla,Model X Long Range Plus,N,False,0,0,351,362.5,0.0,336.7,0.0,Automatic (A1),153.4,0.0,142.5,0.0,Standard Sport Utility Vehicle 4WD,2020,8500,Model X,,,,,EV,,,193 and 205 kW AC 3-Phase,TSL,standard charger,8.0,with 72A high power charger connector option,Mon Oct 26 00:00:00 EDT 2020,Fri Jun 23 00:00:00 EDT 2023,N,0,0,0,95.0,,8.6,,11.0,250.0,NACS,,
4.861125101379311,5.950200000000001,0.0,2.4,25.2973,43,43.0492,1.2,38.0,0.619,166,-1,0.0,166.0,26.7163,50,50.4889,44.0,0.7,0.571,4.0,2.0,All-Wheel Drive,400,SIDI; PHEV,8,3050,0,Premium and Electricity,Premium Gasoline,10,-1,28.6828,64,64.0089,0.0,52.0,0.5,0,0,43424,0,0,Audi,Q5,Y,True,0,0,400,0.0,21.7779,0.0,15.0493,Automatic (AM-S7),34.4,59.6,40.9,0.0,Small Sport Utility Vehicle 4WD,2021,1000,Q5,,,T,,Plug-in Hybrid,Electricity,19.0,105kW AC Induction,VGA,,0.0,,Mon Nov 02 00:00:00 EST 2020,Fri Mar 25 00:00:00 EDT 2022,Y,36,39,37,,,,,,,,,
4.022632882758621,3.6281707317073177,0.0,2.0,29.4158,87,86.8853,0.0,39.0,0.63,119,-1,0.0,119.0,29.5207,82,81.6625,41.0,0.0,0.609,6.0,3.6,Front-Wheel Drive,578,PHEV,9,2250,0,Regular Gas and Electricity,Regular Gasoline,10,-1,29.6499,76,76.0734,0.0,45.0,0.58,0,0,43497,0,0,Chrysler,Pacifica Hybrid,Y,True,0,0,520,0.0,34.39,0.0,29.49,Automatic (variable gear ratios),42.7429,123.9,42.7998,0.0,Minivan - 2WD,2021,4750,Pacifica,,,,,Plug-in Hybrid,Electricity,32.0,89 kW AC Induction,CRX,,0.0,,Wed Nov 11 00:00:00 EST 2020,Fri Mar 25 00:00:00 EDT 2022,Y,50,45,48,,,,,,,,,
0.1032,0.0,0.0,10.0,77.7719,0,0.0,0.0,43.3383,0.0,0,-1,0.0,0.0,77.6455,0,0.0,43.4088,0.0,0.0,,,All-Wheel Drive,200,,10,1000,0,Electricity,Electricity,10,-1,77.4914,0,0.0,0.0,43.4952,0.0,0,0,43498,0,0,Audi,e-tron,Y,False,0,0,222,222.74,0.0,221.9408,0.0,Automatic (A1),105.0972,0.0,104.7181,0.0,Standard Sport Utility Vehicle 4WD,2021,7000,e-tron,,,,,EV,,,141 and 172 kW Asynchron 3-Phase,VGA,,0.0,,Wed Nov 11 00:00:00 EST 2020,Wed Feb 02 00:00:00 EST 2022,N,0,0,0,,,,,,,,,
0.1056,0.0,0.0,10.0,75.78,0,0.0,0.0,44.4774,0.0,0,-1,0.0,0.0,76.636,0,0.0,43.9807,0.0,0.0,,,All-Wheel Drive,250,,10,1000,0,Electricity,Electricity,10,-1,77.7087,0,0.0,0.0,43.3735,0.0,0,0,43499,0,0,Audi,e-tron Sportback,N,False,0,0,218,215.9764,0.0,221.4746,0.0,Automatic (A1),102.4054,0.0,105.0118,0.0,Standard Sport Utility Vehicle 4WD,2021,7000,e-tron,,,,,EV,,,141 and 172 kW Asynchron 3-Phase,VGA,,0.0,,Wed Nov 11 00:00:00 EST 2020,Wed Feb 02 00:00:00 EST 2022,N,0,0,0,,,,,,,,,
0.0744,0.0,0.0,14.7,113.608,0,0.0,0.0,29.6678,0.0,0,-1,0.0,0.0,110.2588,0,0.0,30.569,0.0,0.0,,,All-Wheel Drive,22,,10,700,0,Electricity,Electricity,10,-1,106.4242,0,0.0,0.0,31.6704,0.0,26,94,43516,0,0,Tesla,Model S Performance (19in Wheels),N,False,0,0,387,398.3,0.0,373.2,0.0,Automatic (A1),153.4,0.0,143.7,0.0,Large Cars,2021,8500,Model S,,,,,EV,,,149 and 276 kW AC 3-Phase,TSL,standard charger,8.2,with 72A high power charger connector option,Wed Nov 18 00:00:00 EST 2020,Thu Oct 19 00:00:00 EDT 2023,N,0,0,0,,,,,,,,,
0.0839999999999999,0.0,0.0,14.7,98.2036,0,0.0,0.0,34.3216,0.0,0,-1,0.0,0.0,95.6238,0,0.0,35.2475,0.0,0.0,,,All-Wheel Drive,12,,10,800,0,Electricity,Electricity,10,-1,92.6491,0,0.0,0.0,36.3792,0.0,26,94,43517,0,0,Tesla,Model S Performance (21in Wheels),N,False,0,0,334,342.6,0.0,323.2,0.0,Automatic (A1),132.6,0.0,125.1,0.0,Large Cars,2021,8000,Model S,,,,,EV,,,149 and 276 kW AC 3-Phase,TSL,standard charger,8.2,with 72A high power charger connector option,Wed Nov 18 00:00:00 EST 2020,Thu Oct 19 00:00:00 EDT 2023,N,0,0,0,,,,,,,,,
0.0839999999999999,0.0,0.0,7.5,104.0,0,0.0,0.0,32.1858,0.0,0,-1,0.0,0.0,97.0,0,0.0,35.0,0.0,0.0,,,Rear-Wheel Drive,500,,10,800,0,Electricity,Electricity,10,-1,89.0,0,0.0,0.0,37.2967,0.0,0,0,43557,0,0,Volkswagen,ID.4 1st,N,False,0,0,250,266.7659,0.0,230.1587,0.0,Automatic (A1),149.6,0.0,129.1,0.0,Small Sport Utility Vehicle 2WD,2021,8000,ID.4,,,,,EV,,,150 kW AC 3-Phase,VGA,,0.0,,Tue Nov 24 00:00:00 EST 2020,Wed Feb 02 00:00:00 EST 2022,N,0,0,0,,,,,,,,,
0.0839999999999999,0.0,0.0,7.5,104.0,0,0.0,0.0,32.1858,0.0,0,-1,0.0,0.0,97.0,0,0.0,35.0,0.0,0.0,,,Rear-Wheel Drive,501,,10,800,0,Electricity,Electricity,10,-1,89.0,0,0.0,0.0,37.2967,0.0,0,0,43558,0,0,Volkswagen,ID.4 Pro S,Y,False,0,0,250,266.7659,0.0,230.1587,0.0,Automatic (A1),149.6,0.0,129.1,0.0,Small Sport Utility Vehicle 2WD,2021,8000,ID.4,,,,,EV,,,150 kW AC 3-Phase,VGA,,0.0,,Tue Nov 24 00:00:00 EST 2020,Wed Feb 02 00:00:00 EST 2022,N,0,0,0,,,,,,,,,
0.0863999999999999,0.0,0.0,8.5,99.61,0,0.0,0.0,33.8571,0.0,0,-1,0.0,0.0,92.7822,0,0.0,36.3643,0.0,0.0,,,All-Wheel Drive,147,,10,800,0,Electricity,Electricity,10,-1,85.61,0,0.0,0.0,39.4286,0.0,0,0,43602,0,24,Ford,Mustang Mach-E AWD,N,False,0,101,211,225.5,0.0,193.7,0.0,Automatic (A1),142.3,0.0,122.3,0.0,Small Station Wagons,2021,8000,Mustang Mach-E,,,,,EV,,,198 and 198 kW AC PMSM,FMX,,0.0,,Fri Dec 11 00:00:00 EST 2020,Wed Feb 02 00:00:00 EST 2022,N,0,0,0,91.0,,8.3,,11.0,150.0,CCS,4.8,
0.0887999999999999,0.0,0.0,10.7,96.4888,0,0.0,0.0,34.9419,0.0,0,-1,0.0,0.0,90.4336,0,0.0,37.2743,0.0,0.0,,,All-Wheel Drive,173,,10,850,0,Electricity,Electricity,10,-1,83.9914,0,0.0,0.0,40.125,0.0,0,0,43603,0,24,Ford,Mustang Mach-E AWD Extended,Y,False,0,101,270,286.4,0.0,249.2,0.0,Automatic (A1),137.8412,0.0,119.9877,0.0,Small Station Wagons,2021,7750,Mustang Mach-E,,,,,EV,,,209 and 209 kW AC PMSM,FMX,,0.0,,Fri Dec 11 00:00:00 EST 2020,Wed Feb 02 00:00:00 EST 2022,N,0,0,0,,,,,,,,,
0.0815999999999999,0.0,0.0,8.8,105.35,0,0.0,0.0,32.0,0.0,0,-1,0.0,0.0,99.6045,0,0.0,33.8643,0.0,0.0,,,Rear-Wheel Drive,52,,10,750,0,Electricity,Electricity,10,-1,93.38,0,0.0,0.0,36.1429,0.0,0,0,43604,0,24,Ford,Mustang Mach-E RWD,N,False,0,101,230,242.4,0.0,215.0,0.0,Automatic (A1),150.5,0.0,133.4,0.0,Small Station Wagons,2021,8250,Mustang Mach-E,,,,,EV,,,198 kW AC PMSM,FMX,,0.0,,Fri Dec 11 00:00:00 EST 2020,Wed Feb 02 00:00:00 EST 2022,N,0,0,0,91.0,,8.3,,11.0,150.0,CCS,4.8,
0.0839999999999999,0.0,0.0,10.9,103.88,0,0.0,0.0,32.4286,0.0,0,-1,0.0,0.0,97.3321,0,0.0,34.6143,0.0,0.0,,,Rear-Wheel Drive,174,,10,800,0,Electricity,Electricity,10,-1,90.37,0,0.0,0.0,37.2857,0.0,0,0,43605,0,24,Ford,Mustang Mach-E RWD Extended,N,False,0,101,300,318.61,0.0,277.13,0.0,Automatic (A1),148.4,0.0,129.1,0.0,Small Station Wagons,2021,8000,Mustang Mach-E,,,,,EV,,,216 kW AC PMSM,FMX,,0.0,,Fri Dec 11 00:00:00 EST 2020,Wed Feb 02 00:00:00 EST 2022,N,0,0,0,,,,,,,,,
2.412197597777778,0.1152,0.0,6.25,26.6545,71,71.0511,0.0,47.0,0.8,70,-1,0.0,70.0,25.8182,70,70.1674,48.0,0.0,0.797,3.0,1.5,Rear-Wheel Drive,3,SIDI; PHEV,9,3150,1100,Premium Gas or Electricity,Premium Gasoline,10,-1,24.8647,69,69.1167,0.0,49.0,0.793,0,0,43606,0,5,Karma,GS-6 (21-inch wheels),N,False,0,87,330,0.0,62.0,0.0,60.28,Automatic (A1),32.6,101.5,36.8,98.7,Subcompact Cars,2021,4500,GS-6,,,T,,Plug-in Hybrid,Electricity,61.0,175 and 175 kw DCPM,KAL,,0.0,,Fri Dec 11 00:00:00 EST 2020,Thu Oct 19 00:00:00 EDT 2023,Y,53,50,52,,,,,,,,,
3.34267044,0.1296,0.0,6.25,22.0245,63,63.4767,0.0,53.0,0.774,96,-1,0.0,96.0,21.7073,62,62.1198,54.0,0.0,0.766,3.0,1.5,Rear-Wheel Drive,4,SIDI; PHEV,9,3700,1200,Premium Gas or Electricity,Premium Gasoline,10,-1,21.3319,61,60.5382,0.0,56.0,0.755,0,0,43607,0,5,Karma,GS-6 (22-inch wheels),N,False,0,87,280,0.0,55.98,0.0,52.21,Automatic (A1),31.6,90.4,30.8,86.4,Subcompact Cars,2021,2750,GS-6,,,T,,Plug-in Hybrid,Electricity,54.0,175 and 175 kw DCPM,KAL,,0.0,,Fri Dec 11 00:00:00 EST 2020,Thu Oct 19 00:00:00 EDT 2023,Y,44,42,43,,,,,,,,,
0.072,0.0,0.0,7.0,126.84,0,0.0,0.0,26.5728,0.0,0,-1,0.0,0.0,114.1088,0,0.0,29.5376,0.0,0.0,,,Front-Wheel Drive,1,Top Speed approx. 68 MPH,10,650,0,Electricity,Electricity,10,-1,101.64,0,0.0,0.0,33.1612,0.0,0,0,43640,0,8,Kandi,K27,N,False,0,101,59,64.3,0.0,51.6,0.0,Automatic (A1),181.2,0.0,145.2,0.0,Compact Cars,2021,8750,K27,,,,,EV,,,20 kW AC Induction,SCA,,0.0,,Tue Jan 05 00:00:00 EST 2021,Wed Feb 02 00:00:00 EST 2022,N,0,0,0,,,,,,,,,
0.072,0.0,0.0,7.0,124.39,0,0.0,0.0,27.0962,0.0,0,-1,0.0,0.0,113.1242,0,0.0,29.7947,0.0,0.0,,,Rear-Wheel Drive,101,,10,650,0,Electricity,Electricity,10,-1,101.85,0,0.0,0.0,33.0928,0.0,0,0,43662,0,15,BMW,i3s,N,False,0,84,153,166.5,0.0,136.4,0.0,Automatic (A1),177.7,0.0,145.5,0.0,Subcompact Cars,2021,8750,i3,,,,,EV,,,135 kW AC Induction,BMX,,0.0,,Tue Jan 12 00:00:00 EST 2021,Wed Feb 02 00:00:00 EST 2022,N,0,0,0,,,,,,,,,
0.0696,0.0,0.0,10.0,127.19,0,0.0,0.0,26.4997,0.0,0,-1,0.0,0.0,117.6,0,0.0,28.6629,0.0,0.0,,,Front-Wheel Drive,103,,10,650,0,Electricity,Electricity,10,-1,107.66,0,0.0,0.0,31.3069,0.0,0,0,43663,0,17,Chevrolet,Bolt EV,N,False,0,94,259,277.7,0.0,235.1,0.0,Automatic (variable gear ratios),181.7,0.0,153.8,0.0,Small Station Wagons,2021,8750,Bolt EV,,,,,EV,,,150 kW ACPM,GMX,,0.0,,Tue Jan 12 00:00:00 EST 2021,Thu Oct 19 00:00:00 EDT 2023,N,0,0,0,65.0,,9.0,,7.2,55.0,CCS,,
0.072,0.0,0.0,8.0,122.92,0,0.0,0.0,27.4203,0.0,0,-1,0.0,0.0,110.7755,0,0.0,30.4264,0.0,0.0,,,Front-Wheel Drive,902,,10,700,0,Electricity,Electricity,10,-1,98.84,0,0.0,0.0,34.1006,0.0,24,92,43664,0,0,Nissan,Leaf (40 kW-hr battery pack),N,False,0,0,149,163.2,0.0,131.3,0.0,Automatic (A1),175.6,0.0,141.2,0.0,Midsize Cars,2021,8500,Leaf,,,,,EV,,,110 kW DCPM,NSX,,0.0,,Tue Jan 12 00:00:00 EST 2021,Wed Feb 02 00:00:00 EST 2022,N,0,0,0,,,,,,,,,
0.0744,0.0,0.0,11.0,117.95,0,0.0,0.0,28.5757,0.0,0,-1,0.0,0.0,107.6674,0,0.0,31.3048,0.0,0.0,,,Front-Wheel Drive,903,,10,700,0,Electricity,Electricity,10,-1,97.3,0,0.0,0.0,34.6403,0.0,24,92,43665,0,0,Nissan,Leaf (62 kW-hr battery pack),N,False,0,0,226,245.0,0.0,202.2,0.0,Automatic (A1),168.5,0.0,139.0,0.0,Midsize Cars,2021,8500,Leaf,,,,,EV,,,160 kW DCPM,NSX,,0.0,,Tue Jan 12 00:00:00 EST 2021,Wed Feb 02 00:00:00 EST 2022,N,0,0,0,,,,,,,,,
0.0768,0.0,0.0,11.0,114.45,0,0.0,0.0,29.4495,0.0,0,-1,0.0,0.0,104.4048,0,0.0,32.283,0.0,0.0,,,Front-Wheel Drive,904,,10,750,0,Electricity,Electricity,10,-1,94.29,0,0.0,0.0,35.7461,0.0,24,92,43666,0,0,Nissan,Leaf SV/SL (62 kW-hr battery pack),N,False,0,0,215,233.7,0.0,192.5,0.0,Automatic (A1),163.5,0.0,134.7,0.0,Midsize Cars,2021,8250,Leaf,,,,,EV,,,160 kW DCPM,NSX,,0.0,,Tue Jan 12 00:00:00 EST 2021,Wed Feb 02 00:00:00 EST 2022,N,0,0,0,,,,,,,,,
0.0791999999999999,0.0,0.0,11.4,107.8,0,0.0,0.0,31.2857,0.0,0,-1,0.0,0.0,101.0884,0,0.0,33.3429,0.0,0.0,,,Rear-Wheel Drive,257,,10,750,0,Electricity,Electricity,10,-1,93.94,0,0.0,0.0,35.8571,0.0,0,0,43683,0,24,Ford,Mustang Mach-E RWD California Route 1,N,False,0,101,305,323.5,0.0,281.8,0.0,Automatic (A1),154.0,0.0,134.2,0.0,Small Station Wagons,2021,8250,Mustang Mach-E,,,,,EV,,,216 kW ACPM,FMX,,0.0,,Wed Jan 20 00:00:00 EST 2021,Wed Feb 02 00:00:00 EST 2022,N,0,0,0,,,,,,,,,
0.1008,0.0,0.0,9.5,78.75,0,0.0,0.0,42.8,0.0,0,-1,0.0,0.0,79.4048,0,0.0,42.4471,0.0,0.0,,,All-Wheel Drive,721,,10,950,0,Electricity,Electricity,10,-1,80.22,0,0.0,0.0,42.0157,0.0,0,0,43684,0,16,Porsche,Taycan 4S Perf Battery,N,False,0,108,199,197.7,0.0,201.4,0.0,Automatic (A2),112.5,0.0,114.6,0.0,Large Cars,2021,7250,Taycan,,,,,EV,,,194 and 280 kW ACPM,PRX,,0.0,,Wed Jan 20 00:00:00 EST 2021,Wed Feb 02 00:00:00 EST 2022,N,0,0,0,,,,,,,,,
0.1032,0.0,0.0,10.5,74.76,0,0.0,0.0,45.0843,0.0,0,-1,0.0,0.0,77.4982,0,0.0,43.4913,0.0,0.0,,,All-Wheel Drive,722,,10,1000,0,Electricity,Electricity,10,-1,81.13,0,0.0,0.0,41.5444,0.0,0,0,43685,0,16,Porsche,Taycan 4S Perf Battery Plus,N,False,0,108,227,219.0,0.0,237.7,0.0,Automatic (A2),106.8,0.0,115.9,0.0,Large Cars,2021,7000,Taycan,,,,,EV,,,210 and 250 kW ACPM,PRX,,0.0,,Wed Jan 20 00:00:00 EST 2021,Wed Feb 02 00:00:00 EST 2022,N,0,0,0,,,,,,,,,
3.0167502659090912,2.8334285714285716,0.0,2.25,48.1489,110,109.909,0.0,30.0,0.56,90,-1,0.0,90.0,46.4127,105,104.8842,32.0,0.0,0.54,4.0,1.6,Front-Wheel Drive,40,SIDI; PHEV,10,1450,0,Regular Gas and Electricity,Regular Gasoline,10,-1,44.4535,99,99.3336,0.0,34.0,0.515,0,0,43686,0,19,Kia,Niro Plug-in Hybrid,N,True,0,101,560,0.0,27.67,0.0,24.08,Automatic (AM-S6),63.9,157.0,61.8,141.9,Small Station Wagons,2021,6750,Niro,,,,,Plug-in Hybrid,Electricity,26.0,45 kW IPMSM,KMX,,0.0,,Wed Jan 20 00:00:00 EST 2021,Wed May 17 00:00:00 EDT 2023,Y,70,62,66,,,,,,,,,
4.932866275476191,3.3056666666666668,0.0,2.0,35.6,99,99.3569,0.0,34.0,0.443,151,-1,0.0,151.0,35.1,90,89.6953,38.0,0.0,0.417,4.0,2.0,All-Wheel Drive,35,SIDI; PHEV,9,1950,0,Regular Gas and Electricity,Regular Gasoline,9,-1,34.5,80,80.1674,0.0,42.0,0.382,0,0,43687,0,0,Subaru,Crosstrek Hybrid AWD,N,True,0,0,480,0.0,19.11,0.0,15.52,Automatic (variable gear ratios),51.8,141.9,50.1,114.5,Small Sport Utility Vehicle 4WD,2021,4750,Crosstrek,,,,,Plug-in Hybrid,Electricity,17.0,88 kW AC Induction,FJX,,0.0,,Wed Jan 20 00:00:00 EST 2021,Wed May 17 00:00:00 EDT 2023,Y,49,43,46,,,,,,,,,
8.57655333579832,6.467608695652174,0.0,3.0,16.9301,44,44.4304,0.0,77.0,0.458,256,-1,0.0,256.0,18.5494,46,46.3313,73.0,0.0,0.471,6.0,3.0,All-Wheel Drive,600,SIDI; PHEV,5,4300,0,Premium and Electricity,Premium Gasoline,7,-1,21.0049,49,48.8876,0.0,69.0,0.486,0,0,43724,0,0,Bentley,Bentayga,N,True,0,0,390,0.0,17.08,0.0,18.69,Automatic (S8),21.6,62.0,29.9,69.8,Standard Sport Utility Vehicle 4WD,2021,-3500,Bentayga,,,T,,Plug-in Hybrid,Electricity,18.0,100 kW AC Induction,VGA,,0.0,,Wed Feb 10 00:00:00 EST 2021,Wed May 17 00:00:00 EDT 2023,Y,23,29,26,,,,,,,,,
2.4948173188235296,2.5000840336134456,0.0,2.25,52.4362,123,123.1224,0.0,28.0,0.584,74,-1,0.0,74.0,52.0091,119,119.4016,28.0,0.0,0.575,4.0,1.6,Front-Wheel Drive,57,SIDI; PHEV,10,1300,0,Regular Gas and Electricity,Regular Gasoline,10,-1,51.4965,115,115.1485,0.0,28.0,0.563,23,96,43725,0,0,Hyundai,Ioniq Plug-in Hybrid,N,True,0,0,620,0.0,29.86,0.0,27.95,Automatic (AM-S6),72.3,175.8897,72.4,164.5013,Midsize Cars,2021,7500,Ioniq,,,,,Plug-in Hybrid,Electricity,29.0,45 kW IPMSM,HYX,,0.0,,Wed Feb 10 00:00:00 EST 2021,Wed May 17 00:00:00 EDT 2023,Y,78,74,76,,,,,,,,,
5.572271826923076,4.0204054054054055,0.0,4.0,25.7007,77,77.1598,0.0,44.0,0.531,165,-1,0.0,165.0,25.8543,74,74.2329,45.0,0.0,0.518,4.0,2.4,All-Wheel Drive,216,PHEV,8,2600,0,Regular Gas and Electricity,Regular Gasoline,10,-1,26.0445,71,70.9438,0.0,47.0,0.502,0,0,43726,0,0,Mitsubishi,Outlander PHEV,N,True,0,0,320,0.0,25.29,0.0,23.13,Automatic (A1),37.7025,110.2,40.6163,101.4,Small Sport Utility Vehicle 4WD,2021,3000,Outlander,,,,,Plug-in Hybrid,Electricity,24.0,60 and 70 kW DCPM,MTX,,0.0,,Wed Feb 10 00:00:00 EST 2021,Wed May 17 00:00:00 EDT 2023,N,39,38,39,,,,,,,,,
6.0767599435344835,4.64859375,0.0,3.0,24.4239,59,58.9791,0.0,50.0,0.469,178,-1,0.0,178.0,26.4581,64,64.2312,49.0,0.0,0.474,4.0,2.0,Rear-Wheel Drive,536,SIDI; PHEV,8,3150,0,Premium and Electricity,Premium Gasoline,9,-1,29.4566,72,72.0758,0.0,48.0,0.48,0,0,43738,0,10,BMW,530e,N,True,0,99,340,0.0,20.81,0.0,21.54,Automatic (S8),32.2,84.3,41.8,103.0,Compact Cars,2021,1000,5 Series,,,T,,Plug-in Hybrid,Electricity,21.0,80 kW DCPM,BMX,,0.0,,Wed Feb 17 00:00:00 EST 2021,Wed May 10 00:00:00 EDT 2023,Y,34,41,37,,,,,,,,,
6.855467967857143,4.7985483870967744,0.0,3.0,22.4103,59,58.5155,0.0,56.0,0.435,203,-1,0.0,203.0,24.6751,62,62.0523,53.0,0.0,0.445,4.0,2.0,All-Wheel Drive,537,SIDI; PHEV,7,3250,0,Premium and Electricity,Premium Gasoline,9,-1,28.1525,67,67.002,0.0,50.0,0.457,0,0,43739,0,10,BMW,530e xDrive,N,True,0,99,320,0.0,18.59,0.0,20.0,Automatic (S8),29.5,82.6,40.5,95.7,Compact Cars,2021,0,5 Series,,,T,,Plug-in Hybrid,Electricity,19.0,80 kW DCPM,BMX,,0.0,,Wed Feb 17 00:00:00 EST 2021,Wed May 10 00:00:00 EDT 2023,Y,30,38,33,,,,,,,,,
7.4247592,4.9585,0.0,3.0,21.3424,59,58.7567,0.0,57.0,0.419,204,-1,0.0,204.0,23.7073,60,59.9409,56.0,0.0,0.423,4.0,2.0,All-Wheel Drive,376,SIDI; PHEV,7,3400,0,Premium and Electricity,Premium Gasoline,9,-1,27.4208,61,61.4548,0.0,54.0,0.427,0,0,43740,0,0,BMW,X3 xDrive30e,Y,True,0,0,340,0.0,17.66,0.0,18.11,Automatic (S8),30.8,83.1,38.9,87.8,Small Sport Utility Vehicle 4WD,2021,-750,X3,,,T,,Plug-in Hybrid,Electricity,18.0,80 kW DCPM,BMX,,0.0,,Wed Feb 17 00:00:00 EST 2021,Wed May 10 00:00:00 EDT 2023,Y,29,35,32,,,,,,,,,
0.8579571693548388,0.0768,0.0,7.0,30.0914,107,106.8126,0.0,30.0,0.927,22,-1,0.0,22.0,30.5657,100,99.9305,32.0,0.0,0.92,2.0,0.6,Rear-Wheel Drive,102,PHEV,10,2650,700,Premium Gas or Electricity,Premium Gasoline,10,-1,31.1662,93,92.6355,0.0,35.0,0.91,0,0,43745,0,15,BMW,i3 with Range Extender,N,False,0,84,200,0.0,135.28,0.0,114.76,Automatic (A1),44.7,152.6,44.8,132.3,Subcompact Cars,2021,7500,i3,,,,,Plug-in Hybrid,Electricity,126.0,125 kW DCPM,BMX,,0.0,,Wed Feb 24 00:00:00 EST 2021,Wed May 10 00:00:00 EDT 2023,Y,92,79,86,,,,,,,,,
0.8579571693548388,0.0768,0.0,7.0,30.0914,107,106.8136,0.0,30.0,0.927,22,-1,0.0,22.0,30.5657,100,99.931,32.0,0.0,0.92,2.0,0.6,Rear-Wheel Drive,103,PHEV,10,2650,700,Premium Gas or Electricity,Premium Gasoline,10,-1,31.1662,93,92.6356,0.0,35.0,0.91,0,0,43746,0,15,BMW,i3s with Range Extender,N,False,0,84,200,0.0,135.28,0.0,114.76,Automatic (A1),44.7,152.6,44.8,132.3,Subcompact Cars,2021,7500,i3,,,,,Plug-in Hybrid,Electricity,126.0,135 kW DCPM,BMX,,0.0,,Wed Feb 24 00:00:00 EST 2021,Wed May 10 00:00:00 EDT 2023,Y,92,79,86,,,,,,,,,
0.0648,0.0,0.0,9.0,132.0,0,0.0,0.0,25.0,0.0,0,-1,0.0,0.0,120.0,0,0.0,27.0,0.0,0.0,,,Front-Wheel Drive,26,,10,600,0,Electricity,Electricity,10,-1,108.0,0,0.0,0.0,31.0,0.0,0,0,43747,0,0,Hyundai,Kona Electric,Y,False,0,0,258,0.0,0.0,0.0,0.0,Automatic (A1),195.5,0.0,155.5,0.0,Small Sport Utility Vehicle 2WD,2021,9000,Kona,,,,,EV,,,150 kW AC PMSM,HYX,,0.0,,Wed Feb 24 00:00:00 EST 2021,Wed Feb 02 00:00:00 EST 2022,N,0,0,0,58.0,,8.1,,7.2,100.0,CCS2,,
3.960601190404412,3.8142307692307695,0.0,3.4,34.194,83,82.5024,0.0,41.0,0.59,117,-1,0.0,117.0,33.2893,78,77.5597,43.0,0.0,0.568,4.0,2.5,Part-time 4-Wheel Drive,101,PHEV,9,2050,0,Regular Gas and Electricity,Regular Gasoline,10,-1,32.2464,72,72.268,0.0,46.0,0.539,0,0,43774,0,0,Lincoln,Corsair AWD PHEV,N,True,0,0,430,0.0,30.38,0.0,25.96,Automatic (variable gear ratios),46.1,117.9,46.5,103.2,Small Sport Utility Vehicle 4WD,2021,4750,Corsair,,,,,Plug-in Hybrid,Electricity,28.0,36 and 50 kW DCPM,FMX,,0.0,,Thu Mar 11 00:00:00 EST 2021,Wed May 17 00:00:00 EDT 2023,Y,52,45,49,,,,,,,,,
8.617678635,6.467608695652174,0.0,3.0,19.9093,45,45.0457,0.0,74.0,0.397,257,-1,0.0,257.0,20.8658,46,46.268,72.0,0.0,0.401,6.0,3.0,All-Wheel Drive,441,SIDI; PHEV,6,3900,0,Premium and Electricity,Premium Gasoline,7,-1,22.1674,48,47.855,0.0,70.0,0.406,0,0,43775,0,0,Porsche,Cayenne e-Hybrid,N,True,0,0,430,0.0,16.37,0.0,16.85,Automatic (S8),25.1,63.7,30.9,68.2,Standard Sport Utility Vehicle 4WD,2021,-3000,Cayenne,,,T,,Plug-in Hybrid,Electricity,17.0,99 kW DC Brushless,PRX,,0.0,,Thu Mar 11 00:00:00 EST 2021,Wed May 17 00:00:00 EDT 2023,Y,26,28,27,,,,,,,,,
8.617678635,6.467608695652174,0.0,3.0,19.9093,45,45.0457,0.0,74.0,0.397,257,-1,0.0,257.0,20.8658,46,46.268,72.0,0.0,0.401,6.0,3.0,All-Wheel Drive,442,SIDI; PHEV,6,3900,0,Premium and Electricity,Premium Gasoline,7,-1,22.1674,48,47.855,0.0,70.0,0.406,0,0,43776,0,0,Porsche,Cayenne e-Hybrid Coupe,N,True,0,0,430,0.0,16.37,0.0,16.85,Automatic (S8),25.1,63.7,30.9,68.2,Standard Sport Utility Vehicle 4WD,2021,-3000,Cayenne,,,T,,Plug-in Hybrid,Electricity,17.0,99 kW DC Brushless,PRX,,0.0,,Thu Mar 11 00:00:00 EST 2021,Wed May 17 00:00:00 EDT 2023,Y,26,28,27,,,,,,,,,
10.42511988264706,7.083571428571429,0.0,3.0,17.0142,40,40.2439,0.0,87.0,0.366,320,-1,0.0,320.0,18.052,42,41.7939,82.0,0.0,0.366,8.0,4.0,All-Wheel Drive,451,SIDI; PHEV,4,4550,0,Premium and Electricity,Premium Gasoline,6,-1,19.5061,44,43.8584,0.0,76.0,0.365,0,0,43777,0,0,Porsche,Cayenne Turbo S e-Hybrid,N,True,0,0,370,0.0,14.66,0.0,14.6,Automatic (S8),21.2,54.6,26.9,62.6,Standard Sport Utility Vehicle 4WD,2021,-5500,Cayenne,,,T,,Plug-in Hybrid,Electricity,15.0,99 kW DC Brushless,PRX,,0.0,,Thu Mar 11 00:00:00 EST 2021,Wed May 17 00:00:00 EDT 2023,Y,21,23,22,,,,,,,,,
10.42511988264706,7.083571428571429,0.0,3.0,17.0142,40,40.2439,0.0,87.0,0.366,320,-1,0.0,320.0,18.052,42,41.7939,82.0,0.0,0.366,8.0,4.0,All-Wheel Drive,452,SIDI; PHEV,4,4550,0,Premium and Electricity,Premium Gasoline,6,-1,19.5061,44,43.8584,0.0,76.0,0.365,0,0,43778,0,0,Porsche,Cayenne Turbo S e-Hybrid Coupe,N,True,0,0,370,0.0,14.66,0.0,14.6,Automatic (S8),21.2,54.6,26.9,62.6,Standard Sport Utility Vehicle 4WD,2021,-5500,Cayenne,,,T,,Plug-in Hybrid,Electricity,15.0,99 kW DC Brushless,PRX,,0.0,,Thu Mar 11 00:00:00 EST 2021,Wed May 17 00:00:00 EDT 2023,Y,21,23,22,,,,,,,,,
7.72046571,6.071632653061224,0.0,2.4,20.3076,52,51.8441,0.0,65.0,0.498,230,-1,0.0,230.0,20.0927,49,48.7774,68.0,0.0,0.487,4.0,2.0,4-Wheel Drive,576,SIDI; PHEV,6,3400,0,Regular Gas and Electricity,Regular Gasoline,8,-1,19.8362,45,45.4886,0.0,71.0,0.472,0,0,43801,0,0,Jeep,Wrangler 4dr 4xe,Y,True,0,0,370,0.0,22.85,0.0,21.0,Automatic 8-spd,27.6,73.4,29.8,65.0,Small Sport Utility Vehicle 4WD,2021,-250,Wrangler,,,T,,Plug-in Hybrid,Electricity,22.0,100 kW AC Induction,CRX,,0.0,,Wed Mar 17 00:00:00 EDT 2021,Wed May 17 00:00:00 EDT 2023,Y,29,27,28,,,,,,,,,
0.0984,0.0,0.0,9.5,76.0,0,0.0,0.0,43.0,0.0,0,-1,0.0,0.0,79.0,0,0.0,41.0,0.0,0.0,,,Rear-Wheel Drive,701,,10,900,0,Electricity,Electricity,10,-1,84.0,0,0.0,0.0,39.0,0.0,0,0,43802,0,12,Porsche,Taycan Perf Battery,N,False,0,88,200,191.0377,0.0,210.6604,0.0,Automatic (A2),112.8,0.0,124.4,0.0,Compact Cars,2021,7500,Taycan,,,,,EV,,,240 kW ACPM,PRX,,0.0,,Wed Mar 17 00:00:00 EDT 2021,Mon Apr 11 00:00:00 EDT 2022,N,0,0,0,,,,,,,,,
0.108,0.0,0.0,10.5,71.33,0,0.0,0.0,47.2522,0.0,0,-1,0.0,0.0,74.991,0,0.0,44.9454,0.0,0.0,,,Rear-Wheel Drive,702,,10,1000,0,Electricity,Electricity,10,-1,80.01,0,0.0,0.0,42.126,0.0,0,0,43803,0,12,Porsche,Taycan Perf Battery Plus,N,False,0,89,225,213.7,0.0,239.8,0.0,Automatic (A2),101.9,0.0,114.3,0.0,Compact Cars,2021,7000,Taycan,,,,,EV,,,280 kW ACPM,PRX,,0.0,,Wed Mar 17 00:00:00 EDT 2021,Mon Apr 11 00:00:00 EDT 2022,N,0,0,0,,,,,,,,,
0.072,0.0,0.0,7.0,124.39,0,0.0,0.0,27.0962,0.0,0,-1,0.0,0.0,113.1242,0,0.0,29.7947,0.0,0.0,,,Rear-Wheel Drive,100,,10,650,0,Electricity,Electricity,10,-1,101.85,0,0.0,0.0,33.0928,0.0,0,0,43819,0,15,BMW,i3,N,False,0,84,153,166.5,0.0,136.4,0.0,Automatic (A1),177.7,0.0,145.5,0.0,Subcompact Cars,2021,8750,i3,,,,,EV,,,125 kW AC Induction,BMX,,0.0,,Wed Mar 24 00:00:00 EDT 2021,Wed Feb 02 00:00:00 EST 2022,N,0,0,0,,,,,,,,,
0.072,0.0,0.0,9.5,123.06,0,0.0,0.0,27.3891,0.0,0,-1,0.0,0.0,112.3234,0,0.0,30.0071,0.0,0.0,,,Front-Wheel Drive,36,,10,700,0,Electricity,Electricity,10,-1,101.5,0,0.0,0.0,33.2069,0.0,0,0,43820,0,22,Kia,Niro Electric,N,False,0,97,239,259.0,0.0,213.6,0.0,Automatic (A1),175.8,0.0,145.0,0.0,Small Station Wagons,2021,8500,Niro,,,,,EV,,,150 kW AC PMSM,KMX,,0.0,,Wed Mar 24 00:00:00 EDT 2021,Wed Feb 02 00:00:00 EST 2022,N,0,0,0,,,,,,,,,
0.0576,0.0,0.0,7.8,150.1958,0,0.0,0.0,22.4407,0.0,0,-1,0.0,0.0,141.9512,0,0.0,23.7441,0.0,0.0,,,Rear-Wheel Drive,31,,10,550,0,Electricity,Electricity,10,-1,133.0263,0,0.0,0.0,25.3371,0.0,0,0,43821,0,15,Tesla,Model 3 Standard Range Plus RWD,Y,False,0,97,263,277.5,0.0,234.7,0.0,Automatic (A1),201.2,0.0,178.2,0.0,Midsize Cars,2021,9250,Model 3,,,,,EV,,,198 kW AC 3-Phase,TSL,standard charger,6.5,with 72A high power charger connector option,Wed Mar 24 00:00:00 EDT 2021,Thu Oct 19 00:00:00 EDT 2023,N,0,0,0,,,,,,,,,
0.06,0.0,0.0,5.8,144.62,0,0.0,0.0,23.3059,0.0,0,-1,0.0,0.0,132.768,0,0.0,25.3864,0.0,0.0,,,Front-Wheel Drive,54,,10,550,0,Electricity,Electricity,10,-1,120.68,0,0.0,0.0,27.9292,0.0,0,0,43879,0,23,Hyundai,Ioniq Electric,Y,False,0,96,170,183.8,0.0,153.3,0.0,Automatic (A1),206.6,0.0,172.4,0.0,Midsize Cars,2021,9250,Ioniq,,,,,EV,,,100 kW AC PMSM,HYX,,0.0,,Tue Apr 06 00:00:00 EDT 2021,Wed Feb 02 00:00:00 EST 2022,N,0,0,0,,,,,,,,,
0.0624,0.0,0.0,8.0,139.8564,0,0.0,0.0,24.0997,0.0,0,-1,0.0,0.0,129.4967,0,0.0,26.0277,0.0,0.0,,,Rear-Wheel Drive,41,,10,600,0,Electricity,Electricity,10,-1,118.746,0,0.0,0.0,28.3841,0.0,0,0,43880,0,0,Tesla,Model Y Standard Range RWD,N,False,0,0,244,261.5,0.0,222.1,0.0,Automatic (A1),190.8,0.0,162.0,0.0,Small Sport Utility Vehicle 2WD,2021,9000,Model Y,,,,,EV,,,209 kW AC 3-Phase,TSL,standard charger,4.4,with 72A high power charger connector option,Tue Apr 06 00:00:00 EDT 2021,Thu Oct 19 00:00:00 EDT 2023,N,0,0,0,,,,,,,,,
0.1056,0.0,0.0,13.0,79.8,0,0.0,0.0,42.2368,0.0,0,-1,0.0,0.0,76.0705,0,0.0,44.3076,0.0,0.0,,,4-Wheel Drive,591,,10,1000,0,Electricity,Electricity,10,-1,71.96,0,0.0,0.0,46.8385,0.0,0,0,43889,0,0,Jaguar,I-Pace EV400,N,False,0,0,234,244.8,0.0,221.0,0.0,Automatic (A1),113.9926,0.0,102.8212,0.0,Small Sport Utility Vehicle 4WD,2021,7000,I-Pace,,,,,EV,,,147 and 147 kW AC 3-Phase,JLX,,0.0,,Mon Apr 12 00:00:00 EDT 2021,Wed Feb 02 00:00:00 EST 2022,N,0,0,0,,,,,,,,,
0.108,0.0,0.0,10.5,71.0,0,0.0,0.0,46.0,0.0,0,-1,0.0,0.0,73.0,0,0.0,45.0,0.0,0.0,,,All-Wheel Drive,732,,10,1000,0,Electricity,Electricity,10,-1,75.0,0,0.0,0.0,43.0,0.0,0,0,43910,0,16,Porsche,Taycan Turbo,N,False,0,108,212,206.7,0.0,218.4,0.0,Automatic (A2),105.3,0.0,111.2,0.0,Large Cars,2021,7000,Taycan,,,,,EV,,,TBD ACPM,PRX,,0.0,,Mon Apr 26 00:00:00 EDT 2021,Wed Feb 02 00:00:00 EST 2022,N,0,0,0,,,,,,,,,
0.1152,0.0,0.0,10.5,69.3,0,0.0,0.0,48.6364,0.0,0,-1,0.0,0.0,70.0767,0,0.0,48.0973,0.0,0.0,,,All-Wheel Drive,742,,10,1100,0,Electricity,Electricity,10,-1,71.05,0,0.0,0.0,47.4384,0.0,0,0,43911,0,16,Porsche,Taycan Turbo S,N,False,0,108,201,198.8,0.0,203.9,0.0,Automatic (A2),99.0,0.0,101.5,0.0,Large Cars,2021,6500,Taycan,,,,,EV,,,TBD ACPM,PRX,,0.0,,Mon Apr 26 00:00:00 EDT 2021,Wed Feb 02 00:00:00 EST 2022,N,0,0,0,,,,,,,,,
2.594779475985313,2.8334285714285716,0.0,3.3,42.6876,117,116.7193,0.0,29.0,0.685,77,-1,0.0,77.0,40.4848,105,104.6263,32.0,0.0,0.657,4.0,2.5,Front-Wheel Drive,5,PHEV,10,1700,0,Regular Gas and Electricity,Regular Gasoline,10,-1,38.083,93,92.8664,0.0,36.0,0.618,0,0,43912,0,0,Ford,Escape FWD PHEV,Y,True,0,0,520,0.0,40.99,0.0,33.16,Automatic (variable gear ratios),60.0,166.7,56.7,132.7,Small Sport Utility Vehicle 2WD,2021,6750,Escape,,,,,Plug-in Hybrid,Electricity,37.0,62 kW DCPM,FMX,,0.0,,Mon Apr 26 00:00:00 EDT 2021,Wed May 17 00:00:00 EDT 2023,Y,75,59,67,,,,,,,,,
7.639498974285714,5.721346153846154,0.0,3.0,20.6091,50,50.2436,0.0,67.0,0.429,232,-1,0.0,232.0,21.8432,52,51.9177,64.0,0.0,0.434,6.0,2.9,All-Wheel Drive,641,SIDI; PHEV,6,3700,0,Premium and Electricity,Premium Gasoline,8,-1,23.5681,54,54.1218,0.0,60.0,0.44,27,98,43913,0,0,Porsche,Panamera 4 e-Hybrid,N,True,0,0,480,0.0,18.21,0.0,18.91,Automatic (AM-S8),26.1,70.9,33.0,77.3,Large Cars,2021,-1500,Panamera,,,T,,Plug-in Hybrid,Electricity,19.0,70 kW DC Brushless,PRX,,0.0,,Mon Apr 26 00:00:00 EDT 2021,Wed May 17 00:00:00 EDT 2023,Y,27,31,29,,,,,,,,,
7.639498974285714,5.721346153846154,0.0,3.0,20.6091,50,50.2436,0.0,67.0,0.429,232,-1,0.0,232.0,21.8432,52,51.9177,64.0,0.0,0.434,6.0,2.9,All-Wheel Drive,642,SIDI; PHEV,6,3700,0,Premium and Electricity,Premium Gasoline,8,-1,23.5681,54,54.1218,0.0,60.0,0.44,27,101,43914,0,0,Porsche,Panamera 4 e-Hybrid Executive,N,True,0,0,480,0.0,18.21,0.0,18.91,Automatic (AM-S8),26.1,70.9,33.0,77.3,Large Cars,2021,-1500,Panamera,,,T,,Plug-in Hybrid,Electricity,19.0,70 kW DC Brushless,PRX,,0.0,,Mon Apr 26 00:00:00 EDT 2021,Wed May 17 00:00:00 EDT 2023,Y,27,31,29,,,,,,,,,
7.639498974285714,5.721346153846154,0.0,3.0,20.6091,50,50.2436,0.0,67.0,0.429,232,-1,0.0,232.0,21.8432,52,51.9177,64.0,0.0,0.434,6.0,2.9,All-Wheel Drive,643,SIDI; PHEV,6,3700,0,Premium and Electricity,Premium Gasoline,8,-1,23.5681,54,54.1218,0.0,60.0,0.44,0,0,43915,0,25,Porsche,Panamera 4 e-Hybrid ST,N,True,0,99,480,0.0,18.21,0.0,18.91,Automatic (AM-S8),26.1,70.9,33.0,77.3,Large Cars,2021,-1500,Panamera,,,T,,Plug-in Hybrid,Electricity,19.0,70 kW DC Brushless,PRX,,0.0,,Mon Apr 26 00:00:00 EDT 2021,Wed May 17 00:00:00 EDT 2023,Y,27,31,29,,,,,,,,,
7.775361276149069,5.950200000000001,0.0,3.0,20.6304,49,49.0137,0.0,68.0,0.43,236,-1,0.0,236.0,21.7773,50,49.9494,66.0,0.0,0.434,6.0,2.9,All-Wheel Drive,661,SIDI; PHEV,6,3700,0,Premium and Electricity,Premium Gasoline,8,-1,23.3649,51,51.1427,0.0,63.0,0.439,27,98,43916,0,0,Porsche,Panamera 4S e-Hybrid,N,True,0,0,480,0.0,18.3,0.0,18.89,Automatic (AM-S8),26.1,69.1,32.7,73.1,Large Cars,2021,-1750,Panamera,,,T,,Plug-in Hybrid,Electricity,19.0,70 kW DC Brushless,PRX,,0.0,,Mon Apr 26 00:00:00 EDT 2021,Wed May 17 00:00:00 EDT 2023,Y,27,30,28,,,,,,,,,
7.775361276149069,5.950200000000001,0.0,3.0,20.6304,49,49.0137,0.0,68.0,0.43,236,-1,0.0,236.0,21.7773,50,49.9494,66.0,0.0,0.434,6.0,2.9,All-Wheel Drive,667,SIDI; PHEV,6,3700,0,Premium and Electricity,Premium Gasoline,8,-1,23.3649,51,51.1427,0.0,63.0,0.439,27,98,43917,0,0,Porsche,Panamera 4S e-Hybrid Executive,N,True,0,0,480,0.0,18.3,0.0,18.89,Automatic (AM-S8),26.1,69.1,32.7,73.1,Large Cars,2021,-1750,Panamera,,,T,,Plug-in Hybrid,Electricity,19.0,70 kW DC Brushless,PRX,,0.0,,Mon Apr 26 00:00:00 EDT 2021,Wed May 17 00:00:00 EDT 2023,Y,27,30,28,,,,,,,,,
7.775361276149069,5.950200000000001,0.0,3.0,20.6304,49,49.0137,0.0,68.0,0.43,236,-1,0.0,236.0,21.7773,50,49.9494,66.0,0.0,0.434,6.0,2.9,All-Wheel Drive,668,SIDI; PHEV,6,3700,0,Premium and Electricity,Premium Gasoline,8,-1,23.3649,51,51.1427,0.0,63.0,0.439,27,98,43918,0,0,Porsche,Panamera 4S e-Hybrid ST,N,True,0,0,480,0.0,18.3,0.0,18.89,Automatic (AM-S8),26.1,69.1,32.7,73.1,Large Cars,2021,-1750,Panamera,,,T,,Plug-in Hybrid,Electricity,19.0,70 kW DC Brushless,PRX,,0.0,,Mon Apr 26 00:00:00 EDT 2021,Wed May 17 00:00:00 EDT 2023,Y,27,30,28,,,,,,,,,
9.010980938181818,6.198125,0.0,3.0,17.8416,45,45.4844,0.0,74.0,0.406,274,-1,0.0,274.0,19.3859,48,47.7935,70.0,0.0,0.411,8.0,4.0,All-Wheel Drive,651,SIDI; PHEV,5,4300,0,Premium and Electricity,Premium Gasoline,7,-1,21.6794,51,50.9551,0.0,66.0,0.418,27,98,43919,0,0,Porsche,Panamera Turbo S e-Hybrid,N,True,0,0,430,0.0,16.86,0.0,17.58,Automatic (AM-S8),22.3,64.2,30.1,72.7,Large Cars,2021,-3500,Panamera,,,T,,Plug-in Hybrid,Electricity,17.0,100 kW DC Brushless,PRX,,0.0,,Mon Apr 26 00:00:00 EDT 2021,Wed May 17 00:00:00 EDT 2023,Y,24,28,25,,,,,,,,,
9.010980938181818,6.198125,0.0,3.0,17.8416,45,45.4844,0.0,74.0,0.406,274,-1,0.0,274.0,19.3859,48,47.7935,70.0,0.0,0.411,8.0,4.0,All-Wheel Drive,652,SIDI; PHEV,5,4300,0,Premium and Electricity,Premium Gasoline,7,-1,21.6794,51,50.9551,0.0,66.0,0.418,27,98,43920,0,0,Porsche,Panamera Turbo S e-Hybrid Executive,N,True,0,0,430,0.0,16.86,0.0,17.58,Automatic (AM-S8),22.3,64.2,30.1,72.7,Large Cars,2021,-3500,Panamera,,,T,,Plug-in Hybrid,Electricity,17.0,100 kW DC Brushless,PRX,,0.0,,Mon Apr 26 00:00:00 EDT 2021,Wed May 17 00:00:00 EDT 2023,Y,24,28,25,,,,,,,,,
9.010980938181818,6.198125,0.0,3.0,17.8416,45,45.4844,0.0,74.0,0.406,274,-1,0.0,274.0,19.3859,48,47.7935,70.0,0.0,0.411,8.0,4.0,All-Wheel Drive,653,SIDI; PHEV,5,4300,0,Premium and Electricity,Premium Gasoline,7,-1,21.6794,51,50.9551,0.0,66.0,0.418,27,98,43921,0,0,Porsche,Panamera Turbo S e-Hybrid ST,N,True,0,0,430,0.0,16.86,0.0,17.58,Automatic (AM-S8),22.3,64.2,30.1,72.7,Large Cars,2021,-3500,Panamera,,,T,,Plug-in Hybrid,Electricity,17.0,100 kW DC Brushless,PRX,,0.0,,Mon Apr 26 00:00:00 EDT 2021,Wed May 17 00:00:00 EDT 2023,Y,24,28,25,,,,,,,,,
0.0744,0.0,0.0,4.0,118.72,0,0.0,0.0,28.3903,0.0,0,-1,0.0,0.0,109.7383,0,0.0,30.714,0.0,0.0,,,Front-Wheel Drive,92,,10,700,0,Electricity,Electricity,10,-1,100.45,0,0.0,0.0,33.554,0.0,9,80,43953,0,0,MINI,Cooper SE Hardtop 2 door,N,False,0,0,114,122.4,0.0,103.6,0.0,Automatic (A1),169.6,0.0,143.5,0.0,Subcompact Cars,2022,8500,Cooper,,,,,EV,,,135 kW DCPM,BMX,,0.0,,Tue May 11 00:00:00 EDT 2021,Wed Feb 16 00:00:00 EST 2022,N,0,0,0,,,,,,,,,2
0.0696,0.0,0.0,7.5,124.74,0,0.0,0.0,27.0202,0.0,0,-1,0.0,0.0,114.631,0,0.0,29.4031,0.0,0.0,,,Front-Wheel Drive,54,,10,650,0,Electricity,Electricity,10,-1,104.3,0,0.0,0.0,32.3154,0.0,0,0,43954,0,16,Chevrolet,Bolt EUV,Y,False,0,97,247,266.6,0.0,222.9,0.0,Automatic (variable gear ratios),178.2,0.0,149.0,0.0,Small Station Wagons,2022,8750,Bolt EUV,,,,,EV,,,150 kW ACPM,GMX,,0.0,,Tue May 11 00:00:00 EDT 2021,Thu Oct 19 00:00:00 EDT 2023,N,0,0,0,65.0,,9.0,,7.2,55.0,CCS,,2
0.0672,0.0,0.0,7.5,130.62,0,0.0,0.0,25.8039,0.0,0,-1,0.0,0.0,119.91,0,0.0,28.1083,0.0,0.0,,,Front-Wheel Drive,45,,10,650,0,Electricity,Electricity,10,-1,108.99,0,0.0,0.0,30.9249,0.0,0,0,43955,0,17,Chevrolet,Bolt EV,N,False,0,94,259,279.8,0.0,233.4,0.0,Automatic (variable gear ratios),186.6,0.0,155.7,0.0,Small Station Wagons,2022,8750,Bolt EV,,,,,EV,,,150 kW ACPM,GMX,,0.0,,Tue May 11 00:00:00 EDT 2021,Thu Oct 19 00:00:00 EDT 2023,N,0,0,0,65.0,,9.0,,7.2,55.0,CCS,,0
5.8399451534482765,4.075479452054794,0.0,2.0,29.1529,74,73.7705,0.0,45.0,0.436,175,-1,0.0,175.0,29.4601,73,72.8903,46.0,0.0,0.427,3.0,1.5,All-Wheel Drive,90,SIDI; PHEV,8,2800,0,Premium and Electricity,Premium Gasoline,9,-1,29.8444,72,71.8427,0.0,47.0,0.415,17,95,43965,0,0,MINI,Cooper SE Countryman All4,N,True,0,0,300,0.0,18.68,0.0,17.42,Automatic (S6),38.4,104.8,42.7,102.6,Midsize Cars,2022,1750,Countryman,,,T,,Plug-in Hybrid,Electricity,18.0,65 kW AC Induction,BMX,,0.0,,Tue May 18 00:00:00 EDT 2021,Wed May 17 00:00:00 EDT 2023,Y,39,39,39,,,,,,,,,0
3.7725972525,3.914605263157895,0.0,3.4,33.3209,79,79.4117,0.0,42.0,0.613,111,-1,0.0,111.0,32.7897,76,75.8328,44.0,0.0,0.595,4.0,1.6,All-Wheel Drive,23,SIDI; PHEV,9,2050,0,Regular Gas and Electricity,Regular Gasoline,10,-1,32.163,72,71.8737,0.0,47.0,0.572,0,0,44024,0,0,Hyundai,Santa Fe Plug-in Hybrid,N,True,0,0,440,0.0,32.67,0.0,28.7,Automatic (AM-S6),45.8,113.3,43.7,102.7,Small Sport Utility Vehicle 4WD,2022,4750,Santa Fe,,,T,,Plug-in Hybrid,Electricity,31.0,67 kW AC PMSM,HYX,,0.0,,Fri Jun 11 00:00:00 EDT 2021,Wed May 17 00:00:00 EDT 2023,Y,51,47,49,,,,,,,,,1
0.0672,0.0,0.0,15.0,124.0887,0,0.0,0.0,27.162,0.0,0,-1,0.0,0.0,119.6064,0,0.0,28.1799,0.0,0.0,,,All-Wheel Drive,58,,10,650,0,Electricity,Electricity,10,-1,114.5492,0,0.0,0.0,29.424,0.0,26,94,44051,0,0,Tesla,Model S Long Range,Y,False,0,0,405,420.0,0.0,387.7,0.0,Automatic (A1),163.9,0.0,151.3,0.0,Large Cars,2021,8750,Model S,,,,,EV,,,179 and 186 kW AC 3-Phase,TSL,standard charger,8.3,with 72A high power charger connector option,Fri Jun 11 00:00:00 EDT 2021,Thu Oct 19 00:00:00 EDT 2023,N,0,0,0,95.0,,8.6,,11.0,250.0,NACS,,
0.0815999999999999,0.0,0.0,7.5,107.0,0,0.0,0.0,31.0645,0.0,0,-1,0.0,0.0,99.0,0,0.0,34.0,0.0,0.0,,,Rear-Wheel Drive,502,,10,750,0,Electricity,Electricity,10,-1,91.0,0,0.0,0.0,36.4773,0.0,0,0,44052,0,0,Volkswagen,ID.4 Pro,N,False,0,0,260,278.5,0.0,237.1,0.0,Automatic (A1),155.0,0.0,132.0,0.0,Small Sport Utility Vehicle 2WD,2021,8250,ID.4,,,,,EV,,,150 kW AC 3-Phase,VGA,,0.0,,Fri Jun 11 00:00:00 EDT 2021,Wed Feb 02 00:00:00 EST 2022,N,0,0,0,77.0,,7.0,,11.0,135.0,CCS2,,
0.0791999999999999,0.0,0.0,15.0,102.4737,0,0.0,0.0,32.8914,0.0,0,-1,0.0,0.0,100.7771,0,0.0,33.4451,0.0,0.0,,,All-Wheel Drive,59,,10,750,0,Electricity,Electricity,10,-1,98.7782,0,0.0,0.0,34.1219,0.0,26,94,44069,0,0,Tesla,Model S Plaid (21inch wheels),N,False,0,0,348,353.7,0.0,341.0,0.0,Automatic (A1),133.1,0.0,128.3,0.0,Large Cars,2021,8250,Model S,,,,,EV,,,250 and 250 kW AC 3-Phase,TSL,standard charger,8.0,with 72A high power charger connector option,Wed Jun 16 00:00:00 EDT 2021,Thu Oct 19 00:00:00 EDT 2023,N,0,0,0,,,,,,,,,
4.256578277419355,4.2501428571428574,0.0,3.0,24.6845,66,66.351,0.0,51.0,0.598,126,-1,0.0,126.0,27.257,70,70.0369,48.0,0.0,0.618,4.0,2.0,All-Wheel Drive,72,SIDI; PHEV,8,3050,0,Premium and Electricity,Premium Gasoline,10,-1,31.2356,75,75.1385,0.0,44.0,0.64,25,95,44158,0,0,Audi,A7 TFSI e quattro,N,True,0,0,410,0.0,24.91,0.0,28.42,Automatic (AM-S7),32.3,94.8,43.7,107.3,Midsize Cars,2022,3000,A7,,,T,,Plug-in Hybrid,Electricity,26.0,105 kW AC Induction,VGA,,0.0,,Tue Jul 06 00:00:00 EDT 2021,Wed May 17 00:00:00 EDT 2023,Y,39,49,43,,,,,,,,,0
5.0166879600000005,4.877213114754099,0.0,3.0,25.0648,60,60.4152,0.0,57.0,0.568,148,-1,0.0,148.0,25.807,61,60.8028,56.0,0.0,0.57,4.0,2.0,All-Wheel Drive,334,SIDI; PHEV,8,3150,0,Premium and Electricity,Premium Gasoline,10,-1,26.7761,61,61.2834,0.0,55.0,0.574,0,0,44159,0,0,Audi,Q5 TFSI e quattro,N,True,0,0,390,0.0,22.7,0.0,23.1,Automatic (AM-S7),32.4,85.8,37.9,87.5,Small Sport Utility Vehicle 4WD,2022,1500,Q5,,,T,,Plug-in Hybrid,Electricity,23.0,105 kW AC Induction,VGA,,0.0,,Tue Jul 06 00:00:00 EDT 2021,Wed May 17 00:00:00 EDT 2023,Y,37,39,38,,,,,,,,,0
2.4948173188235296,2.5000840336134456,0.0,2.25,52.4362,123,123.1224,0.0,28.0,0.584,74,-1,0.0,74.0,52.0091,119,119.4016,28.0,0.0,0.575,4.0,1.6,Front-Wheel Drive,56,SIDI; PHEV,10,1300,0,Regular Gas and Electricity,Regular Gasoline,10,-1,51.4965,115,115.1485,0.0,28.0,0.563,23,96,44160,0,0,Hyundai,Ioniq Plug-in Hybrid,Y,True,0,0,620,0.0,29.86,0.0,27.95,Automatic (AM-S6),72.3,175.9,72.4,164.5,Midsize Cars,2022,7500,Ioniq,,,,,Plug-in Hybrid,Electricity,29.0,45 kW IPMSM,HYX,,0.0,,Tue Jul 06 00:00:00 EDT 2021,Wed May 17 00:00:00 EDT 2023,Y,78,74,76,,,,,,,,,0
3.0167502659090912,2.8334285714285716,0.0,2.25,48.1489,110,109.909,0.0,30.0,0.56,90,-1,0.0,90.0,46.4127,105,104.8842,32.0,0.0,0.54,4.0,1.6,Front-Wheel Drive,23,SIDI; PHEV,10,1450,0,Regular Gas and Electricity,Regular Gasoline,10,-1,44.4535,99,99.3336,0.0,34.0,0.515,0,0,44211,0,19,Kia,Niro Plug-in Hybrid,N,True,0,101,560,0.0,27.67,0.0,24.08,Automatic (AM-S6),63.9,157.0,61.8,141.9,Small Station Wagons,2022,6750,Niro,,,,,Plug-in Hybrid,Electricity,26.0,45 kW IPMSM,KMX,,0.0,,Mon Jul 12 00:00:00 EDT 2021,Wed May 17 00:00:00 EDT 2023,Y,70,62,66,,,,,,,,,0
8.696331744761906,7.083571428571429,0.0,3.0,17.9691,42,41.7837,0.0,80.0,0.444,259,-1,0.0,259.0,19.2349,42,41.9091,80.0,0.0,0.443,4.0,2.0,4-Wheel Drive,45,SIDI; PHEV,5,4300,0,Premium and Electricity,Premium Gasoline,7,-1,21.0469,42,42.0634,0.0,79.0,0.442,0,0,44212,0,0,Land Rover,Range Rover Sport PHEV,N,True,0,0,480,0.0,19.16,0.0,19.049,Automatic (S8),22.5,57.6,31.9,60.1,Standard Sport Utility Vehicle 4WD,2022,-3750,Range Rover,,,T,,Plug-in Hybrid,Electricity,19.0,105 kW DCPM,JLX,,0.0,,Mon Jul 12 00:00:00 EDT 2021,Wed May 17 00:00:00 EDT 2023,Y,24,27,25,38.2,,5.5,,7.0,,Type 2,,0
5.101057672987013,4.311739130434783,0.0,3.0,28.0777,70,74.1243,0.1,46.0,0.492,155,-1,0.0,155.0,30.2707,69,73.1056,47.0,0.1,0.49,4.0,2.0,All-Wheel Drive,207,SIDI; PHEV,8,2700,0,Premium and Electricity,Premium Gasoline,10,-1,33.4653,68,71.8979,0.0,48.0,0.488,0,0,44266,0,12,Volvo,S60 T8 AWD Recharge,N,True,0,93,510,0.0,22.41,0.0,22.08,Automatic (S8),36.8,105.4,48.5,102.7,Compact Cars,2022,2250,S60,,,T,S,Plug-in Hybrid,Electricity,22.0,34 and 65 kW 3-phase Sync.,VVX,,0.0,,Mon Jul 26 00:00:00 EDT 2021,Fri Jun 23 00:00:00 EDT 2023,Y,40,44,42,,,,,,,,,2
5.407587438732719,4.722380952380953,0.0,3.0,28.3475,62,65.7631,0.1,53.0,0.469,164,-1,0.0,164.0,29.676,63,66.4664,51.0,0.1,0.474,4.0,2.0,All-Wheel Drive,218,SIDI; PHEV,8,2700,0,Premium and Electricity,Premium Gasoline,9,-1,31.4791,64,67.3468,0.0,50.0,0.48,0,0,44267,0,14,Volvo,S90 T8 AWD Recharge,N,True,0,102,490,0.0,20.8,0.0,21.54,Automatic (S8),37.2,93.9,45.3,96.2,Midsize Cars,2022,1750,S90,,,T,S,Plug-in Hybrid,Electricity,21.0,34 and 65 kW 3-phase Sync.,VVX,,0.0,,Mon Jul 26 00:00:00 EDT 2021,Fri Jun 23 00:00:00 EDT 2023,Y,38,42,40,,,,,,,,,2
6.70805682,5.219473684210526,0.0,3.0,24.1585,59,62.0094,0.1,55.0,0.448,206,-1,0.0,206.0,25.3475,57,60.2041,56.0,0.1,0.435,4.0,2.0,All-Wheel Drive,224,SIDI; PHEV,7,3250,0,Premium and Electricity,Premium Gasoline,8,-1,26.9699,55,58.1355,0.0,58.0,0.418,0,0,44268,0,30,Volvo,XC60 T8 AWD Recharge,N,True,0,103,500,0.0,19.42,0.0,17.6,Automatic (S8),31.1,87.7,38.2,83.0,Small Sport Utility Vehicle 4WD,2022,0,XC60,,,T,S,Plug-in Hybrid,Electricity,19.0,34 and 65 kW 3-phase Sync.,VVX,,0.0,,Mon Jul 26 00:00:00 EDT 2021,Fri Jun 23 00:00:00 EDT 2023,Y,33,34,33,,,,,,,,,2
6.376420527362638,5.409272727272728,0.0,3.0,25.963,58,61.1246,0.1,56.0,0.437,197,-1,0.0,197.0,26.8412,55,58.3597,58.0,0.1,0.43,4.0,2.0,All-Wheel Drive,231,SIDI; PHEV,7,3050,0,Premium and Electricity,Premium Gasoline,9,-1,27.9986,53,55.3023,0.0,61.0,0.42,0,0,44269,0,47,Volvo,XC90 T8 AWD Recharge,N,True,0,104,520,0.0,18.76,0.0,17.69,Automatic (S8),33.7,86.4,39.8,79.0,Standard Sport Utility Vehicle 4WD,2022,500,XC90,,,T,S,Plug-in Hybrid,Electricity,18.0,34 and 65 kW 3-phase Sync.,VVX,,0.0,,Mon Jul 26 00:00:00 EDT 2021,Fri Jun 23 00:00:00 EDT 2023,Y,34,35,34,,,,,,,,,0
3.3585405342857144,3.718875,0.0,1.7,34.7293,87,86.8074,0.0,39.0,0.636,100,-1,0.0,100.0,35.0164,80,80.4782,42.0,0.0,0.616,4.0,1.6,All-Wheel Drive,60,SIDI; PHEV,9,1950,0,Regular Gas and Electricity,Regular Gasoline,10,-1,35.3739,74,73.8934,0.0,46.0,0.583,0,0,44360,0,0,Hyundai,Tucson Plug-in Hybrid,Y,True,0,0,420,0.0,35.03,0.0,29.72,Automatic (AM-S6),47.9,124.0,45.9,105.6,Small Sport Utility Vehicle 4WD,2022,5250,Tucson,,,T,,Plug-in Hybrid,Electricity,33.0,67 kW AC PMSM,HYX,,0.0,,Tue Aug 10 00:00:00 EDT 2021,Wed May 17 00:00:00 EDT 2023,Y,56,50,53,,,,,,,,,0
3.502873422077923,3.765949367088608,0.0,3.4,35.0284,83,83.2894,0.0,40.0,0.624,105,-1,0.0,105.0,34.0487,79,79.1466,43.0,0.0,0.607,4.0,1.6,All-Wheel Drive,28,SIDI; PHEV,9,2000,0,Regular Gas and Electricity,Regular Gasoline,10,-1,32.9232,75,74.6107,0.0,45.0,0.585,0,0,44361,0,0,Kia,Sorento Plug-in Hybrid,Y,True,0,0,460,0.0,33.77,0.0,29.92,Automatic (AM-S6),47.4,118.9,45.1,106.6,Small Sport Utility Vehicle 4WD,2022,5250,Sorento,,,T,,Plug-in Hybrid,Electricity,32.0,67 kW AC PMSM,KMX,,0.0,,Tue Aug 10 00:00:00 EDT 2021,Wed May 17 00:00:00 EDT 2023,Y,54,48,52,,,,,,,,,0
2.6297845075471695,2.2369172932330827,0.0,2.0,55.2206,145,145.0834,0.0,23.0,0.553,78,-1,0.0,78.0,54.4329,133,133.2661,25.0,0.0,0.53,4.0,1.8,Front-Wheel Drive,8,PHEV,10,1250,0,Regular Gas and Electricity,Regular Gasoline,10,-1,53.0,121,121.2004,0.0,28.0,0.498,20,91,44362,0,0,Toyota,Prius Prime,Y,True,0,0,640,0.0,27.12,0.0,22.84,Automatic (variable gear ratios),78.8197,207.2622,73.6525,173.1436,Midsize Cars,2022,7500,Prius Prime,,,,,Plug-in Hybrid,Electricity,25.0,22 and 53 kW AC Induction,TYX,,0.0,,Tue Aug 10 00:00:00 EDT 2021,Wed May 17 00:00:00 EDT 2023,Y,83,72,78,,,,,,,,,0
5.101057672987013,4.311739130434783,0.0,3.0,28.0777,70,74.1243,0.1,46.0,0.492,155,-1,0.0,155.0,30.2707,69,73.1056,47.0,0.1,0.49,4.0,2.0,All-Wheel Drive,212,SIDI; PHEV,8,2700,0,Premium and Electricity,Premium Gasoline,10,-1,33.4653,68,71.8979,0.0,48.0,0.488,0,0,44363,0,29,Volvo,V60 T8 AWD Recharge,N,True,0,94,510,0.0,22.41,0.0,22.08,Automatic (S8),36.8,105.4,48.5,102.7,Small Station Wagons,2022,2250,V60,,,T,S,Plug-in Hybrid,Electricity,22.0,34 and 65 kW 3-phase Sync.,VVX,,0.0,,Tue Aug 10 00:00:00 EDT 2021,Fri Jun 23 00:00:00 EDT 2023,Y,40,44,42,,,,,,,,,0
8.617678635,6.467608695652174,0.0,3.0,19.9093,45,45.0457,0.0,74.0,0.397,257,-1,0.0,257.0,20.8658,46,46.268,72.0,0.0,0.401,6.0,3.0,All-Wheel Drive,407,SIDI; PHEV,6,3900,0,Premium and Electricity,Premium Gasoline,7,-1,22.1674,48,47.855,0.0,70.0,0.406,0,0,44442,0,0,Porsche,Cayenne/Coupe E-Hybrid,N,True,0,0,430,0.0,16.37,0.0,16.85,Automatic (S8),25.1,63.7,30.9,68.2,Standard Sport Utility Vehicle 4WD,2022,-3000,Cayenne,,,T,,Plug-in Hybrid,Electricity,17.0,99 kW DC Brushless,PRX,,0.0,,Tue Aug 24 00:00:00 EDT 2021,Wed May 17 00:00:00 EDT 2023,Y,26,28,27,,,,,,,,,3
10.42511988264706,7.083571428571429,0.0,3.0,17.0142,40,40.2439,0.0,87.0,0.366,320,-1,0.0,320.0,18.052,42,41.7939,82.0,0.0,0.366,8.0,4.0,All-Wheel Drive,447,SIDI; PHEV,5,4550,0,Premium and Electricity,Premium Gasoline,6,-1,19.5061,44,43.8584,0.0,76.0,0.365,0,0,44443,0,0,Porsche,Cayenne Turbo S/Coupe E-Hybrid,N,True,0,0,370,0.0,14.66,0.0,14.6,Automatic (S8),21.2,54.6,26.9,62.6,Standard Sport Utility Vehicle 4WD,2022,-5500,Cayenne,,,T,,Plug-in Hybrid,Electricity,15.0,99 kW DC Brushless,PRX,,0.0,,Tue Aug 24 00:00:00 EDT 2021,Wed May 17 00:00:00 EDT 2023,Y,21,23,22,,,,,,,,,1
0.0672,0.0,0.0,9.5,132.0,0,0.0,0.0,26.0,0.0,0,-1,0.0,0.0,120.0,0,0.0,28.0,0.0,0.0,,,Front-Wheel Drive,22,,10,650,0,Electricity,Electricity,10,-1,108.0,0,0.0,0.0,30.9646,0.0,0,0,44444,0,0,Hyundai,Kona Electric,N,False,0,0,258,0.0,0.0,0.0,0.0,Automatic (A1),195.5,0.0,155.5,0.0,Small Sport Utility Vehicle 2WD,2022,8750,Kona,,,,,EV,,,150 kW AC PMSM,HYX,,0.0,,Tue Aug 24 00:00:00 EDT 2021,Wed Oct 26 00:00:00 EDT 2022,N,0,0,0,58.0,,8.1,,7.2,100.0,CCS2,,1
0.072,0.0,0.0,9.5,123.06,0,0.0,0.0,27.3891,0.0,0,-1,0.0,0.0,112.3234,0,0.0,30.0071,0.0,0.0,,,Front-Wheel Drive,22,,10,700,0,Electricity,Electricity,10,-1,101.5,0,0.0,0.0,33.2069,0.0,0,0,44445,0,22,Kia,Niro Electric,Y,False,0,97,239,259.0,0.0,213.6,0.0,Automatic (A1),175.8,0.0,145.0,0.0,Small Station Wagons,2022,8500,Niro,,,,,EV,,,150 kW AC PMSM,KMX,,0.0,,Tue Aug 24 00:00:00 EDT 2021,Mon Apr 11 00:00:00 EDT 2022,N,0,0,0,,,,,,,,,1
0.072,0.0,0.0,8.0,122.92,0,0.0,0.0,27.4203,0.0,0,-1,0.0,0.0,110.7755,0,0.0,30.4264,0.0,0.0,,,Front-Wheel Drive,902,,10,700,0,Electricity,Electricity,10,-1,98.84,0,0.0,0.0,34.1006,0.0,24,92,44446,0,0,Nissan,Leaf (40 kW-hr battery pack),Y,False,0,0,149,0.0,0.0,0.0,0.0,Automatic (A1),175.6,0.0,141.2,0.0,Midsize Cars,2022,8500,Leaf,,,,,EV,,,110 kW DCPM,NSX,,0.0,,Tue Aug 24 00:00:00 EDT 2021,Wed Feb 02 00:00:00 EST 2022,N,0,0,0,,,,,,,,,1
0.0744,0.0,0.0,11.0,117.95,0,0.0,0.0,28.5757,0.0,0,-1,0.0,0.0,107.6674,0,0.0,31.3048,0.0,0.0,,,Front-Wheel Drive,903,,10,700,0,Electricity,Electricity,10,-1,97.3,0,0.0,0.0,34.6403,0.0,24,92,44447,0,0,Nissan,Leaf (62 kW-hr battery pack),N,False,0,0,226,0.0,0.0,0.0,0.0,Automatic (A1),168.5,0.0,139.0,0.0,Midsize Cars,2022,8500,Leaf,,,,,EV,,,160 kW DCPM,NSX,,0.0,,Tue Aug 24 00:00:00 EDT 2021,Wed Feb 02 00:00:00 EST 2022,N,0,0,0,,,,,,,,,1
0.0768,0.0,0.0,11.0,114.45,0,0.0,0.0,29.4495,0.0,0,-1,0.0,0.0,104.4048,0,0.0,32.283,0.0,0.0,,,Front-Wheel Drive,904,,10,750,0,Electricity,Electricity,10,-1,94.29,0,0.0,0.0,35.7461,0.0,24,92,44448,0,0,Nissan,Leaf SV/SL (62 kW-hr battery pack),N,False,0,0,215,0.0,0.0,0.0,0.0,Automatic (A1),163.5,0.0,134.7,0.0,Midsize Cars,2022,8250,Leaf,,,,,EV,,,160 kW DCPM,NSX,,0.0,,Tue Aug 24 00:00:00 EDT 2021,Wed Feb 02 00:00:00 EST 2022,N,0,0,0,,,,,,,,,1
0.0911999999999999,0.0,0.0,8.0,93.672,0,0.0,0.0,35.9819,0.0,0,-1,0.0,0.0,89.1424,0,0.0,37.8103,0.0,0.0,,,All-Wheel Drive,234,,10,850,0,Electricity,Electricity,10,-1,84.168,0,0.0,0.0,40.0449,0.0,26,89,44449,0,0,Polestar,2 Dual Motor,N,False,0,0,249,0.0,0.0,0.0,0.0,Automatic (A1),130.1,0.0,116.9,0.0,Midsize Cars,2022,7750,2,,,,,EV,,,150 and 150kW AC PMSM,VVX,,0.0,,Tue Aug 24 00:00:00 EDT 2021,Wed Oct 26 00:00:00 EDT 2022,N,0,0,0,,,,,,,,,3
0.0936,0.0,0.0,8.0,91.9344,0,0.0,0.0,36.662,0.0,0,-1,0.0,0.0,85.4607,0,0.0,39.4392,0.0,0.0,,,All-Wheel Drive,203,,10,900,0,Electricity,Electricity,10,-1,78.6884,0,0.0,0.0,42.8335,0.0,0,0,44450,0,25,Volvo,XC40 Recharge twin,N,False,0,98,223,0.0,0.0,0.0,0.0,Automatic (A1),128.4,0.0,109.9,0.0,Small Sport Utility Vehicle 4WD,2022,7500,XC40,,,,,EV,,,150 and 150 kW AC PMSM,VVX,,0.0,,Tue Aug 24 00:00:00 EDT 2021,Fri Jun 23 00:00:00 EDT 2023,N,0,0,0,,,,,,,,,3
5.572271826923076,4.0204054054054055,0.0,4.0,25.7007,76,77.1598,0.0,44.0,0.531,165,-1,0.0,165.0,25.8543,74,74.2329,45.0,0.0,0.518,4.0,2.4,All-Wheel Drive,216,PHEV,8,2600,0,Regular Gas and Electricity,Regular Gasoline,9,-1,26.0445,71,70.9438,0.0,47.0,0.502,0,0,44460,0,0,Mitsubishi,Outlander PHEV,Y,True,0,0,320,0.0,25.29,0.0,23.13,Automatic (A1),37.7025,110.2,40.6163,101.4,Small Sport Utility Vehicle 4WD,2022,3000,Outlander,,,,,Plug-in Hybrid,Electricity,24.0,60 and 70 kW DCPM,MTX,,0.0,,Thu Sep 02 00:00:00 EDT 2021,Wed May 17 00:00:00 EDT 2023,N,39,38,39,,,,,,,,,3
0.1176,0.0,0.0,13.0,73.01,0,0.0,0.0,46.1649,0.0,0,-1,0.0,0.0,69.3316,0,0.0,48.6142,0.0,0.0,,,Part-time 4-Wheel Drive,2,,10,1100,0,Electricity,Electricity,10,-1,65.31,0,0.0,0.0,51.6077,0.0,0,0,44461,0,0,Rivian,R1S,Y,False,0,0,316,331.4,0.0,296.4,0.0,Automatic (A1),104.3,0.0,93.3,0.0,Standard Sport Utility Vehicle 4WD,2022,6500,R1S,,,,,EV,,,"162, 162, 163, 163kW AC 3-Phase",RIV,,0.0,,Thu Sep 02 00:00:00 EDT 2021,Thu Feb 24 00:00:00 EST 2022,N,0,0,0,128.9,,11.2,,11.5,220.0,CCS,4.3,3
0.1152,0.0,0.0,13.0,74.2682,0,0.0,0.0,45.3828,0.0,0,-1,0.0,0.0,70.1079,0,0.0,48.0759,0.0,0.0,,,Part-time 4-Wheel Drive,1,,10,1100,0,Electricity,Electricity,10,-1,65.6156,0,0.0,0.0,51.3674,0.0,0,0,44462,0,0,Rivian,R1T,Y,False,0,0,314,331.8,0.0,292.9,0.0,Automatic (A1),103.0,0.0,91.0,0.0,Standard Pickup Trucks 4WD,2022,6500,R1T,,,,,EV,,,"162, 162, 163, 163kW AC 3-Phase",RIV,,0.0,,Thu Sep 02 00:00:00 EDT 2021,Thu Apr 27 00:00:00 EDT 2023,N,0,0,0,128.9,,11.2,,11.5,220.0,CCS,4.3,3
0.0696,0.0,0.0,13.0,116.5189,0,0.0,0.0,28.9266,0.0,0,-1,0.0,0.0,115.5647,0,0.0,29.1655,0.0,0.0,,,All-Wheel Drive,1,,10,650,0,Electricity,Electricity,10,-1,114.4195,0,0.0,0.0,29.4574,0.0,0,0,44491,0,32,Lucid,Air Dream P AWD w/19 inch wheels,N,False,0,99,471,474.8,0.0,466.2,0.0,Automatic (A1),155.3835,0.0,152.5693,0.0,Large Cars,2022,8750,Air,,,,,EV,,,370 and 459kW ACPM,LMU,,0.0,,Tue Sep 14 00:00:00 EDT 2021,Wed Oct 26 00:00:00 EDT 2022,N,0,0,0,,,,,,,,,0
0.072,0.0,0.0,13.0,110.1456,0,0.0,0.0,30.6004,0.0,0,-1,0.0,0.0,110.6155,0,0.0,30.4704,0.0,0.0,,,All-Wheel Drive,2,,10,700,0,Electricity,Electricity,10,-1,111.1953,0,0.0,0.0,30.3115,0.0,0,0,44492,0,32,Lucid,Air Dream P AWD w/21 inch wheels,N,False,0,99,451,448.6,0.0,453.2,0.0,Automatic (A1),146.8627,0.0,148.3495,0.0,Large Cars,2022,8500,Air,,,,,EV,,,370 and 459kW ACPM,LMU,,0.0,,Tue Sep 14 00:00:00 EDT 2021,Wed Oct 26 00:00:00 EDT 2022,N,0,0,0,,,,,,,,,0
0.0648,0.0,0.0,13.0,125.5165,0,0.0,0.0,26.853,0.0,0,-1,0.0,0.0,125.449,0,0.0,26.8675,0.0,0.0,,,All-Wheel Drive,3,,10,600,0,Electricity,Electricity,10,-1,125.3666,0,0.0,0.0,26.8852,0.0,0,0,44493,0,32,Lucid,Air Dream R AWD w/19 inch wheels,N,False,0,99,520,520.8,0.0,520.0,0.0,Automatic (A1),167.38,0.0,167.14,0.0,Large Cars,2022,9000,Air,,,,,EV,,,198 and 498kW ACPM,LMU,,0.0,,Tue Sep 14 00:00:00 EDT 2021,Wed Oct 26 00:00:00 EDT 2022,N,0,0,0,,,,,,,,,0
0.0696,0.0,0.0,13.0,114.7944,0,0.0,0.0,29.3612,0.0,0,-1,0.0,0.0,115.564,0,0.0,29.1656,0.0,0.0,,,All-Wheel Drive,4,,10,650,0,Electricity,Electricity,10,-1,116.5189,0,0.0,0.0,28.9266,0.0,0,0,44494,0,32,Lucid,Air Dream R AWD w/21 inch wheels,N,False,0,99,481,478.2,0.0,485.3,0.0,Automatic (A1),153.1133,0.0,155.3925,0.0,Large Cars,2022,8750,Air,,,,,EV,,,198 and 498kW ACPM,LMU,,0.0,,Tue Sep 14 00:00:00 EDT 2021,Wed Oct 26 00:00:00 EDT 2022,N,0,0,0,,,,,,,,,0
0.0624,0.0,0.0,13.0,130.1653,0,0.0,0.0,25.894,0.0,0,-1,0.0,0.0,131.1017,0,0.0,25.709,0.0,0.0,,,All-Wheel Drive,5,,10,600,0,Electricity,Electricity,10,-1,132.2647,0,0.0,0.0,25.483,0.0,0,0,44495,0,32,Lucid,Air G Touring AWD w/19 inch wheels,N,False,0,99,516,512.1,0.0,520.5,0.0,Automatic (A1),173.56,0.0,176.36,0.0,Large Cars,2022,9000,Air,,,,,EV,,,178 and 433kW ACPM,LMU,,0.0,,Tue Sep 14 00:00:00 EDT 2021,Wed Oct 26 00:00:00 EDT 2022,N,0,0,0,,,,,,,,,0
0.0672,0.0,0.0,13.0,120.5678,0,0.0,0.0,27.9552,0.0,0,-1,0.0,0.0,121.2714,0,0.0,27.793,0.0,0.0,,,All-Wheel Drive,6,,10,650,0,Electricity,Electricity,10,-1,122.1424,0,0.0,0.0,27.5948,0.0,0,0,44496,0,32,Lucid,Air G Touring AWD w/21 inch wheels,N,False,0,99,469,466.2,0.0,472.2,0.0,Automatic (A1),160.8,0.0,162.9,0.0,Large Cars,2022,8750,Air,,,,,EV,,,178 and 433kW ACPM,LMU,,0.0,,Tue Sep 14 00:00:00 EDT 2021,Wed Oct 26 00:00:00 EDT 2022,N,0,0,0,,,,,,,,,0
6.84143193,5.312678571428571,0.0,3.5,21.5376,54,54.0939,0.0,62.0,0.463,209,-1,0.0,209.0,22.8265,56,55.6738,60.0,0.0,0.471,6.0,3.0,Part-time 4-Wheel Drive,99,SIDI; PHEV,7,2950,0,Regular Gas and Electricity,Regular Gasoline,8,-1,24.6279,58,57.7348,0.0,58.0,0.481,0,0,44497,0,0,Lincoln,Aviator PHEV AWD,N,True,0,0,460,0.0,20.44,0.0,21.59,Automatic (S10),27.4,76.7,34.6,82.5,Standard Sport Utility Vehicle 4WD,2022,1250,Aviator,,,T,,Plug-in Hybrid,Electricity,21.0,74 kW DCPM,FMX,,0.0,,Tue Sep 14 00:00:00 EDT 2021,Wed May 17 00:00:00 EDT 2023,Y,29,34,31,,,,,,,,,0
7.639498974285714,5.721346153846154,0.0,3.0,20.6091,50,50.2436,0.0,67.0,0.429,232,-1,0.0,232.0,21.8432,52,51.9177,64.0,0.0,0.434,6.0,2.9,All-Wheel Drive,607,SIDI; PHEV,6,3700,0,Premium and Electricity,Premium Gasoline,8,-1,23.5681,54,54.1218,0.0,60.0,0.44,27,98,44608,0,0,Porsche,Panamera 4 E-Hybrid/Exec/ST,N,True,0,0,480,0.0,18.21,0.0,18.91,Automatic (AM-S8),26.1,70.9,33.0,77.3,Large Cars,2022,-1500,Panamera,,,T,,Plug-in Hybrid,Electricity,19.0,70 kW DC Brushless,PRX,,0.0,,Mon Oct 04 00:00:00 EDT 2021,Wed May 17 00:00:00 EDT 2023,Y,27,31,29,,,,,,,,,0
7.775361276149069,5.950200000000001,0.0,3.0,20.6304,49,49.0137,0.0,68.0,0.43,236,-1,0.0,236.0,21.7773,50,49.9494,66.0,0.0,0.434,6.0,2.9,All-Wheel Drive,627,SIDI; PHEV,6,3700,0,Premium and Electricity,Premium Gasoline,8,-1,23.3649,51,51.1427,0.0,63.0,0.439,27,98,44609,0,0,Porsche,Panamera 4S E-Hybrid/Exec/ST,N,True,0,0,480,0.0,18.3,0.0,18.89,Automatic (AM-S8),26.1,69.1,32.7,73.1,Large Cars,2022,-1750,Panamera,,,T,,Plug-in Hybrid,Electricity,19.0,70 kW DC Brushless,PRX,,0.0,,Mon Oct 04 00:00:00 EDT 2021,Wed May 17 00:00:00 EDT 2023,Y,27,30,28,,,,,,,,,0
0.1056,0.0,0.0,10.5,76.09,0,0.0,0.0,44.2962,0.0,0,-1,0.0,0.0,76.4346,0,0.0,44.0965,0.0,0.0,,,All-Wheel Drive,752,,10,1000,0,Electricity,Electricity,10,-1,76.86,0,0.0,0.0,43.8525,0.0,0,0,44721,0,24,Porsche,Taycan 4 Cross Turismo,N,False,0,90,215,0.0,0.0,0.0,0.0,Automatic (A2),108.7,0.0,109.8,0.0,Midsize Cars,2021,7000,Taycan,,,,,EV,,,175 and 320 kW ACPM,PRX,,0.0,,Tue Oct 26 00:00:00 EDT 2021,Wed Feb 02 00:00:00 EST 2022,N,0,0,0,,,,,,,,,
0.108,0.0,0.0,10.5,75.0,0,0.0,0.0,44.5833,0.0,0,-1,0.0,0.0,75.0,0,0.0,45.0,0.0,0.0,,,All-Wheel Drive,762,,10,1000,0,Electricity,Electricity,10,-1,75.0,0,0.0,0.0,45.0,0.0,0,0,44722,0,24,Porsche,Taycan 4S Cross Turismo,N,False,0,91,215,0.0,0.0,0.0,0.0,Automatic (A2),108.0,0.0,108.6,0.0,Midsize Cars,2021,7000,Taycan,,,,,EV,,,175 and 320 kW ACPM,PRX,,0.0,,Tue Oct 26 00:00:00 EDT 2021,Wed Feb 02 00:00:00 EST 2022,N,0,0,0,,,,,,,,,
0.1104,0.0,0.0,10.5,73.5,0,0.0,0.0,45.8571,0.0,0,-1,0.0,0.0,73.2152,0,0.0,46.0355,0.0,0.0,,,All-Wheel Drive,782,,10,1050,0,Electricity,Electricity,10,-1,72.87,0,0.0,0.0,46.2536,0.0,0,0,44723,0,24,Porsche,Taycan Turbo S Cross Turismo,N,False,0,93,202,0.0,0.0,0.0,0.0,Automatic (A2),105.0,0.0,104.1,0.0,Midsize Cars,2021,6750,Taycan,,,,,EV,,,190 and 335 kW ACPM,PRX,,0.0,,Tue Oct 26 00:00:00 EDT 2021,Wed Feb 02 00:00:00 EST 2022,N,0,0,0,,,,,,,,,
0.1128,0.0,0.0,10.5,71.96,0,0.0,0.0,46.8385,0.0,0,-1,0.0,0.0,71.8969,0,0.0,46.8796,0.0,0.0,,,All-Wheel Drive,772,,10,1050,0,Electricity,Electricity,10,-1,71.82,0,0.0,0.0,46.9298,0.0,0,0,44724,0,24,Porsche,Taycan Turbo Cross Turismo,N,False,0,92,204,0.0,0.0,0.0,0.0,Automatic (A2),102.8,0.0,102.6,0.0,Midsize Cars,2021,6750,Taycan,,,,,EV,,,175 and 355 kW ACPM,PRX,,0.0,,Tue Oct 26 00:00:00 EDT 2021,Wed Feb 02 00:00:00 EST 2022,N,0,0,0,,,,,,,,,
0.0839999999999999,0.0,0.0,7.5,102.48,0,0.0,0.0,32.8893,0.0,0,-1,0.0,0.0,96.5435,0,0.0,34.9117,0.0,0.0,,,All-Wheel Drive,308,,10,800,0,Electricity,Electricity,10,-1,90.16,0,0.0,0.0,37.3835,0.0,0,0,44725,0,0,Volkswagen,ID.4 AWD Pro,N,False,0,0,249,0.0,0.0,0.0,0.0,Automatic (A1),146.4,0.0,128.8,0.0,Small Sport Utility Vehicle 4WD,2021,8000,ID.4,,,,,EV,,,80 and 150 kW AC 3-Phase,VGA,,0.0,,Tue Oct 26 00:00:00 EDT 2021,Wed Feb 02 00:00:00 EST 2022,N,0,0,0,77.0,,7.0,,11.0,135.0,CCS2,,
0.0863999999999999,0.0,0.0,7.5,97.58,0,0.0,0.0,34.5409,0.0,0,-1,0.0,0.0,92.9122,0,0.0,36.2762,0.0,0.0,,,All-Wheel Drive,306,,10,800,0,Electricity,Electricity,10,-1,87.78,0,0.0,0.0,38.3971,0.0,0,0,44726,0,0,Volkswagen,ID.4 AWD Pro S,N,False,0,0,240,0.0,0.0,0.0,0.0,Automatic (A1),139.4,0.0,125.4,0.0,Small Sport Utility Vehicle 4WD,2021,8000,ID.4,,,,,EV,,,80 and 150 kW AC 3-Phase,VGA,,0.0,,Tue Oct 26 00:00:00 EDT 2021,Wed Feb 02 00:00:00 EST 2022,N,0,0,0,,,,,,,,,
0.0984,0.0,0.0,10.0,80.7116,0,0.0,0.0,41.7598,0.0,0,-1,0.0,0.0,81.6915,0,0.0,41.2589,0.0,0.0,,,All-Wheel Drive,352,,10,950,0,Electricity,Electricity,10,-1,82.9219,0,0.0,0.0,40.6467,0.0,0,0,44776,0,11,Audi,e-tron GT,N,False,0,101,238,0.0,0.0,0.0,0.0,Automatic (A2),113.2,0.0,116.3,0.0,Midsize Cars,2022,7250,e-tron GT,,,,,EV,,,175 kW Asynchron 3-Phase,VGA,,0.0,,Tue Nov 02 00:00:00 EDT 2021,Wed Feb 02 00:00:00 EST 2022,N,0,0,0,85.0,,7.7,,11.0,270.0,CCS2,,0
0.1104,0.0,0.0,10.0,72.3957,0,0.0,0.0,46.5566,0.0,0,-1,0.0,0.0,73.4439,0,0.0,45.8922,0.0,0.0,,,All-Wheel Drive,354,,10,1050,0,Electricity,Electricity,10,-1,74.7669,0,0.0,0.0,45.0801,0.0,0,0,44777,0,0,Audi,e-tron S (20in wheels),N,False,0,0,208,0.0,0.0,0.0,0.0,Automatic (A1),97.7,0.0,100.9,0.0,Standard Sport Utility Vehicle 4WD,2022,6750,e-tron S,,,,,EV,,,138 kW Asynchron 3-Phase,VGA,,0.0,,Tue Nov 02 00:00:00 EDT 2021,Wed Feb 02 00:00:00 EST 2022,N,0,0,0,,,,,,,,,0
0.1272,0.0,0.0,10.0,62.244,0,0.0,0.0,54.1498,0.0,0,-1,0.0,0.0,63.2251,0,0.0,53.3095,0.0,0.0,,,All-Wheel Drive,356,,10,1200,0,Electricity,Electricity,10,-1,64.467,0,0.0,0.0,52.2826,0.0,0,0,44778,0,0,Audi,e-tron S (21/22 inch wheels),N,False,0,0,181,0.0,0.0,0.0,0.0,Automatic (A1),84.0,0.0,87.0,0.0,Standard Sport Utility Vehicle 4WD,2022,6000,e-tron S,,,,,EV,,,138 kW Asynchron 3-Phase,VGA,,0.0,,Tue Nov 02 00:00:00 EDT 2021,Wed Oct 26 00:00:00 EDT 2022,N,0,0,0,,,,,,,,,0
0.108,0.0,0.0,10.0,73.1367,0,0.0,0.0,46.0849,0.0,0,-1,0.0,0.0,75.0414,0,0.0,44.9152,0.0,0.0,,,All-Wheel Drive,355,,10,1000,0,Electricity,Electricity,10,-1,77.5086,0,0.0,0.0,43.4855,0.0,0,0,44779,0,0,Audi,e-tron S Sportback (20 inch wheels),N,False,0,0,212,0.0,0.0,0.0,0.0,Automatic (A1),98.7,0.0,104.6,0.0,Standard Sport Utility Vehicle 4WD,2022,7000,e-tron S,,,,,EV,,,138 kW Asynchron 3-Phase,VGA,,0.0,,Tue Nov 02 00:00:00 EDT 2021,Wed Oct 26 00:00:00 EDT 2022,N,0,0,0,,,,,,,,,0
0.1248,0.0,0.0,10.0,63.5778,0,0.0,0.0,53.0138,0.0,0,-1,0.0,0.0,64.7193,0,0.0,52.0787,0.0,0.0,,,All-Wheel Drive,357,,10,1150,0,Electricity,Electricity,10,-1,66.1713,0,0.0,0.0,50.936,0.0,0,0,44780,0,0,Audi,e-tron S Sportback (21/22 inch wheels),N,False,0,0,185,0.0,0.0,0.0,0.0,Automatic (A1),85.8,0.0,89.3,0.0,Standard Sport Utility Vehicle 4WD,2022,6250,e-tron S,,,,,EV,,,157 kW Asynchron 3-Phase,VGA,,0.0,,Tue Nov 02 00:00:00 EDT 2021,Wed Oct 26 00:00:00 EDT 2022,N,0,0,0,,,,,,,,,0
0.0863999999999999,0.0,0.0,9.0,99.82,0,0.0,0.0,33.7658,0.0,0,-1,0.0,0.0,94.5914,0,0.0,35.6322,0.0,0.0,,,All-Wheel Drive,358,,10,800,0,Electricity,Electricity,10,-1,88.9,0,0.0,0.0,37.9134,0.0,0,0,44781,0,0,Audi,Q4 e-tron quattro,Y,False,0,0,241,0.0,0.0,0.0,0.0,Automatic (A1),142.6,0.0,127.0,0.0,Standard Sport Utility Vehicle 4WD,2022,8000,Q4 e-tron,,,,,EV,,,80 and 150 kW Asynchron 3-Phase,VGA,,0.0,,Tue Nov 02 00:00:00 EDT 2021,Wed Feb 02 00:00:00 EST 2022,N,0,0,0,48.0,,4.4,,11.0,125.0,CCS2,,0
0.0863999999999999,0.0,0.0,9.0,99.82,0,0.0,0.0,33.7658,0.0,0,-1,0.0,0.0,94.5914,0,0.0,35.6322,0.0,0.0,,,All-Wheel Drive,359,,10,800,0,Electricity,Electricity,10,-1,88.9,0,0.0,0.0,37.9134,0.0,0,0,44782,0,0,Audi,Q4 e-tron Sportback quattro,N,False,0,0,241,0.0,0.0,0.0,0.0,Automatic (A1),142.6,0.0,127.0,0.0,Standard Sport Utility Vehicle 4WD,2022,8000,Q4 e-tron,,,,,EV,,,80 and 150 kW Asynchron 3-Phase,VGA,,0.0,,Tue Nov 02 00:00:00 EDT 2021,Wed Feb 02 00:00:00 EST 2022,N,0,0,0,,,,,,,,,0
0.1008,0.0,0.0,10.0,79.4187,0,0.0,0.0,42.4396,0.0,0,-1,0.0,0.0,80.5505,0,0.0,41.8433,0.0,0.0,,,All-Wheel Drive,353,,10,950,0,Electricity,Electricity,10,-1,81.9783,0,0.0,0.0,41.1145,0.0,0,0,44783,0,11,Audi,RS e-tron GT,N,False,0,101,232,0.0,0.0,0.0,0.0,Automatic (A2),111.7,0.0,115.3,0.0,Midsize Cars,2022,7250,RS e-tron GT,,,,,EV,,,335 kW Asynchron 3-Phase,VGA,,0.0,,Tue Nov 02 00:00:00 EDT 2021,Wed Feb 02 00:00:00 EST 2022,N,0,0,0,,,,,,,,,0
0.0887999999999999,0.0,0.0,5.3,98.07,0,0.0,0.0,34.3683,0.0,0,-1,0.0,0.0,91.7128,0,0.0,36.7506,0.0,0.0,,,Front-Wheel Drive,801,,10,850,0,Electricity,Electricity,10,-1,84.98,0,0.0,0.0,39.6623,0.0,21,90,44784,0,0,Mazda,MX-30,N,False,0,0,100,105.9,0.0,91.8,0.0,Automatic (A1),140.1,0.0,121.4,0.0,Midsize Cars,2022,7750,MX-30,,,,,EV,,,81 kW AC PMSM,TKX,,0.0,,Tue Nov 02 00:00:00 EDT 2021,Mon Apr 11 00:00:00 EDT 2022,N,0,0,0,,,,,,,,,0
0.0839999999999999,0.0,0.0,12.5,97.0,0,0.0,0.0,35.0,0.0,0,-1,0.0,0.0,97.0,0,0.0,35.0,0.0,0.0,,,Rear-Wheel Drive,901,,10,800,0,Electricity,Electricity,10,-1,97.0,0,0.0,0.0,35.0,0.0,0,0,44785,0,35,Mercedes-Benz,EQS 450 Plus,N,False,0,103,350,0.0,0.0,0.0,0.0,Automatic (A1),138.0,0.0,138.1,0.0,Large Cars,2022,8000,EQS,,,,,EV,,,245 kW ACPM 6-Phase,MBX,,0.0,,Tue Nov 02 00:00:00 EDT 2021,Wed Feb 02 00:00:00 EST 2022,Y,0,0,0,,,,,,,,,0
0.1008,0.0,0.0,9.5,78.75,0,0.0,0.0,42.8,0.0,0,-1,0.0,0.0,79.4048,0,0.0,42.4471,0.0,0.0,,,All-Wheel Drive,720,,10,950,0,Electricity,Electricity,10,-1,80.22,0,0.0,0.0,42.0157,0.0,0,0,44787,0,12,Porsche,Taycan 4S Perf Battery,N,False,0,89,199,0.0,0.0,0.0,0.0,Automatic (A2),112.5,0.0,114.6,0.0,Compact Cars,2022,7250,Taycan,,,,,EV,,,150 and 270 kW ACPM,PRX,,0.0,,Tue Nov 02 00:00:00 EDT 2021,Wed Feb 16 00:00:00 EST 2022,N,0,0,0,,,,,,,,,0
0.1032,0.0,0.0,10.5,74.76,0,0.0,0.0,45.0843,0.0,0,-1,0.0,0.0,77.4982,0,0.0,43.4913,0.0,0.0,,,All-Wheel Drive,721,,10,1000,0,Electricity,Electricity,10,-1,81.13,0,0.0,0.0,41.5444,0.0,0,0,44788,0,12,Porsche,Taycan 4S Perf Battery Plus,N,False,0,89,227,0.0,0.0,0.0,0.0,Automatic (A2),106.8,0.0,115.9,0.0,Compact Cars,2022,7000,Taycan,,,,,EV,,,175 and 320 kW ACPM,PRX,,0.0,,Tue Nov 02 00:00:00 EDT 2021,Wed Feb 16 00:00:00 EST 2022,N,0,0,0,,,,,,,,,0
0.1008,0.0,0.0,9.5,76.0,0,0.0,0.0,44.0,0.0,0,-1,0.0,0.0,79.0,0,0.0,42.0,0.0,0.0,,,Rear-Wheel Drive,701,,10,950,0,Electricity,Electricity,10,-1,84.0,0,0.0,0.0,40.0,0.0,0,0,44789,0,12,Porsche,Taycan Perf Battery,N,False,0,90,200,0.0,0.0,0.0,0.0,Automatic (A2),112.8,0.0,124.4,0.0,Compact Cars,2022,7250,Taycan,,,,,EV,,,240 kW ACPM,PRX,,0.0,,Tue Nov 02 00:00:00 EDT 2021,Mon Apr 11 00:00:00 EDT 2022,N,0,0,0,,,,,,,,,3
0.108,0.0,0.0,10.5,71.33,0,0.0,0.0,47.2522,0.0,0,-1,0.0,0.0,74.991,0,0.0,44.9454,0.0,0.0,,,Rear-Wheel Drive,702,,10,1000,0,Electricity,Electricity,10,-1,80.01,0,0.0,0.0,42.126,0.0,0,0,44790,0,12,Porsche,Taycan Perf Battery Plus,N,False,0,90,225,0.0,0.0,0.0,0.0,Automatic (A2),101.9,0.0,114.3,0.0,Compact Cars,2022,7000,Taycan,,,,,EV,,,280 kW ACPM,PRX,,0.0,,Tue Nov 02 00:00:00 EDT 2021,Mon Apr 11 00:00:00 EDT 2022,N,0,0,0,,,,,,,,,3
0.1104,0.0,0.0,10.5,71.0,0,0.0,0.0,45.7265,0.0,0,-1,0.0,0.0,73.0,0,0.0,46.0,0.0,0.0,,,All-Wheel Drive,740,,10,1050,0,Electricity,Electricity,10,-1,75.0,0,0.0,0.0,43.3004,0.0,0,0,44791,0,11,Porsche,Taycan Turbo,N,False,0,89,212,0.0,0.0,0.0,0.0,Automatic (A2),105.3,0.0,111.2,0.0,Compact Cars,2022,6750,Taycan,,,,,EV,,,170 and 335 kW ACPM,PRX,,0.0,,Tue Nov 02 00:00:00 EDT 2021,Mon Apr 11 00:00:00 EDT 2022,N,0,0,0,,,,,,,,,3
0.1152,0.0,0.0,10.5,69.3,0,0.0,0.0,48.6364,0.0,0,-1,0.0,0.0,70.0767,0,0.0,48.0973,0.0,0.0,,,All-Wheel Drive,750,,10,1100,0,Electricity,Electricity,10,-1,71.05,0,0.0,0.0,47.4384,0.0,0,0,44792,0,11,Porsche,Taycan Turbo S,N,False,0,89,201,0.0,0.0,0.0,0.0,Automatic (A2),99.0,0.0,101.5,0.0,Compact Cars,2022,6500,Taycan,,,,,EV,,,190 and 335 kW ACPM,PRX,,0.0,,Tue Nov 02 00:00:00 EDT 2021,Wed Feb 16 00:00:00 EST 2022,N,0,0,0,,,,,,,,,3
0.1056,0.0,0.0,10.5,76.09,0,0.0,0.0,44.2962,0.0,0,-1,0.0,0.0,76.4346,0,0.0,44.0965,0.0,0.0,,,All-Wheel Drive,705,,10,1000,0,Electricity,Electricity,10,-1,76.86,0,0.0,0.0,43.8525,0.0,24,90,44793,0,0,Porsche,Taycan 4 Cross Turismo,N,False,0,0,215,0.0,0.0,0.0,0.0,Automatic (A2),108.7,0.0,109.8,0.0,Midsize Cars,2022,7000,Taycan,,,,,EV,,,175 and 320 kW ACPM,PRX,,0.0,,Tue Nov 02 00:00:00 EDT 2021,Wed Feb 16 00:00:00 EST 2022,N,0,0,0,,,,,,,,,3
0.108,0.0,0.0,10.5,75.0,0,0.0,0.0,44.5833,0.0,0,-1,0.0,0.0,75.0,0,0.0,45.0,0.0,0.0,,,All-Wheel Drive,725,,10,1000,0,Electricity,Electricity,10,-1,75.0,0,0.0,0.0,45.0,0.0,24,91,44794,0,0,Porsche,Taycan 4S Cross Turismo,N,False,0,0,215,0.0,0.0,0.0,0.0,Automatic (A2),108.0,0.0,108.6,0.0,Midsize Cars,2022,7000,Taycan,,,,,EV,,,175 and 320 kW ACPM,PRX,,0.0,,Tue Nov 02 00:00:00 EDT 2021,Wed Feb 16 00:00:00 EST 2022,N,0,0,0,,,,,,,,,3
0.1128,0.0,0.0,10.5,71.96,0,0.0,0.0,46.8385,0.0,0,-1,0.0,0.0,71.8969,0,0.0,46.8796,0.0,0.0,,,All-Wheel Drive,745,,10,1050,0,Electricity,Electricity,10,-1,71.82,0,0.0,0.0,46.9298,0.0,24,92,44795,0,0,Porsche,Taycan Turbo Cross Turismo,N,False,0,0,204,0.0,0.0,0.0,0.0,Automatic (A2),102.8,0.0,102.6,0.0,Midsize Cars,2022,6750,Taycan,,,,,EV,,,175 and 355 kW ACPM,PRX,,0.0,,Tue Nov 02 00:00:00 EDT 2021,Wed Feb 16 00:00:00 EST 2022,N,0,0,0,,,,,,,,,3
0.1104,0.0,0.0,10.5,73.5,0,0.0,0.0,45.8571,0.0,0,-1,0.0,0.0,73.2152,0,0.0,46.0355,0.0,0.0,,,All-Wheel Drive,755,,10,1050,0,Electricity,Electricity,10,-1,72.87,0,0.0,0.0,46.2536,0.0,24,93,44796,0,0,Porsche,Taycan Turbo S Cross Turismo,N,False,0,0,202,0.0,0.0,0.0,0.0,Automatic (A2),105.0,0.0,104.1,0.0,Midsize Cars,2022,6750,Taycan,,,,,EV,,,190 and 335 kW ACPM,PRX,,0.0,,Tue Nov 02 00:00:00 EDT 2021,Wed Feb 16 00:00:00 EST 2022,N,0,0,0,,,,,,,,,3
0.096,0.0,0.0,10.3,90.02,0,0.0,0.0,37.4417,0.0,0,-1,0.0,0.0,83.8771,0,0.0,40.1838,0.0,0.0,,,All-Wheel Drive,274,,10,900,0,Electricity,Electricity,10,-1,77.42,0,0.0,0.0,43.5353,0.0,0,0,44797,0,24,Ford,Mustang Mach-E GT,N,False,0,101,270,288.1,0.0,247.9,0.0,Automatic (A1),128.6,0.0,110.6,0.0,Small Station Wagons,2021,7500,Mustang Mach-E,,,,,EV,,,179 and 179 kW AC PMSM,FMX,,0.0,,Tue Nov 02 00:00:00 EDT 2021,Wed Feb 02 00:00:00 EST 2022,N,0,0,0,,,,,,,,,
0.0984,0.0,0.0,10.1,88.06,0,0.0,0.0,38.275,0.0,0,-1,0.0,0.0,81.8314,0,0.0,41.1883,0.0,0.0,,,All-Wheel Drive,294,,10,950,0,Electricity,Electricity,10,-1,75.32,0,0.0,0.0,44.7491,0.0,0,0,44798,0,24,Ford,Mustang Mach-E GT Performance,Y,False,0,101,260,278.2,0.0,237.8,0.0,Automatic (A1),125.8,0.0,107.6,0.0,Small Station Wagons,2021,7250,Mustang Mach-E,,,,,EV,,,179 and 179 kW AC PMSM,FMX,,0.0,,Tue Nov 02 00:00:00 EDT 2021,Thu Oct 19 00:00:00 EDT 2023,N,0,0,0,,,,,,,,,
9.010980938181818,6.198125,0.0,3.0,17.8416,45,45.4844,0.0,74.0,0.406,274,-1,0.0,274.0,19.3859,48,47.7935,70.0,0.0,0.411,8.0,4.0,All-Wheel Drive,647,SIDI; PHEV,5,4300,0,Premium and Electricity,Premium Gasoline,7,-1,21.6794,51,50.9551,0.0,66.0,0.418,25,98,44830,0,0,Porsche,Panamera Turbo S E-Hybrid/Exec/ST,N,True,0,0,430,0.0,16.86,0.0,17.58,Automatic (AM-S8),22.3,64.2,30.1,72.7,Large Cars,2022,-3500,Panamera,,,T,,Plug-in Hybrid,Electricity,17.0,100 kW DC Brushless,PRX,,0.0,,Thu Nov 04 00:00:00 EDT 2021,Wed May 17 00:00:00 EDT 2023,Y,24,28,25,,,,,,,,,1
0.1032,0.0,0.0,10.0,77.774,0,0.0,0.0,43.3371,0.0,0,-1,0.0,0.0,77.6405,0,0.0,43.4116,0.0,0.0,,,All-Wheel Drive,350,,10,1000,0,Electricity,Electricity,10,-1,77.478,0,0.0,0.0,43.5027,0.0,0,0,44920,0,0,Audi,e-tron quattro,N,False,0,0,222,0.0,0.0,0.0,0.0,Automatic (A1),105.1,0.0,104.7,0.0,Standard Sport Utility Vehicle 4WD,2022,7000,e-tron,,,,,EV,,,141 and 172 kW Asynchron 3-Phase,VGA,,0.0,,Thu Dec 02 00:00:00 EST 2021,Wed Feb 02 00:00:00 EST 2022,N,0,0,0,,,,,,,,,1
0.1056,0.0,0.0,10.0,75.776,0,0.0,0.0,44.4798,0.0,0,-1,0.0,0.0,76.6299,0,0.0,43.9841,0.0,0.0,,,All-Wheel Drive,351,,10,1000,0,Electricity,Electricity,10,-1,77.7,0,0.0,0.0,43.3784,0.0,0,0,44921,0,0,Audi,e-tron Sportback quattro,N,False,0,0,218,0.0,0.0,0.0,0.0,Automatic (A1),102.4,0.0,105.0,0.0,Standard Sport Utility Vehicle 4WD,2022,7000,e-tron,,,,,EV,,,141 and 172 kW Asynchron 3-Phase,VGA,,0.0,,Thu Dec 02 00:00:00 EST 2021,Wed Feb 02 00:00:00 EST 2022,N,0,0,0,,,,,,,,,1
0.0815999999999999,0.0,0.0,8.5,109.62,0,0.0,0.0,30.7471,0.0,0,-1,0.0,0.0,98.1837,0,0.0,34.3285,0.0,0.0,,,All-Wheel Drive,69,,10,750,0,Electricity,Electricity,10,-1,87.08,0,0.0,0.0,38.7058,0.0,0,0,44922,0,27,Hyundai,Ioniq 5 AWD (Long Range),Y,False,0,106,256,282.2,0.0,224.1,0.0,Automatic (A1),156.6,0.0,124.4,0.0,Large Cars,2022,8250,Ioniq 5,,,,,EV,,,74 and 165 kW PMSM,HYX,,0.0,,Thu Dec 02 00:00:00 EST 2021,Mon Apr 11 00:00:00 EDT 2022,N,0,0,0,,,,,,,,,1
0.072,0.0,0.0,8.5,132.0,0,0.0,0.0,25.1567,0.0,0,-1,0.0,0.0,114.0,0,0.0,30.0,0.0,0.0,,,Rear-Wheel Drive,68,,10,700,0,Electricity,Electricity,10,-1,98.0,0,0.0,0.0,34.0764,0.0,0,0,44923,0,27,Hyundai,Ioniq 5 RWD (Long Range),Y,False,0,106,303,343.5,0.0,253.5,0.0,Automatic (A1),191.4,0.0,141.3,0.0,Large Cars,2022,8500,Ioniq 5,,,,,EV,,,168 kW PMSM,HYX,,0.0,,Thu Dec 02 00:00:00 EST 2021,Mon Apr 11 00:00:00 EDT 2022,N,0,0,0,,,,,,,,,0
0.0744,0.0,0.0,6.3,127.0,0,0.0,0.0,26.1827,0.0,0,-1,0.0,0.0,110.0,0,0.0,31.0,0.0,0.0,,,Rear-Wheel Drive,67,,10,700,0,Electricity,Electricity,10,-1,94.0,0,0.0,0.0,35.2747,0.0,0,0,44924,0,27,Hyundai,Ioniq 5 RWD (Standard Range),N,False,0,106,220,248.9,0.0,184.7,0.0,Automatic (A1),183.9,0.0,136.5,0.0,Large Cars,2022,8500,Ioniq 5,,,,,EV,,,125 kW PMSM,HYX,,0.0,,Thu Dec 02 00:00:00 EST 2021,Mon Apr 11 00:00:00 EDT 2022,N,0,0,0,,,,,,,,,1
0.0768,0.0,0.0,8.4,116.0,0,0.0,0.0,28.6607,0.0,0,-1,0.0,0.0,105.0,0,0.0,31.7188,0.0,0.0,,,All-Wheel Drive,42,,10,700,0,Electricity,Electricity,10,-1,94.0,0,0.0,0.0,36.0,0.0,0,0,44925,0,24,Kia,EV6 AWD (Long Range),Y,False,0,103,274,299.9,0.0,242.4,0.0,Automatic (A1),168.0,0.0,135.8,0.0,Small Station Wagons,2022,8500,EV6,,,,,EV,,,74 and 165 kW PMSM,KMX,,0.0,,Thu Dec 02 00:00:00 EST 2021,Mon Apr 11 00:00:00 EDT 2022,N,0,0,0,,,,,,,,,1
0.0696,0.0,0.0,8.7,134.0,0,0.0,0.0,25.0,0.0,0,-1,0.0,0.0,117.0,0,0.0,29.0,0.0,0.0,,,Rear-Wheel Drive,44,,10,650,0,Electricity,Electricity,10,-1,101.0,0,0.0,0.0,33.0,0.0,0,0,44926,0,24,Kia,EV6 RWD (Long Range),N,False,0,103,310,349.2,0.0,262.1,0.0,Automatic (A1),197.4,0.0,148.2,0.0,Small Station Wagons,2022,8750,EV6,,,,,EV,,,168 kW PMSM,KMX,,0.0,,Thu Dec 02 00:00:00 EST 2021,Mon Apr 11 00:00:00 EDT 2022,N,0,0,0,,,,,,,,,1
0.0696,0.0,0.0,6.3,136.0,0,0.0,0.0,25.0,0.0,0,-1,0.0,0.0,117.0,0,0.0,29.0,0.0,0.0,,,Rear-Wheel Drive,43,,10,650,0,Electricity,Electricity,10,-1,100.0,0,0.0,0.0,34.0,0.0,0,0,44927,0,24,Kia,EV6 RWD (Standard Range),N,False,0,103,232,263.0,0.0,194.1,0.0,Automatic (A1),197.2,0.0,145.6,0.0,Small Station Wagons,2022,8750,EV6,,,,,EV,,,125 kW PMSM,KMX,,0.0,,Thu Dec 02 00:00:00 EST 2021,Mon Apr 11 00:00:00 EDT 2022,N,0,0,0,,,,,,,,,1
0.0744,0.0,0.0,8.0,113.2179,0,0.0,0.0,29.77,0.0,0,-1,0.0,0.0,107.0151,0,0.0,31.4956,0.0,0.0,,,Front-Wheel Drive,233,,10,700,0,Electricity,Electricity,10,-1,100.299,0,0.0,0.0,33.6045,0.0,26,89,44928,0,0,Polestar,2 Single Motor,Y,False,0,0,270,284.7,0.0,252.1,0.0,Automatic (A1),159.5,0.0,141.3,0.0,Midsize Cars,2022,8500,2,,,,,EV,,,170 kW AC PMSM,VVX,,0.0,,Thu Dec 02 00:00:00 EST 2021,Wed Oct 26 00:00:00 EDT 2022,N,0,0,0,,,,,,,,,3
0.0936,0.0,0.0,8.0,94.3602,0,0.0,0.0,35.7195,0.0,0,-1,0.0,0.0,87.4945,0,0.0,38.5224,0.0,0.0,,,All-Wheel Drive,204,,10,850,0,Electricity,Electricity,10,-1,80.3491,0,0.0,0.0,41.9482,0.0,24,86,44929,0,0,Volvo,C40 Recharge twin,N,False,0,0,226,242.3,0.0,206.3,0.0,Automatic (A1),132.0,0.0,112.4,0.0,Small Sport Utility Vehicle 4WD,2022,7750,C40,,,,,EV,,,150 and 150 kW AC PMSM,VVX,,0.0,,Thu Dec 02 00:00:00 EST 2021,Fri Jun 23 00:00:00 EDT 2023,N,0,0,0,,,,,,,,,3
4.022632882758621,3.6281707317073177,0.0,2.0,29.4158,87,86.6743,0.0,39.0,0.63,119,-1,0.0,119.0,29.5207,82,81.9715,41.0,0.0,0.609,6.0,3.6,Front-Wheel Drive,523,PHEV,9,2250,0,Regular Gas and Electricity,Regular Gasoline,10,-1,29.6499,77,76.8735,0.0,45.0,0.58,0,0,44930,0,0,Chrysler,Pacifica Hybrid,Y,True,0,0,520,0.0,34.41,0.0,29.49,Automatic (variable gear ratios),42.7429,123.6,42.7998,109.8,Minivan - 2WD,2022,4750,Pacifica,,,,,Plug-in Hybrid,Electricity,32.0,89 kW AC Induction,CRX,,0.0,,Thu Dec 02 00:00:00 EST 2021,Wed May 17 00:00:00 EDT 2023,Y,50,46,48,,,,,,,,,0
2.594779475985313,2.8334285714285716,0.0,3.3,42.6876,117,116.7137,0.0,29.0,0.685,77,-1,0.0,77.0,40.4848,105,104.6233,32.0,0.0,0.657,4.0,2.5,Front-Wheel Drive,39,PHEV,10,1700,0,Regular Gas and Electricity,Regular Gasoline,10,-1,38.083,93,92.8656,0.0,36.0,0.618,0,0,44931,0,0,Ford,Escape FWD PHEV,Y,True,0,0,520,0.0,40.99,0.0,33.16,Automatic (variable gear ratios),60.0,166.7,56.7,132.7,Small Sport Utility Vehicle 2WD,2022,6750,Escape,,,,,Plug-in Hybrid,Electricity,37.0,96 kW DCPM,FMX,,0.0,,Thu Dec 02 00:00:00 EST 2021,Wed May 17 00:00:00 EDT 2023,Y,75,59,67,,,,,,,,,0
7.72046571,6.071632653061224,0.0,2.4,20.3076,52,51.8439,0.0,65.0,0.498,230,-1,0.0,230.0,20.0927,49,48.7766,68.0,0.0,0.487,4.0,2.0,4-Wheel Drive,571,SIDI; PHEV,6,3400,0,Regular Gas and Electricity,Regular Gasoline,8,-1,19.8362,45,45.4873,0.0,71.0,0.472,0,0,44932,0,0,Jeep,Wrangler 4dr 4xe,Y,True,0,0,370,0.0,22.85,0.0,21.0,Automatic 8-spd,27.6,73.4,29.8,65.0,Small Sport Utility Vehicle 4WD,2022,-250,Wrangler,,,T,,Plug-in Hybrid,Electricity,22.0,100 kW AC Induction,CRX,,0.0,,Thu Dec 02 00:00:00 EST 2021,Wed May 17 00:00:00 EDT 2023,Y,29,27,28,,,,,,,,,0
2.964494814258374,3.5417857142857145,0.0,4.5,37.5894,93,92.8124,0.0,36.0,0.686,87,-1,0.0,87.0,35.517,84,84.0132,40.0,0.0,0.657,4.0,2.5,All-Wheel Drive,127,SIDI & PFI,9,2250,0,Premium and Electricity,Premium Gasoline,10,-1,33.2748,75,75.2892,0.0,45.0,0.618,0,0,44933,0,0,Lexus,NX 450h Plus AWD,N,True,0,0,550,0.0,41.08,0.0,33.1,Automatic (AV-S6),49.6499,132.6,47.5499,107.6,Small Sport Utility Vehicle 4WD,2022,5000,NX,,,,,Plug-in Hybrid,Electricity,37.0,40 and 134 kW AC Induction,TYX,,0.0,,Thu Dec 02 00:00:00 EST 2021,Wed May 17 00:00:00 EDT 2023,Y,63,50,57,,,,,,,,,2
3.960601190404412,3.8142307692307695,0.0,3.5,34.194,83,82.6361,0.0,41.0,0.59,117,-1,0.0,117.0,33.2892,78,77.6188,43.0,0.0,0.568,4.0,2.5,Part-time 4-Wheel Drive,42,PHEV,9,2050,0,Regular Gas and Electricity,Regular Gasoline,10,-1,32.2464,72,72.2567,0.0,46.0,0.539,0,0,44934,0,0,Lincoln,Corsair AWD PHEV,N,True,0,0,430,0.0,30.38,0.0,25.96,Automatic (variable gear ratios),46.1,118.1,46.5,103.2,Small Sport Utility Vehicle 4WD,2022,4750,Corsair,,,,,Plug-in Hybrid,Electricity,28.0,50 and 96 kW DCPM,FMX,,0.0,,Thu Dec 02 00:00:00 EST 2021,Wed May 17 00:00:00 EDT 2023,Y,52,45,49,,,,,,,,,0
12.93787464,5.833529411764706,0.0,2.5,16.1033,51,50.5126,0.0,66.0,0.24,403,-1,0.0,403.0,17.5775,51,50.667,66.0,0.0,0.237,8.0,3.9,All-Wheel Drive,173,SIDI; PHEV,4,4550,0,Premium and Electricity,Premium Gasoline,5,-1,19.7919,51,50.857,0.0,67.0,0.234,0,0,44983,0,0,Ferrari,SF90 Stradale,N,True,0,0,330,0.0,8.62,0.0,8.37,Automatic (AM8),20.0,69.2,27.3,72.3,Two Seaters,2022,-7500,SF90 Stradale,,,T,,Plug-in Hybrid,Electricity,9.0,"99, 99, 150kW 3-phase Sync.",FEX,,0.0,,Thu Dec 16 00:00:00 EST 2021,Wed May 17 00:00:00 EDT 2023,Y,19,22,20,7.0,,0.9,,7.4,,Type 2,,0
2.4867613275,3.1650000000000005,0.0,4.5,40.3669,105,104.5381,0.0,32.0,0.721,72,-1,0.0,72.0,38.0,94,94.0002,36.0,0.0,0.693,4.0,2.5,All-Wheel Drive,106,SIDI & PFI,10,1800,0,Regular Gas and Electricity,Regular Gasoline,10,-1,36.0,84,83.6892,0.0,40.0,0.654,0,0,44984,0,0,Toyota,RAV4 Prime 4WD,N,True,0,0,600,0.0,46.22,0.0,37.13,Automatic (AV-S6),54.8425,149.3,52.3939,119.6,Small Sport Utility Vehicle 4WD,2022,6500,RAV4 Prime,,,,,Plug-in Hybrid,Electricity,42.0,40 and 134 kW AC Induction,TYX,,0.0,,Thu Dec 16 00:00:00 EST 2021,Wed May 17 00:00:00 EDT 2023,Y,72,58,65,,,,,,,,,0
0.0624,0.0,0.0,11.5,134.2791,0,0.0,0.0,25.1007,0.0,0,-1,0.0,0.0,130.5194,0,0.0,25.8238,0.0,0.0,,,All-Wheel Drive,35,,10,600,0,Electricity,Electricity,10,-1,126.2005,0,0.0,0.0,26.7075,0.0,0,0,45011,0,15,Tesla,Model 3 Long Range AWD,Y,False,0,97,358,367.5,0.0,345.4,0.0,Automatic (A1),184.5,0.0,173.4,0.0,Midsize Cars,2022,9000,Model 3,,,,,EV,,,98 and 195 kW AC 3-Phase,TSL,standard charger,9.6,with 48A high power charger connector option,Mon Dec 20 00:00:00 EST 2021,Thu Oct 19 00:00:00 EDT 2023,N,0,0,0,75.0,,6.8,,11.0,250.0,NACS,,0
0.072,0.0,0.0,10.0,117.5346,0,0.0,0.0,28.6767,0.0,0,-1,0.0,0.0,112.5105,0,0.0,29.9572,0.0,0.0,,,All-Wheel Drive,38,,10,650,0,Electricity,Electricity,10,-1,106.9243,0,0.0,0.0,31.5223,0.0,0,0,45012,0,15,Tesla,Model 3 Performance AWD,Y,False,0,97,315,328.7,0.0,299.0,0.0,Automatic (A1),157.3,0.0,143.1,0.0,Midsize Cars,2022,8750,Model 3,,,,,EV,,,131 and 190 kW AC 3-Phase,TSL,standard charger,9.6,with 48A high power charger connector option,Mon Dec 20 00:00:00 EST 2021,Thu Oct 19 00:00:00 EDT 2023,N,0,0,0,75.0,,6.8,,11.0,250.0,NACS,,0
0.06,0.0,0.0,10.4,137.5297,0,0.0,0.0,24.5074,0.0,0,-1,0.0,0.0,132.2131,0,0.0,25.4929,0.0,0.0,,,Rear-Wheel Drive,31,,10,550,0,Electricity,Electricity,10,-1,126.2482,0,0.0,0.0,26.6974,0.0,0,0,45013,0,15,Tesla,Model 3 RWD,N,False,0,97,272,284.0,0.0,260.6,0.0,Automatic (A1),185.3,0.0,170.1,0.0,Midsize Cars,2022,9250,Model 3,,,,,EV,,,192 kW AC 3-Phase,TSL,standard charger,5.8,with 48A high power charger connector option,Mon Dec 20 00:00:00 EST 2021,Thu Oct 19 00:00:00 EDT 2023,N,0,0,0,75.0,,6.8,,11.0,250.0,NACS,,3
0.0672,0.0,0.0,15.0,124.0887,0,0.0,0.0,27.162,0.0,0,-1,0.0,0.0,119.6064,0,0.0,28.1799,0.0,0.0,,,All-Wheel Drive,58,,10,650,0,Electricity,Electricity,10,-1,114.5492,0,0.0,0.0,29.424,0.0,26,94,45014,0,0,Tesla,Model S,Y,False,0,0,405,420.0,0.0,387.7,0.0,Automatic (A1),163.9,0.0,151.3,0.0,Large Cars,2022,8750,Model S,,,,,EV,,,247 and 247 kW AC 3-Phase,TSL,standard charger,8.3,with 72A high power charger connector option,Mon Dec 20 00:00:00 EST 2021,Tue Jan 04 00:00:00 EST 2022,N,0,0,0,95.0,,8.6,,11.0,250.0,NACS,,1
0.0696,0.0,0.0,15.0,118.9496,0,0.0,0.0,28.3355,0.0,0,-1,0.0,0.0,115.6172,0,0.0,29.1522,0.0,0.0,,,All-Wheel Drive,60,,10,650,0,Electricity,Electricity,10,-1,111.7895,0,0.0,0.0,30.1504,0.0,26,94,45015,0,0,Tesla,Model S Plaid (19 inch wheels),N,False,0,0,396,407.5,0.0,383.0,0.0,Automatic (A1),154.5,0.0,145.2,0.0,Large Cars,2022,8750,Model S,,,,,EV,,,"250, 250 and 250 kW AC 3-Phase",TSL,standard charger,8.0,with 72A high power charger connector option,Mon Dec 20 00:00:00 EST 2021,Wed Oct 26 00:00:00 EDT 2022,N,0,0,0,,,,,,,,,0
0.0791999999999999,0.0,0.0,15.0,102.4737,0,0.0,0.0,32.8914,0.0,0,-1,0.0,0.0,100.7771,0,0.0,33.4451,0.0,0.0,,,All-Wheel Drive,59,,10,750,0,Electricity,Electricity,10,-1,98.7782,0,0.0,0.0,34.1219,0.0,26,94,45016,0,0,Tesla,Model S Plaid (21 inch wheels),N,False,0,0,348,0.0,0.0,0.0,0.0,Automatic (A1),133.1,0.0,128.3,0.0,Large Cars,2022,8250,Model S,,,,,EV,,,"250, 250 and 250 kW AC 3-Phase",TSL,standard charger,8.0,with 72A high power charger connector option,Mon Dec 20 00:00:00 EST 2021,Wed Oct 26 00:00:00 EDT 2022,N,0,0,0,,,,,,,,,1
0.0624,0.0,0.0,8.0,139.8564,0,0.0,0.0,24.0997,0.0,0,-1,0.0,0.0,129.4967,0,0.0,26.0277,0.0,0.0,,,Rear-Wheel Drive,41,,10,600,0,Electricity,Electricity,10,-1,118.746,0,0.0,0.0,28.3841,0.0,0,0,45017,0,0,Tesla,Model Y RWD,N,False,0,0,244,0.0,0.0,0.0,0.0,Automatic (A1),190.8,0.0,162.0,0.0,Small Sport Utility Vehicle 2WD,2022,9000,Model Y,,,,,EV,,,209 kW AC 3-Phase,TSL,standard charger,4.4,with 72A high power charger connector option,Mon Dec 20 00:00:00 EST 2021,Thu Oct 19 00:00:00 EDT 2023,N,0,0,0,79.0,,7.2,,11.0,250.0,NACS,,0
0.0672,0.0,0.0,11.5,126.5829,0,0.0,0.0,26.6268,0.0,0,-1,0.0,0.0,121.9989,0,0.0,27.6273,0.0,0.0,,,All-Wheel Drive,45,,10,600,0,Electricity,Electricity,10,-1,116.828,0,0.0,0.0,28.8501,0.0,0,0,45018,0,0,Tesla,Model Y Long Range AWD,Y,False,0,0,330,342.2,0.0,315.7,0.0,Automatic (A1),164.8,0.0,152.1,0.0,Small Sport Utility Vehicle 4WD,2022,9000,Model Y,,,,,EV,,,91 and 200 kW AC 3-Phase,TSL,standard charger,9.6,with 48A high power charger connector option,Mon Dec 20 00:00:00 EST 2021,Thu Oct 19 00:00:00 EDT 2023,N,0,0,0,79.0,,7.2,,11.0,250.0,NACS,,1
0.072,0.0,0.0,11.8,114.9078,0,0.0,0.0,29.3322,0.0,0,-1,0.0,0.0,110.5307,0,0.0,30.4938,0.0,0.0,,,All-Wheel Drive,47,,10,700,0,Electricity,Electricity,10,-1,105.6138,0,0.0,0.0,31.9135,0.0,0,0,45019,0,0,Tesla,Model Y Performance AWD,N,False,0,0,303,0.0,0.0,0.0,0.0,Automatic (A1),149.6,0.0,137.5,0.0,Small Sport Utility Vehicle 4WD,2022,8500,Model Y,,,,,EV,,,133 and 179 kW AC 3-Phase,TSL,standard charger,6.6,with 72A high power charger connector option,Mon Dec 20 00:00:00 EST 2021,Thu Oct 19 00:00:00 EDT 2023,N,0,0,0,79.0,,7.2,,11.0,250.0,NACS,,1
0.0791999999999999,0.0,0.0,14.0,106.5571,0,0.0,0.0,31.6309,0.0,0,-1,0.0,0.0,101.8783,0,0.0,33.0836,0.0,0.0,,,All-Wheel Drive,73,,10,750,0,Electricity,Electricity,10,-1,96.6893,0,0.0,0.0,34.8591,0.0,0,0,45020,0,0,Tesla,Model X,N,False,0,0,348,0.0,0.0,0.0,0.0,Automatic (A1),144.7,0.0,131.3,0.0,Standard Sport Utility Vehicle 4WD,2022,8250,Model X,,,,,EV,,,243 and 248 kW AC 3-Phase,TSL,standard charger,8.0,with 72A high power charger connector option,Mon Dec 20 00:00:00 EST 2021,Tue Jan 04 00:00:00 EST 2022,N,0,0,0,95.0,,8.6,,11.0,250.0,NACS,,1
0.0815999999999999,0.0,0.0,14.0,102.6153,0,0.0,0.0,32.846,0.0,0,-1,0.0,0.0,98.0856,0,0.0,34.3629,0.0,0.0,,,All-Wheel Drive,76,,10,750,0,Electricity,Electricity,10,-1,93.0645,0,0.0,0.0,36.2168,0.0,0,0,45021,0,0,Tesla,Model X Plaid (20 inch wheels),N,False,0,0,333,0.0,0.0,0.0,0.0,Automatic (A1),138.6,0.0,125.7,0.0,Standard Sport Utility Vehicle 4WD,2022,8250,Model X,,,,,EV,,,"230, 230 and 230 kW AC 3-Phase",TSL,standard charger,8.0,with 72A high power charger connector option,Mon Dec 20 00:00:00 EST 2021,Wed Oct 26 00:00:00 EDT 2022,N,0,0,0,,,,,,,,,1
0.0887999999999999,0.0,0.0,14.0,94.027,0,0.0,0.0,35.8461,0.0,0,-1,0.0,0.0,91.3018,0,0.0,36.916,0.0,0.0,,,All-Wheel Drive,74,,10,850,0,Electricity,Electricity,10,-1,88.1781,0,0.0,0.0,38.2238,0.0,0,0,45022,0,0,Tesla,Model X Plaid (22 inch wheels),N,False,0,0,311,0.0,0.0,0.0,0.0,Automatic (A1),127.0,0.0,119.1,0.0,Standard Sport Utility Vehicle 4WD,2022,7750,Model X,,,,,EV,,,"230, 230 and 230 kW AC 3-Phase",TSL,standard charger,8.0,with 72A high power charger connector option,Mon Dec 20 00:00:00 EST 2021,Wed Oct 26 00:00:00 EDT 2022,N,0,0,0,,,,,,,,,0
0.0863999999999999,0.0,0.0,12.5,91.7565,0,0.0,0.0,36.7331,0.0,0,-1,0.0,0.0,94.9022,0,0.0,35.5155,0.0,0.0,,,All-Wheel Drive,902,,10,800,0,Electricity,Electricity,10,-1,99.0528,0,0.0,0.0,34.0273,0.0,0,0,45023,0,35,Mercedes-Benz,EQS 580 4matic,Y,False,0,103,340,0.0,0.0,0.0,0.0,Automatic (A1),124.5,0.0,134.4,0.0,Large Cars,2022,8000,EQS,,,,,EV,,,135 and 255 kW AC 3-Phase,MBX,,0.0,,Mon Dec 20 00:00:00 EST 2021,Wed Mar 16 00:00:00 EDT 2022,Y,0,0,0,,,,,,,,,0
5.373019947272727,3.9668,0.0,3.0,25.0289,72,71.564,0.0,47.0,0.491,160,-1,0.0,160.0,27.9998,75,75.0374,45.0,0.0,0.5,4.0,2.0,Rear-Wheel Drive,320,SIDI; PHEV,8,2900,0,Premium and Electricity,Premium Gasoline,9,-1,32.7511,80,79.7694,0.0,42.0,0.51,0,0,45116,0,9,BMW,330e Sedan,N,True,0,94,320,0.0,22.3,0.0,23.71,Automatic (S8),33.5,101.7,46.0,114.0,Compact Cars,2022,2250,3 Series,,,T,,Plug-in Hybrid,Electricity,23.0,80 kW PMSM,BMX,,0.0,,Wed Feb 02 00:00:00 EST 2022,Wed May 17 00:00:00 EDT 2023,Y,37,46,40,,,,,,,,,0
6.0767599435344835,4.64859375,0.0,3.0,24.4239,59,58.9791,0.0,50.0,0.469,178,-1,0.0,178.0,26.4581,64,64.2312,49.0,0.0,0.474,4.0,2.0,Rear-Wheel Drive,536,SIDI; PHEV,8,3150,0,Premium and Electricity,Premium Gasoline,9,-1,29.4566,72,72.0758,0.0,48.0,0.48,0,0,45117,0,10,BMW,530e Sedan,N,True,0,99,340,0.0,20.81,0.0,21.54,Automatic (S8),32.2,84.3,41.8,103.0,Compact Cars,2022,1000,5 Series,,,T,,Plug-in Hybrid,Electricity,21.0,80 kW PMSM,BMX,,0.0,,Wed Feb 02 00:00:00 EST 2022,Wed May 17 00:00:00 EDT 2023,Y,34,41,37,,,,,,,,,0
6.855467967857143,4.7985483870967744,0.0,3.0,22.4103,59,58.5155,0.0,56.0,0.435,203,-1,0.0,203.0,24.6751,62,62.0523,53.0,0.0,0.445,4.0,2.0,All-Wheel Drive,537,SIDI; PHEV,7,3250,0,Premium and Electricity,Premium Gasoline,8,-1,28.1525,67,67.002,0.0,50.0,0.457,0,0,45118,0,10,BMW,530e xDrive Sedan,N,True,0,99,320,0.0,18.59,0.0,20.0,Automatic (S8),29.5,82.6,40.5,95.7,Compact Cars,2022,0,5 Series,,,T,,Plug-in Hybrid,Electricity,19.0,80 kW PMSM,BMX,,0.0,,Wed Feb 02 00:00:00 EST 2022,Wed May 17 00:00:00 EDT 2023,Y,30,38,33,,,,,,,,,0
6.005723744928231,5.950200000000001,0.0,5.0,19.2381,47,46.8923,0.2,63.0,0.595,178,-1,0.0,178.0,20.4271,50,49.9315,63.0,0.1,0.598,6.0,3.0,All-Wheel Drive,576,SIDI; PHEV,7,4100,0,Premium and Electricity,Premium Gasoline,9,-1,22.0961,54,54.2272,0.0,62.0,0.601,0,0,45119,0,0,BMW,X5 xDrive45e,N,True,0,0,400,0.0,30.87,0.0,31.43,Automatic (S8),24.3,66.4,31.9,77.4,Standard Sport Utility Vehicle 4WD,2022,-500,X5,,,T,,Plug-in Hybrid,Electricity,31.0,83 kW PMSM,BMX,,0.0,,Wed Feb 02 00:00:00 EST 2022,Wed May 17 00:00:00 EDT 2023,Y,30,34,32,,,,,,,,,0
0.0839999999999999,0.0,0.0,10.0,93.9483,0,0.0,0.0,35.8761,0.0,0,-1,0.0,0.0,95.653,0,0.0,35.2367,0.0,0.0,,,All-Wheel Drive,450,,10,800,0,Electricity,Electricity,10,-1,97.8224,0,0.0,0.0,34.4553,0.0,0,0,45131,0,10,BMW,i4 M50 Gran Coupe (19 inch wheels),N,False,0,90,270,265.4,0.0,276.4,0.0,Automatic (A1),126.1,0.0,131.3,0.0,Subcompact Cars,2022,8000,i4,,,,,EV,,,190 and 230 kW EESM,BMX,,0.0,,Fri Feb 11 00:00:00 EST 2022,Wed Oct 26 00:00:00 EDT 2022,N,0,0,0,,,,,,,,,0
0.1008,0.0,0.0,10.0,79.1967,0,0.0,0.0,42.5586,0.0,0,-1,0.0,0.0,79.6627,0,0.0,42.3096,0.0,0.0,,,All-Wheel Drive,451,,10,950,0,Electricity,Electricity,10,-1,80.2397,0,0.0,0.0,42.0054,0.0,0,0,45132,0,10,BMW,i4 M50 Gran Coupe (20 inch wheels),N,False,0,90,227,225.2,0.0,228.3,0.0,Automatic (A1),106.3,0.0,107.7,0.0,Subcompact Cars,2022,7250,i4,,,,,EV,,,190 and 230 kW EESM,BMX,,0.0,,Fri Feb 11 00:00:00 EST 2022,Wed Oct 26 00:00:00 EDT 2022,N,0,0,0,,,,,,,,,0
0.0744,0.0,0.0,10.0,109.4538,0,0.0,0.0,30.7938,0.0,0,-1,0.0,0.0,108.9786,0,0.0,30.9281,0.0,0.0,,,Rear-Wheel Drive,440,,10,700,0,Electricity,Electricity,10,-1,108.4033,0,0.0,0.0,31.0922,0.0,0,0,45133,0,10,BMW,i4 eDrive40 Gran Coupe (18 inch wheels),N,False,0,90,301,302.1,0.0,299.1,0.0,Automatic (A1),156.3,0.0,154.8,0.0,Subcompact Cars,2022,8500,i4,,,,,EV,,,250 kW EESM,BMX,,0.0,,Fri Feb 11 00:00:00 EST 2022,Wed Oct 26 00:00:00 EDT 2022,N,0,0,0,,,,,,,,,0
0.0815999999999999,0.0,0.0,10.0,100.07,0,0.0,0.0,33.6814,0.0,0,-1,0.0,0.0,99.2746,0,0.0,33.9513,0.0,0.0,,,Rear-Wheel Drive,441,,10,750,0,Electricity,Electricity,10,-1,98.3193,0,0.0,0.0,34.2812,0.0,0,0,45134,0,10,BMW,i4 eDrive40 Gran Coupe (19 inch wheels),N,False,0,90,282,284.3,0.0,279.2,0.0,Automatic (A1),142.9,0.0,140.4,0.0,Subcompact Cars,2022,8250,i4,,,,,EV,,,250 kW EESM,BMX,,0.0,,Fri Feb 11 00:00:00 EST 2022,Wed Oct 26 00:00:00 EDT 2022,N,0,0,0,,,,,,,,,1
0.0936,0.0,0.0,12.0,86.3105,0,0.0,0.0,39.0509,0.0,0,-1,0.0,0.0,86.4427,0,0.0,38.9911,0.0,0.0,,,All-Wheel Drive,120,,10,900,0,Electricity,Electricity,10,-1,86.6048,0,0.0,0.0,38.9181,0.0,0,0,45135,0,0,BMW,iX xDrive50 (20 inch wheels),N,False,0,0,324,323.9,0.0,325.1,0.0,Automatic (A1),117.3,0.0,117.7,0.0,Standard Sport Utility Vehicle 4WD,2022,7500,iX,,,,,EV,,,190 and 230 kW EESM,BMX,,0.0,,Fri Feb 11 00:00:00 EST 2022,Wed Oct 26 00:00:00 EDT 2022,N,0,0,0,,,,,,,,,1
0.0984,0.0,0.0,12.0,82.3371,0,0.0,0.0,40.9354,0.0,0,-1,0.0,0.0,82.8628,0,0.0,40.6757,0.0,0.0,,,All-Wheel Drive,121,,10,900,0,Electricity,Electricity,10,-1,83.5144,0,0.0,0.0,40.3583,0.0,0,0,45136,0,0,BMW,iX xDrive50 (21 inch wheels),Y,False,0,0,305,303.1,0.0,307.3,0.0,Automatic (A1),111.9,0.0,113.5,0.0,Standard Sport Utility Vehicle 4WD,2022,7500,iX,,,,,EV,,,190 and 230 kW EESM,BMX,,0.0,,Fri Feb 11 00:00:00 EST 2022,Wed Oct 26 00:00:00 EDT 2022,N,0,0,0,,,,,,,,,1
0.0936,0.0,0.0,12.0,86.1634,0,0.0,0.0,39.1176,0.0,0,-1,0.0,0.0,85.8307,0,0.0,39.2692,0.0,0.0,,,All-Wheel Drive,122,,10,900,0,Electricity,Electricity,10,-1,85.4275,0,0.0,0.0,39.4545,0.0,0,0,45137,0,0,BMW,iX xDrive50 (22 inch wheels),N,False,0,0,315,316.2,0.0,313.5,0.0,Automatic (A1),117.1,0.0,116.1,0.0,Standard Sport Utility Vehicle 4WD,2022,7500,iX,,,,,EV,,,190 and 230 kW EESM,BMX,,0.0,,Fri Feb 11 00:00:00 EST 2022,Wed Oct 26 00:00:00 EDT 2022,N,0,0,0,,,,,,,,,2
0.0863999999999999,0.0,0.0,8.0,99.12,0,0.0,0.0,34.0,0.0,0,-1,0.0,0.0,92.8413,0,0.0,36.3143,0.0,0.0,,,All-Wheel Drive,88,,10,800,0,Electricity,Electricity,10,-1,86.17,0,0.0,0.0,39.1429,0.0,0,0,45138,0,24,Ford,Mustang Mach-E AWD,N,False,0,101,224,237.7,0.0,206.5,0.0,Automatic (A1),141.6,0.0,123.1,0.0,Small Sport Utility Vehicle 4WD,2022,8000,Mustang Mach-E,,,,,EV,,,198 and 198 kW AC PMSM,FMX,,0.0,,Fri Feb 11 00:00:00 EST 2022,Mon Apr 11 00:00:00 EDT 2022,N,0,0,0,91.0,,8.3,,11.0,150.0,CCS,4.8,2
0.0887999999999999,0.0,0.0,10.7,97.09,0,0.0,0.0,34.7143,0.0,0,-1,0.0,0.0,90.8745,0,0.0,37.0929,0.0,0.0,,,All-Wheel Drive,90,,10,850,0,Electricity,Electricity,10,-1,84.28,0,0.0,0.0,40.0,0.0,0,0,45139,0,24,Ford,Mustang Mach-E AWD Extended,N,False,0,101,277,294.5,0.0,255.6,0.0,Automatic (A1),138.7,0.0,120.4,0.0,Small Sport Utility Vehicle 4WD,2022,7750,Mustang Mach-E,,,,,EV,,,258 and 258 kW AC PMSM,FMX,,0.0,,Fri Feb 11 00:00:00 EST 2022,Mon Apr 11 00:00:00 EDT 2022,N,0,0,0,,,,,,,,,2
0.0815999999999999,0.0,0.0,11.4,104.51,0,0.0,0.0,32.2857,0.0,0,-1,0.0,0.0,98.1473,0,0.0,34.3429,0.0,0.0,,,All-Wheel Drive,173,,10,750,0,Electricity,Electricity,10,-1,91.35,0,0.0,0.0,36.8571,0.0,0,0,45140,0,24,Ford,Mustang Mach-E CAL RT 1 ER AWD,N,False,0,101,312,330.4,0.0,288.9,0.0,Automatic (A1),149.3,0.0,130.5,0.0,Small Sport Utility Vehicle 4WD,2022,8250,Mustang Mach-E,,,,,EV,,,258 and 258 kW AC PMSM,FMX,,0.0,,Fri Feb 11 00:00:00 EST 2022,Wed Oct 26 00:00:00 EDT 2022,N,0,0,0,,,,,,,,,3
0.0791999999999999,0.0,0.0,10.1,107.8,0,0.0,0.0,31.2857,0.0,0,-1,0.0,0.0,101.0884,0,0.0,33.3429,0.0,0.0,,,Rear-Wheel Drive,92,,10,750,0,Electricity,Electricity,10,-1,93.94,0,0.0,0.0,35.8571,0.0,0,0,45141,0,24,Ford,Mustang Mach-E CAL RT 1 ER RWD,N,False,0,101,314,333.0,0.0,290.1,0.0,Automatic (A1),154.0,0.0,134.2,0.0,Small Sport Utility Vehicle 2WD,2022,8250,Mustang Mach-E,,,,,EV,,,216 kW AC PMSM,FMX,,0.0,,Fri Feb 11 00:00:00 EST 2022,Wed Oct 26 00:00:00 EDT 2022,N,0,0,0,,,,,,,,,3
0.096,0.0,0.0,10.3,90.02,0,0.0,0.0,37.4286,0.0,0,-1,0.0,0.0,83.8771,0,0.0,40.1929,0.0,0.0,,,All-Wheel Drive,119,,10,900,0,Electricity,Electricity,10,-1,77.42,0,0.0,0.0,43.5714,0.0,0,0,45142,0,24,Ford,Mustang Mach-E GT,N,False,0,101,270,288.1,0.0,247.9,0.0,Automatic (A1),128.6,0.0,110.6,0.0,Small Sport Utility Vehicle 4WD,2022,7500,Mustang Mach-E,,,,,EV,,,179 and 179 kW AC PMSM,FMX,,0.0,,Fri Feb 11 00:00:00 EST 2022,Mon Apr 11 00:00:00 EDT 2022,N,0,0,0,,,,,,,,,2
0.0984,0.0,0.0,10.1,88.06,0,0.0,0.0,38.2857,0.0,0,-1,0.0,0.0,81.8314,0,0.0,41.1786,0.0,0.0,,,All-Wheel Drive,118,,10,950,0,Electricity,Electricity,10,-1,75.32,0,0.0,0.0,44.7143,0.0,0,0,45143,0,24,Ford,Mustang Mach-E GT Performance,N,False,0,101,260,278.2,0.0,237.8,0.0,Automatic (A1),125.8,0.0,107.6,0.0,Small Sport Utility Vehicle 4WD,2022,7250,Mustang Mach-E,,,,,EV,,,179 kW AC PMSM,FMX,,0.0,,Fri Feb 11 00:00:00 EST 2022,Mon Apr 11 00:00:00 EDT 2022,N,0,0,0,,,,,,,,,2
0.0791999999999999,0.0,0.0,8.1,110.18,0,0.0,0.0,30.5714,0.0,0,-1,0.0,0.0,103.2242,0,0.0,32.6286,0.0,0.0,,,Rear-Wheel Drive,89,,10,750,0,Electricity,Electricity,10,-1,95.83,0,0.0,0.0,35.1429,0.0,0,0,45144,0,24,Ford,Mustang Mach-E RWD,Y,False,0,101,247,262.9,0.0,228.5,0.0,Automatic (A1),157.4,0.0,136.9,0.0,Small Sport Utility Vehicle 2WD,2022,8250,Mustang Mach-E,,,,,EV,,,198 kW AC PMSM,FMX,,0.0,,Fri Feb 11 00:00:00 EST 2022,Mon Apr 11 00:00:00 EDT 2022,N,0,0,0,91.0,,8.3,,11.0,150.0,CCS,4.8,2
0.0839999999999999,0.0,0.0,10.9,103.88,0,0.0,0.0,32.4286,0.0,0,-1,0.0,0.0,97.3321,0,0.0,34.6143,0.0,0.0,,,Rear-Wheel Drive,91,,10,800,0,Electricity,Electricity,10,-1,90.37,0,0.0,0.0,37.2857,0.0,0,0,45145,0,24,Ford,Mustang Mach-E RWD Extended,N,False,0,101,303,321.8,0.0,279.9,0.0,Automatic (A1),148.4,0.0,129.1,0.0,Small Sport Utility Vehicle 2WD,2022,8000,Mustang Mach-E,,,,,EV,,,216 kW AC PMSM,FMX,,0.0,,Fri Feb 11 00:00:00 EST 2022,Mon Apr 11 00:00:00 EDT 2022,N,0,0,0,,,,,,,,,3
6.5016590700000005,4.44044776119403,0.0,3.0,22.0569,64,64.1235,0.0,54.0,0.446,192,-1,0.0,192.0,24.9804,67,66.9927,51.0,0.0,0.461,4.0,2.0,All-Wheel Drive,321,SIDI; PHEV,7,3250,0,Premium and Electricity,Premium Gasoline,9,-1,29.8096,71,70.8683,0.0,47.0,0.479,0,0,45146,0,9,BMW,330e xDrive Sedan,N,True,0,94,290,0.0,19.28,0.0,21.52,Automatic (S8),30.7,91.6,43.5,101.2,Compact Cars,2022,500,3 Series,,,T,,Plug-in Hybrid,Electricity,20.0,80 kW PMSM,BMX,,0.0,,Fri Feb 11 00:00:00 EST 2022,Wed May 17 00:00:00 EDT 2023,Y,32,41,35,,,,,,,,,3
8.348870167894736,5.312678571428571,0.0,4.0,19.2824,52,52.0801,0.0,64.0,0.387,245,-1,0.0,245.0,21.8005,56,55.6501,60.0,0.0,0.4,6.0,3.0,All-Wheel Drive,740,SIDI; PHEV,6,3700,0,Premium and Electricity,Premium Gasoline,7,-1,25.9409,61,60.739,0.0,55.0,0.415,0,0,45147,0,10,BMW,745e xDrive,N,True,0,114,290,0.0,15.81,0.0,17.42,Automatic (S8),26.5,73.9,37.2,86.8,Large Cars,2022,-2000,7 Series,,,T,,Plug-in Hybrid,Electricity,17.0,83 kW PMSM,BMX,,0.0,,Fri Feb 11 00:00:00 EST 2022,Wed May 17 00:00:00 EDT 2023,Y,25,34,28,,,,,,,,,1
5.960971404130435,5.312678571428571,0.0,3.4,22.8474,57,56.7442,0.0,58.0,0.538,177,-1,0.0,177.0,23.4786,56,56.4237,58.0,0.0,0.536,4.0,2.0,4-Wheel Drive,543,SIDI; PHEV,7,2950,0,Regular Gas and Electricity,Regular Gasoline,9,-1,24.299,56,56.0369,0.0,58.0,0.534,0,0,45148,0,0,Jeep,Grand Cherokee 4xe,N,True,0,0,470,0.0,25.87,0.0,25.58,Automatic 8-spd,30.3,81.1,37.4,80.1,Standard Sport Utility Vehicle 4WD,2022,1750,Grand Cherokee,,,T,,Plug-in Hybrid,Electricity,26.0,100 kW AC Induction,CRX,,0.0,,Fri Feb 11 00:00:00 EST 2022,Wed May 17 00:00:00 EDT 2023,Y,33,35,34,,,,,,,,,1
12.908519570328949,6.76159090909091,0.0,2.5,16.1,42,42.1767,0.0,79.0,0.277,413,-1,0.0,413.0,17.1365,44,43.7104,77.0,0.0,0.225,8.0,3.9,All-Wheel Drive,174,SIDI; PHEV,4,4800,0,Premium and Electricity,Premium Gasoline,5,-1,18.6,46,45.7435,0.0,73.0,0.224,0,0,45179,0,0,Ferrari,SF90 Spider,N,True,0,0,330,0.0,8.06,0.0,7.94,Automatic (AM8),20.0,56.8,25.7,65.1,Two Seaters,2022,-7750,SF90 Spider,G,,T,,Plug-in Hybrid,Electricity,8.0,"99, 99, 150kW 3-phase Sync.",FEX,,0.0,,Thu Feb 24 00:00:00 EST 2022,Wed May 17 00:00:00 EDT 2023,Y,18,21,19,7.0,,0.9,,7.4,,Type 2,,1
0.0672,0.0,0.0,9.4,128.5031,0,0.0,0.0,26.2289,0.0,0,-1,0.0,0.0,122.5115,0,0.0,27.5117,0.0,0.0,,,All-Wheel Drive,44,,10,600,0,Electricity,Electricity,10,-1,115.9063,0,0.0,0.0,29.0795,0.0,0,0,45196,0,0,Tesla,Model Y AWD,N,False,0,0,279,291.9,0.0,263.3,0.0,Automatic (A1),167.3,0.0,150.9,0.0,Small Sport Utility Vehicle 4WD,2022,9000,Model Y,,,,,EV,,,91 and 200 kW AC 3-Phase,TSL,standard charger,0.0,with 72A high power charger connector option,Fri Mar 11 00:00:00 EST 2022,Thu Oct 19 00:00:00 EDT 2023,N,0,0,0,79.0,,7.2,,11.0,250.0,NACS,,2
3.1058686781818183,4.0204054054054055,0.0,5.0,29.5533,74,77.5276,0.1,44.0,0.684,99,-1,0.0,99.0,30.8507,74,77.3809,44.0,0.1,0.681,4.0,2.0,All-Wheel Drive,209,SIDI; PHEV,9,2650,0,Premium and Electricity,Premium Gasoline,10,-1,32.5998,73,77.2023,0.0,44.0,0.677,0,0,45197,0,12,Volvo,S60 T8 AWD Recharge ext. Range,N,True,0,93,530,0.0,40.85,0.0,39.97,Automatic (S8),39.0,110.8,47.1,110.3,Compact Cars,2022,4250,S60,,,T,,Plug-in Hybrid,Electricity,40.0,34 and 107 kW 3-phase Sync.,VVX,,0.0,,Wed Mar 16 00:00:00 EDT 2022,Fri Jun 23 00:00:00 EDT 2023,Y,50,53,52,,,,,,,,,2
3.536738030806452,4.507727272727273,0.0,5.0,27.8072,66,69.0027,0.1,49.0,0.657,110,-1,0.0,110.0,29.1499,66,69.6786,48.0,0.1,0.66,4.0,2.0,All-Wheel Drive,219,SIDI; PHEV,9,2800,0,Premium and Electricity,Premium Gasoline,10,-1,30.9781,67,70.5228,0.0,48.0,0.663,0,0,45198,0,14,Volvo,S90 T8 AWD Recharge ext. Range,N,True,0,102,500,0.0,37.48,0.0,38.22,Automatic (S8),36.4,98.4,44.5,100.7,Midsize Cars,2022,3500,S90,,,T,,Plug-in Hybrid,Electricity,38.0,34 and 107 kW 3-phase Sync.,VVX,,0.0,,Wed Mar 16 00:00:00 EDT 2022,Fri Jun 23 00:00:00 EDT 2023,Y,45,49,47,,,,,,,,,2
3.1058686781818183,4.0204054054054055,0.0,5.0,29.5533,74,77.5276,0.1,44.0,0.684,99,-1,0.0,99.0,30.8507,74,77.3809,44.0,0.1,0.681,4.0,2.0,All-Wheel Drive,214,SIDI; PHEV,9,2650,0,Premium and Electricity,Premium Gasoline,10,-1,32.5998,73,77.2023,0.0,44.0,0.677,0,0,45199,0,29,Volvo,V60 T8 AWD Recharge ext. Range,N,True,0,94,530,0.0,40.85,0.0,39.97,Automatic (S8),39.0,110.8,47.1,110.3,Small Station Wagons,2022,4250,V60,,,T,,Plug-in Hybrid,Electricity,40.0,34 and 107 kW 3-phase Sync.,VVX,,0.0,,Wed Mar 16 00:00:00 EDT 2022,Fri Jun 23 00:00:00 EDT 2023,Y,50,53,52,,,,,,,,,2
3.9003225,4.722380952380953,0.0,5.0,27.6039,66,69.3882,0.1,49.0,0.651,122,-1,0.0,122.0,27.6946,63,66.509,50.0,0.1,0.64,4.0,2.0,All-Wheel Drive,226,SIDI; PHEV,8,2900,0,Premium and Electricity,Premium Gasoline,10,-1,27.8062,60,63.2989,0.0,52.0,0.627,0,0,45200,0,30,Volvo,XC60 T8 AWD Recharge ext. Range,N,True,0,103,560,0.0,36.72,0.0,34.03,Automatic (S8),36.1,99.1,39.5,90.4,Small Sport Utility Vehicle 4WD,2022,3000,XC60,,,T,,Plug-in Hybrid,Electricity,36.0,34 and 107 kW 3-phase Sync.,VVX,,0.0,,Wed Mar 16 00:00:00 EDT 2022,Fri Jun 23 00:00:00 EDT 2023,Y,45,42,44,,,,,,,,,3
4.185775460000001,4.507727272727273,0.0,5.0,25.4806,64,67.4719,0.1,49.0,0.644,131,-1,0.0,131.0,26.3452,66,69.1248,49.0,0.1,0.642,4.0,2.0,All-Wheel Drive,232,SIDI; PHEV,8,3150,0,Premium and Electricity,Premium Gasoline,10,-1,27.4851,68,71.2585,0.0,49.0,0.641,0,0,45201,0,47,Volvo,XC90 T8 AWD Recharge ext. Range,Y,True,0,104,530,0.0,35.93,0.0,35.56,Automatic (S8),33.0,96.3,39.0,101.8,Standard Sport Utility Vehicle 4WD,2022,2750,XC90,,,T,,Plug-in Hybrid,Electricity,36.0,34 and 107 kW 3-phase Sync.,VVX,,0.0,,Wed Mar 16 00:00:00 EDT 2022,Fri Jun 23 00:00:00 EDT 2023,Y,42,44,43,,,,,,,,,1
0.0791999999999999,0.0,0.0,7.5,105.5357,0,0.0,0.0,31.9297,0.0,0,-1,0.0,0.0,101.012,0,0.0,33.3655,0.0,0.0,,,All-Wheel Drive,308,,10,750,0,Electricity,Electricity,10,-1,95.9836,0,0.0,0.0,35.1204,0.0,0,0,45257,0,30,Volkswagen,ID.4 AWD Pro,N,False,0,100,251,261.1,0.0,237.6,0.0,Automatic (A1),150.7653,0.0,137.1194,0.0,Small Sport Utility Vehicle 4WD,2022,8250,ID.4,,,,,EV,,,80 and 150 kW AC 3-Phase,VGA,,0.0,,Mon Apr 04 00:00:00 EDT 2022,Thu Oct 19 00:00:00 EDT 2023,N,0,0,0,77.0,,7.0,,11.0,135.0,CCS2,,0
0.0839999999999999,0.0,0.0,7.5,99.5005,0,0.0,0.0,33.8846,0.0,0,-1,0.0,0.0,95.0445,0,0.0,35.4722,0.0,0.0,,,All-Wheel Drive,306,,10,800,0,Electricity,Electricity,10,-1,90.1121,0,0.0,0.0,37.4126,0.0,0,0,45258,0,30,Volkswagen,ID.4 AWD Pro S,N,False,0,100,245,256.0,0.0,231.8,0.0,Automatic (A1),142.1436,0.0,128.7316,0.0,Small Sport Utility Vehicle 4WD,2022,8000,ID.4,,,,,EV,,,80 and 150 kW AC 3-Phase,VGA,,0.0,,Mon Apr 04 00:00:00 EDT 2022,Thu Oct 19 00:00:00 EDT 2023,N,0,0,0,,,,,,,,,0
0.0768,0.0,0.0,7.5,116.0,0,0.0,0.0,29.0,0.0,0,-1,0.0,0.0,107.0,0,0.0,32.0,0.0,0.0,,,Rear-Wheel Drive,309,,10,700,0,Electricity,Electricity,10,-1,98.0,0,0.0,0.0,35.0,0.0,0,0,45259,0,30,Volkswagen,ID.4 Pro,N,False,0,100,275,296.1,0.0,249.2,0.0,Automatic (A1),169.5558,0.0,142.7334,0.0,Small Sport Utility Vehicle 2WD,2022,8500,ID.4,,,,,EV,,,150 kW AC 3-Phase,VGA,,0.0,,Mon Apr 04 00:00:00 EDT 2022,Thu Oct 19 00:00:00 EDT 2023,N,0,0,0,77.0,,7.0,,11.0,135.0,CCS2,,0
8.391211324973263,6.467608695652174,0.0,3.0,17.2268,43,43.3334,0.0,79.0,0.46,251,-1,0.0,251.0,19.0614,46,45.9439,74.0,0.0,0.473,6.0,2.9,All-Wheel Drive,400,SIDI; PHEV,5,4300,0,Premium and Electricity,Premium Gasoline,7,-1,21.9137,50,49.5956,0.0,68.0,0.489,0,0,45287,13,0,Bentley,Flying Spur Hybrid,N,True,102,0,430,0.0,20.18,0.0,22.21,Automatic (AM-S8),21.5,60.0,30.5,70.8,Midsize Cars,2022,-3250,Flying Spur,,,T,,Plug-in Hybrid,Electricity,21.0,103 kW AC Induction,VGA,,0.0,,Mon Apr 18 00:00:00 EDT 2022,Thu Oct 19 00:00:00 EDT 2023,Y,24,30,26,,,,,,,,,3
0.1224,0.0,0.0,9.3,73.01,0,0.0,0.0,46.1429,0.0,0,-1,0.0,0.0,66.4363,0,0.0,50.7071,0.0,0.0,,,All-Wheel Drive,276,,10,1150,0,Electricity,Electricity,10,-1,59.85,0,0.0,0.0,56.2857,0.0,0,0,45316,0,0,Ford,F-150 Lightning Platinum 4WD,N,False,0,0,300,326.5,0.0,267.6,0.0,Automatic (A1),104.3,0.0,85.5,0.0,Standard Pickup Trucks 4WD,2022,6250,F-150 Lightning,,,,,EV,,,210 and 210 kW AC PMSM,FMX,,0.0,,Tue May 03 00:00:00 EDT 2022,Tue May 10 00:00:00 EDT 2022,N,0,0,0,,,,,,,,,3
0.1152,0.0,0.0,10.1,77.84,0,0.0,0.0,43.2857,0.0,0,-1,0.0,0.0,70.3404,0,0.0,47.9143,0.0,0.0,,,All-Wheel Drive,275,,10,1100,0,Electricity,Electricity,10,-1,62.93,0,0.0,0.0,53.5714,0.0,0,0,45317,0,0,Ford,F-150 Lightning 4WD Extended Range,N,False,0,0,320,350.2,0.0,283.1,0.0,Automatic (A1),111.2,0.0,89.9,0.0,Standard Pickup Trucks 4WD,2022,6500,F-150 Lightning,,,,,EV,,,210 and 210 kW AC PMSM,FMX,,0.0,,Tue May 03 00:00:00 EDT 2022,Tue May 10 00:00:00 EDT 2022,N,0,0,0,,,,,,,,,3
0.1176,0.0,0.0,11.9,76.23,0,0.0,0.0,44.2857,0.0,0,-1,0.0,0.0,68.3539,0,0.0,49.3643,0.0,0.0,,,All-Wheel Drive,274,,10,1100,0,Electricity,Electricity,10,-1,60.69,0,0.0,0.0,55.5714,0.0,0,0,45318,0,0,Ford,F-150 Lightning 4WD,Y,False,0,0,230,253.2,0.0,201.6,0.0,Automatic (A1),108.9,0.0,86.7,0.0,Standard Pickup Trucks 4WD,2022,6500,F-150 Lightning,,,,,EV,,,358 and 358 kW AC PMSM,FMX,,0.0,,Tue May 03 00:00:00 EDT 2022,Tue May 10 00:00:00 EDT 2022,N,0,0,0,123.0,,10.9,,11.3,155.0,CCS,4.3,3
0.1056,0.0,0.0,12.0,75.8427,0,0.0,0.0,44.4406,0.0,0,-1,0.0,0.0,77.4801,0,0.0,43.5015,0.0,0.0,,,All-Wheel Drive,131,,10,1000,0,Electricity,Electricity,10,-1,79.5799,0,0.0,0.0,42.3537,0.0,0,0,45326,0,0,BMW,iX M60 (21 inch wheels),N,False,0,0,288,282.3,0.0,296.1,0.0,Automatic (A1),103.5,0.0,108.6,0.0,Standard Sport Utility Vehicle 4WD,2023,7000,iX,,,,,EV,,,190 and 360 kW EESM,BMX,,0.0,,Tue May 17 00:00:00 EDT 2022,Wed Oct 26 00:00:00 EDT 2022,N,0,0,0,,,,,,,,,0
0.1032,0.0,0.0,12.0,76.7953,0,0.0,0.0,43.8894,0.0,0,-1,0.0,0.0,78.402,0,0.0,42.99,0.0,0.0,,,All-Wheel Drive,132,,10,950,0,Electricity,Electricity,10,-1,80.4592,0,0.0,0.0,41.8908,0.0,0,0,45327,0,0,BMW,iX M60 (22 inch wheels),N,False,0,0,274,268.3,0.0,281.1,0.0,Automatic (A1),104.8,0.0,109.8,0.0,Standard Sport Utility Vehicle 4WD,2023,7250,iX,,,,,EV,,,190 and 360 kW EESM,BMX,,0.0,,Tue May 17 00:00:00 EDT 2022,Wed Oct 26 00:00:00 EDT 2022,N,0,0,0,,,,,,,,,0
0.0839999999999999,0.0,0.0,7.2,103.25,0,0.0,0.0,32.6441,0.0,0,-1,0.0,0.0,94.947,0,0.0,35.4988,0.0,0.0,,,All-Wheel Drive,3,,10,800,0,Electricity,Electricity,10,-1,86.45,0,0.0,0.0,38.9879,0.0,0,0,45328,0,24,Genesis,GV60 ADVANCE,N,False,0,102,248,267.3,0.0,223.9,0.0,Automatic (A1),147.5,0.0,123.5,0.0,Large Cars,2023,8000,GV60,,,,,EV,,,74 and 160 kW PMSM,HYX,,0.0,,Tue May 17 00:00:00 EDT 2022,Thu Jan 18 00:00:00 EST 2024,N,0,0,0,,,,,,,,,0
0.0887999999999999,0.0,0.0,7.2,97.0,0,0.0,0.0,35.0,0.0,0,-1,0.0,0.0,90.0,0,0.0,36.8341,0.0,0.0,,,All-Wheel Drive,4,,10,850,0,Electricity,Electricity,10,-1,82.0,0,0.0,0.0,41.0,0.0,0,0,45329,0,24,Genesis,GV60 PERFORMANCE,Y,False,0,102,235,252.7,0.0,213.3,0.0,Automatic (A1),141.6,0.0,119.5,0.0,Large Cars,2023,7750,GV60,,,,,EV,,,160 and 160 kW PMSM,HYX,,0.0,,Tue May 17 00:00:00 EDT 2022,Thu Jan 18 00:00:00 EST 2024,N,0,0,0,74.0,,6.7,,11.0,235.0,CCS,,0
0.0744,0.0,0.0,4.0,118.72,0,0.0,0.0,28.3903,0.0,0,-1,0.0,0.0,109.7383,0,0.0,30.714,0.0,0.0,,,Front-Wheel Drive,92,,10,700,0,Electricity,Electricity,10,-1,100.45,0,0.0,0.0,33.554,0.0,9,80,45330,0,0,MINI,Cooper SE Hardtop 2 door,Y,False,0,0,114,122.4,0.0,103.6,0.0,Automatic (A1),169.6,0.0,143.5,0.0,Subcompact Cars,2023,8500,Cooper,,,,,EV,,,135 kW DCPM,BMX,,0.0,,Tue May 17 00:00:00 EDT 2022,Tue May 17 00:00:00 EDT 2022,N,0,0,0,,,,,,,,,0
5.8399451534482765,4.075479452054794,0.0,2.0,29.1529,74,73.7744,0.0,45.0,0.436,175,-1,0.0,175.0,29.4601,73,72.8924,46.0,0.0,0.427,3.0,1.5,All-Wheel Drive,90,SIDI; PHEV,7,2800,0,Premium and Electricity,Premium Gasoline,8,-1,29.8444,72,71.8427,0.0,47.0,0.415,17,95,45331,0,0,MINI,Cooper SE Countryman All4,N,True,0,0,300,0.0,18.68,0.0,17.42,Automatic (S6),38.4,104.8,42.7,102.6,Midsize Cars,2023,1750,Countryman,,,T,,Plug-in Hybrid,Electricity,18.0,65 kW AC Induction,BMX,,0.0,,Tue May 17 00:00:00 EDT 2022,Thu Oct 19 00:00:00 EDT 2023,Y,39,39,39,,,,,,,,,0
10.321892792773111,7.628461538461539,0.0,3.5,16.5372,37,37.1363,0.0,90.0,0.352,319,-1,0.0,319.0,18.3035,39,38.6837,86.0,0.0,0.361,6.0,3.0,Rear-Wheel Drive,1,SIDI; PHEV,5,4550,0,Premium and Electricity,Premium Gasoline,6,-1,21.0517,41,40.7595,0.0,82.0,0.371,0,0,45395,0,0,McLaren Automotive,Artura,N,True,0,0,330,0.0,10.93,0.0,11.69,Automatic (AM-S8),20.1696,49.9,28.7265,58.2,Two Seaters,2023,-5500,Artura,,,T,,Plug-in Hybrid,Electricity,11.0,71 kW DCPM,MLN,,0.0,,Thu Jun 02 00:00:00 EDT 2022,Wed May 17 00:00:00 EDT 2023,Y,20,25,22,,,,,,,,,0
12.729893536704546,6.330000000000001,0.0,2.5,15.5,45,45.0445,0.0,76.0,0.219,398,-1,0.0,398.0,17.847,47,46.8795,72.0,0.0,0.222,6.0,2.9,Rear-Wheel Drive,171,SIDI; PHEV,4,4550,0,Premium and Electricity,Premium Gasoline,5,-1,21.9,49,49.3359,0.0,68.0,0.227,0,0,45398,5,0,Ferrari,296 GTB,N,True,61,0,330,0.0,7.74,0.0,8.06,Automatic (AM-S8),19.2,61.2,30.5,70.2,Two Seaters,2022,-7250,296 GTB,,,T,,Plug-in Hybrid,Electricity,8.0,137 kW PMSM,FEX,,0.0,,Thu Jun 02 00:00:00 EDT 2022,Wed May 17 00:00:00 EDT 2023,Y,18,24,20,6.5,,0.9,,7.4,,Type 2,,0
0.0791999999999999,0.0,0.0,7.5,110.0,0,0.0,0.0,31.0,0.0,0,-1,0.0,0.0,102.0,0,0.0,33.0,0.0,0.0,,,Rear-Wheel Drive,307,,10,750,0,Electricity,Electricity,10,-1,93.0,0,0.0,0.0,36.0,0.0,0,0,45413,0,30,Volkswagen,ID.4 Pro S,Y,False,0,100,262,281.2,0.0,238.5,0.0,Automatic (A1),160.1516,0.0,135.8491,0.0,Small Sport Utility Vehicle 2WD,2022,8250,ID.4,,,,,EV,,,150 kW AC 3-Phase,VGA,,0.0,,Fri Jun 10 00:00:00 EDT 2022,Thu Oct 19 00:00:00 EDT 2023,N,0,0,0,,,,,,,,,1
0.0984,0.0,0.0,10.5,83.3,0,0.0,0.0,40.4622,0.0,0,-1,0.0,0.0,82.8242,0,0.0,40.6946,0.0,0.0,,,All-Wheel Drive,770,,10,900,0,Electricity,Electricity,10,-1,82.25,0,0.0,0.0,40.9787,0.0,0,0,45715,0,11,Porsche,Taycan GTS,N,False,0,89,246,247.4,0.0,244.2,0.0,Automatic (A2),119.0,0.0,117.5,0.0,Compact Cars,2022,7500,Taycan,,,,,EV,,,194 and 360 kW ACPM,PRX,,0.0,,Tue Aug 02 00:00:00 EDT 2022,Tue Aug 02 00:00:00 EDT 2022,N,0,0,0,,,,,,,,,1
0.1008,0.0,0.0,10.5,80.29,0,0.0,0.0,41.9791,0.0,0,-1,0.0,0.0,80.0687,0,0.0,42.0951,0.0,0.0,,,All-Wheel Drive,772,,10,950,0,Electricity,Electricity,10,-1,79.8,0,0.0,0.0,42.2368,0.0,12,90,45716,0,0,Porsche,Taycan GTS ST,N,False,0,0,233,233.3,0.0,231.9,0.0,Automatic (A2),114.7,0.0,114.0,0.0,Compact Cars,2022,7250,Taycan,,,,,EV,,,194 and 360 kW ACPM,PRX,,0.0,,Tue Aug 02 00:00:00 EDT 2022,Tue Aug 02 00:00:00 EDT 2022,N,0,0,0,,,,,,,,,0
0.0911999999999999,0.0,0.0,6.5,96.95,0,0.0,0.0,34.7687,0.0,0,-1,0.0,0.0,89.4322,0,0.0,37.6878,0.0,0.0,,,Rear-Wheel Drive,78,,10,850,0,Electricity,Electricity,10,-1,81.69,0,0.0,0.0,41.2479,0.0,0,0,45749,0,24,Cadillac,LYRIQ,N,False,0,105,312,0.0,0.0,0.0,0.0,Automatic (A1),138.4912,0.0,116.7388,0.0,Small Sport Utility Vehicle 2WD,2023,7750,LYRIQ,,,,,EV,,,255 kW ACPM,GMX,,0.0,,Thu Aug 11 00:00:00 EDT 2022,Thu Oct 19 00:00:00 EDT 2023,N,0,0,0,95.0,,8.3,,11.5,190.0,CCS,,0
0.0696,0.0,0.0,7.5,124.74,0,0.0,0.0,27.0202,0.0,0,-1,0.0,0.0,114.631,0,0.0,29.4031,0.0,0.0,,,Front-Wheel Drive,117,,10,650,0,Electricity,Electricity,10,-1,104.3,0,0.0,0.0,32.3154,0.0,0,0,45750,0,16,Chevrolet,Bolt EUV,Y,False,0,97,247,0.0,0.0,0.0,0.0,Automatic (A1),178.2,0.0,149.0,0.0,Small Station Wagons,2023,8750,Bolt EUV,,,,,EV,,,150 kW ACPM,GMX,,0.0,,Thu Aug 11 00:00:00 EDT 2022,Thu Oct 19 00:00:00 EDT 2023,N,0,0,0,65.0,,9.0,,7.2,55.0,CCS,,0
0.0672,0.0,0.0,7.5,130.62,0,0.0,0.0,25.8039,0.0,0,-1,0.0,0.0,119.91,0,0.0,28.1083,0.0,0.0,,,Front-Wheel Drive,116,,10,650,0,Electricity,Electricity,10,-1,108.99,0,0.0,0.0,30.9249,0.0,0,0,45751,0,17,Chevrolet,Bolt EV,Y,False,0,94,259,0.0,0.0,0.0,0.0,Automatic (A1),186.6,0.0,155.7,0.0,Small Station Wagons,2023,8750,Bolt EV,,,,,EV,,,150 kW ACPM,GMX,,0.0,,Thu Aug 11 00:00:00 EDT 2022,Thu Oct 19 00:00:00 EDT 2023,N,0,0,0,65.0,,9.0,,7.2,55.0,CCS,,0
0.0863999999999999,0.0,0.0,8.0,98.4592,0,0.0,0.0,34.2325,0.0,0,-1,0.0,0.0,94.7335,0,0.0,35.5787,0.0,0.0,,,All-Wheel Drive,235,,10,800,0,Electricity,Electricity,10,-1,90.5459,0,0.0,0.0,37.2242,0.0,26,89,45752,0,0,Polestar,2 BST edition,N,False,0,0,247,0.0,0.0,0.0,0.0,Automatic (A1),129.4,0.0,119.0,0.0,Midsize Cars,2023,8000,2,,,,,EV,,,150 and 150 kW ACPMSM,VVX,,0.0,,Thu Aug 11 00:00:00 EDT 2022,Mon Dec 05 00:00:00 EST 2022,N,0,0,0,,,,,,,,,0
0.0815999999999999,0.0,0.0,8.0,104.5203,0,0.0,0.0,32.2473,0.0,0,-1,0.0,0.0,100.3017,0,0.0,33.6036,0.0,0.0,,,All-Wheel Drive,234,,10,750,0,Electricity,Electricity,10,-1,95.5863,0,0.0,0.0,35.2613,0.0,26,89,45753,0,0,Polestar,2 Dual Motor,N,False,0,0,260,0.0,0.0,0.0,0.0,Automatic (A1),143.9,0.0,131.6,0.0,Midsize Cars,2023,8250,2,,,,,EV,,,150 and 150 kW ACPMSM,VVX,,0.0,,Thu Aug 11 00:00:00 EDT 2022,Mon Dec 05 00:00:00 EST 2022,N,0,0,0,,,,,,,,,0
0.0815999999999999,0.0,0.0,8.0,104.5203,0,0.0,0.0,32.2473,0.0,0,-1,0.0,0.0,100.3017,0,0.0,33.6036,0.0,0.0,,,All-Wheel Drive,245,,10,750,0,Electricity,Electricity,10,-1,95.5863,0,0.0,0.0,35.2613,0.0,26,89,45754,0,0,Polestar,2 Dual Motor Perf Pack,Y,False,0,0,260,0.0,0.0,0.0,0.0,Automatic (A1),143.9,0.0,131.6,0.0,Midsize Cars,2023,8250,2,,,,,EV,,,175 and 175 kW ACPMSM,VVX,,0.0,,Thu Aug 11 00:00:00 EDT 2022,Mon Dec 05 00:00:00 EST 2022,N,0,0,0,,,,,,,,,3
0.0744,0.0,0.0,8.0,113.2179,0,0.0,0.0,29.77,0.0,0,-1,0.0,0.0,107.0151,0,0.0,31.4956,0.0,0.0,,,Front-Wheel Drive,233,,10,700,0,Electricity,Electricity,10,-1,100.299,0,0.0,0.0,33.6045,0.0,26,89,45755,0,0,Polestar,2 Single Motor,N,False,0,0,270,0.0,0.0,0.0,0.0,Automatic (A1),159.5,0.0,141.3,0.0,Midsize Cars,2023,8500,2,,,,,EV,,,170 kW ACPMSM,VVX,,0.0,,Thu Aug 11 00:00:00 EDT 2022,Mon Dec 05 00:00:00 EST 2022,N,0,0,0,,,,,,,,,0
0.0672,0.0,0.0,11.0,130.62,0,0.0,0.0,25.8039,0.0,0,-1,0.0,0.0,119.0276,0,0.0,28.317,0.0,0.0,,,Front-Wheel Drive,40,,10,650,0,Electricity,Electricity,10,-1,107.38,0,0.0,0.0,31.3885,0.0,0,0,45756,0,0,Toyota,bZ4X,N,False,0,0,252,0.0,0.0,0.0,0.0,Automatic (A1),186.6,0.0,153.4,0.0,Small Sport Utility Vehicle 2WD,2023,8750,bZ4X,,,,,EV,,,150 kW AC Synchronous,TYX,,0.0,,Thu Aug 11 00:00:00 EDT 2022,Thu Oct 19 00:00:00 EDT 2023,N,0,0,0,71.4,,10.8,,6.6,150.0,CCS,7.1,0
0.072,0.0,0.0,11.0,125.0,0,0.0,0.0,27.0,0.0,0,-1,0.0,0.0,114.0,0,0.0,30.0,0.0,0.0,,,Front-Wheel Drive,42,,10,700,0,Electricity,Electricity,10,-1,103.0,0,0.0,0.0,33.0,0.0,0,0,45757,0,0,Toyota,bZ4X LIMITED,N,False,0,0,242,0.0,0.0,0.0,0.0,Automatic (A1),186.6,0.0,153.4,0.0,Small Sport Utility Vehicle 2WD,2023,8500,bZ4X,,,,,EV,,,150 kW AC Synchronous,TYX,,0.0,,Thu Aug 11 00:00:00 EDT 2022,Thu Oct 19 00:00:00 EDT 2023,N,0,0,0,71.4,,10.8,,6.6,150.0,CCS,7.1,0
0.0768,0.0,0.0,11.0,114.0,0,0.0,0.0,30.0,0.0,0,-1,0.0,0.0,104.0,0,0.0,32.0,0.0,0.0,,,All-Wheel Drive,41,,10,700,0,Electricity,Electricity,10,-1,94.0,0,0.0,0.0,36.0,0.0,0,0,45758,0,0,Toyota,bZ4X AWD,N,False,0,0,228,0.0,0.0,0.0,0.0,Automatic (A1),170.4,0.0,140.4,0.0,Small Sport Utility Vehicle 4WD,2023,8500,bZ4X,,,,,EV,,,80 and 150 kW AC Synchronous,TYX,,0.0,,Thu Aug 11 00:00:00 EDT 2022,Thu Oct 19 00:00:00 EDT 2023,N,0,0,0,71.4,,10.8,,6.6,150.0,CCS,7.1,0
0.0791999999999999,0.0,0.0,11.0,112.0,0,0.0,0.0,30.0,0.0,0,-1,0.0,0.0,102.0,0,0.0,33.0,0.0,0.0,,,All-Wheel Drive,45,,10,750,0,Electricity,Electricity,10,-1,92.0,0,0.0,0.0,36.0,0.0,0,0,45759,0,0,Toyota,bZ4X LIMITED AWD,N,False,0,0,222,0.0,0.0,0.0,0.0,Automatic (A1),167.1,0.0,138.4,0.0,Small Sport Utility Vehicle 4WD,2023,8250,bZ4X,,,,,EV,,,80 and 150 kW AC Synchronous,TYX,,0.0,,Thu Aug 11 00:00:00 EDT 2022,Thu Oct 19 00:00:00 EDT 2023,N,0,0,0,71.4,,10.8,,6.6,150.0,CCS,7.1,0
0.0936,0.0,0.0,8.0,94.3602,0,0.0,0.0,35.7195,0.0,0,-1,0.0,0.0,87.4945,0,0.0,38.5224,0.0,0.0,,,All-Wheel Drive,204,,10,850,0,Electricity,Electricity,10,-1,80.3491,0,0.0,0.0,41.9482,0.0,0,0,45760,0,0,Volvo,C40 Recharge twin,N,False,0,0,226,0.0,0.0,0.0,0.0,Automatic (A1),132.0,0.0,112.4,0.0,Small Sport Utility Vehicle 4WD,2023,7750,C40,,,,,EV,,,175 and 175 kW ACPMSM,VVX,,0.0,,Thu Aug 11 00:00:00 EDT 2022,Thu Jan 18 00:00:00 EST 2024,N,0,0,0,,,,,,,,,0
0.0936,0.0,0.0,8.0,91.9344,0,0.0,0.0,36.662,0.0,0,-1,0.0,0.0,85.4607,0,0.0,39.4392,0.0,0.0,,,All-Wheel Drive,203,,10,900,0,Electricity,Electricity,10,-1,78.6884,0,0.0,0.0,42.8335,0.0,0,0,45761,0,0,Volvo,XC40 Recharge twin,N,False,0,0,223,0.0,0.0,0.0,0.0,Automatic (A1),128.4,0.0,109.9,0.0,Small Sport Utility Vehicle 4WD,2023,7500,XC40,,,,,EV,,,150 and 150 kW ACPMSM,VVX,,0.0,,Thu Aug 11 00:00:00 EDT 2022,Thu Oct 19 00:00:00 EDT 2023,N,0,0,0,,,,,,,,,0
0.0984,0.0,0.0,10.5,80.7116,0,0.0,0.0,41.7598,0.0,0,-1,0.0,0.0,81.6915,0,0.0,41.2589,0.0,0.0,,,All-Wheel Drive,352,,10,950,0,Electricity,Electricity,10,-1,82.9219,0,0.0,0.0,40.6467,0.0,0,0,45981,0,11,Audi,e-tron GT,N,False,0,101,238,0.0,0.0,0.0,0.0,Automatic (A2),113.2,0.0,116.3,0.0,Midsize Cars,2023,7250,e-tron GT,,,,,EV,,,TBD,VGA,,0.0,,Thu Oct 20 00:00:00 EDT 2022,Thu Oct 19 00:00:00 EDT 2023,N,0,0,0,85.0,,7.7,,11.0,270.0,CCS2,,0
0.1008,0.0,0.0,10.5,79.4187,0,0.0,0.0,42.4396,0.0,0,-1,0.0,0.0,80.5505,0,0.0,41.8433,0.0,0.0,,,All-Wheel Drive,353,,10,950,0,Electricity,Electricity,10,-1,81.9783,0,0.0,0.0,41.1145,0.0,0,0,45982,0,11,Audi,RS e-tron GT,N,False,0,101,232,0.0,0.0,0.0,0.0,Automatic (A2),111.7,0.0,115.3,0.0,Midsize Cars,2023,7250,RS e-tron GT,,,,,EV,,,TBD,VGA,,0.0,,Thu Oct 20 00:00:00 EDT 2022,Thu Oct 19 00:00:00 EDT 2023,N,0,0,0,,,,,,,,,0
0.0791999999999999,0.0,0.0,9.0,111.86,0,0.0,0.0,30.1314,0.0,0,-1,0.0,0.0,103.0925,0,0.0,32.6939,0.0,0.0,,,Rear-Wheel Drive,360,,10,750,0,Electricity,Electricity,10,-1,94.08,0,0.0,0.0,35.8259,0.0,0,0,45983,0,0,Audi,Q4 e-tron,N,False,0,0,265,0.0,0.0,0.0,0.0,Automatic (A1),159.8,0.0,134.4,0.0,Small Sport Utility Vehicle 2WD,2023,8250,Q4 e-tron,,,,,EV,,,TBD,VGA,,0.0,,Thu Oct 20 00:00:00 EDT 2022,Tue Feb 14 00:00:00 EST 2023,N,0,0,0,48.0,,4.4,,11.0,125.0,CCS2,,0
0.1032,0.0,0.0,10.0,78.2253,0,0.0,0.0,43.0871,0.0,0,-1,0.0,0.0,78.5899,0,0.0,42.8872,0.0,0.0,,,All-Wheel Drive,350,,10,950,0,Electricity,Electricity,10,-1,79.0402,0,0.0,0.0,42.6429,0.0,0,0,45984,0,0,Audi,e-tron quattro,N,False,0,0,226,0.0,0.0,0.0,0.0,Automatic (A2),105.6,0.0,106.7,0.0,Standard Sport Utility Vehicle 4WD,2023,7250,e-tron,,,,,EV,,,TBD,VGA,,0.0,,Thu Oct 20 00:00:00 EDT 2022,Tue Feb 14 00:00:00 EST 2023,N,0,0,0,,,,,,,,,1
0.1104,0.0,0.0,10.0,72.3957,0,0.0,0.0,46.5566,0.0,0,-1,0.0,0.0,73.4439,0,0.0,45.8922,0.0,0.0,,,All-Wheel Drive,354,,10,1050,0,Electricity,Electricity,10,-1,74.7669,0,0.0,0.0,45.0801,0.0,0,0,45985,0,0,Audi,e-tron S (20 inch wheels),N,False,0,0,208,0.0,0.0,0.0,0.0,Automatic (A1),97.7,0.0,100.9,0.0,Standard Sport Utility Vehicle 4WD,2023,6750,e-tron S,,,,,EV,,,TBD,VGA,,0.0,,Thu Oct 20 00:00:00 EDT 2022,Tue Apr 11 00:00:00 EDT 2023,N,0,0,0,,,,,,,,,1
0.108,0.0,0.0,10.0,73.1367,0,0.0,0.0,46.0849,0.0,0,-1,0.0,0.0,75.0414,0,0.0,44.9152,0.0,0.0,,,All-Wheel Drive,355,,10,1000,0,Electricity,Electricity,10,-1,77.5086,0,0.0,0.0,43.4855,0.0,0,0,45986,0,0,Audi,e-tron S Sportback (20 inch wheels),N,False,0,0,212,0.0,0.0,0.0,0.0,Automatic (A1),98.7,0.0,104.6,0.0,Standard Sport Utility Vehicle 4WD,2023,7000,e-tron S,,,,,EV,,,TBD,VGA,,0.0,,Thu Oct 20 00:00:00 EDT 2022,Tue Feb 14 00:00:00 EST 2023,N,0,0,0,,,,,,,,,2
0.1032,0.0,0.0,10.0,76.6697,0,0.0,0.0,43.9613,0.0,0,-1,0.0,0.0,78.0711,0,0.0,43.1722,0.0,0.0,,,All-Wheel Drive,351,,10,950,0,Electricity,Electricity,10,-1,79.855,0,0.0,0.0,42.2077,0.0,0,0,45987,0,0,Audi,e-tron Sportback quattro,N,False,0,0,225,0.0,0.0,0.0,0.0,Automatic (A2),103.5,0.0,107.8,0.0,Standard Sport Utility Vehicle 4WD,2023,7250,e-tron,,,,,EV,,,TBD,VGA,,0.0,,Thu Oct 20 00:00:00 EDT 2022,Tue Feb 14 00:00:00 EST 2023,N,0,0,0,,,,,,,,,1
0.0863999999999999,0.0,0.0,9.0,97.37,0,0.0,0.0,34.6154,0.0,0,-1,0.0,0.0,92.5955,0,0.0,36.4003,0.0,0.0,,,All-Wheel Drive,358,,10,800,0,Electricity,Electricity,10,-1,87.36,0,0.0,0.0,38.5817,0.0,0,0,45988,0,0,Audi,Q4 e-tron quattro,N,False,0,0,236,0.0,0.0,0.0,0.0,Automatic (A1),139.1,0.0,124.8,0.0,Standard Sport Utility Vehicle 4WD,2023,8000,Q4 e-tron,,,,,EV,,,TBD,VGA,,0.0,,Thu Oct 20 00:00:00 EDT 2022,Tue Feb 14 00:00:00 EST 2023,N,0,0,0,48.0,,4.4,,11.0,125.0,CCS2,,0
0.0863999999999999,0.0,0.0,9.0,99.75,0,0.0,0.0,33.7895,0.0,0,-1,0.0,0.0,94.8056,0,0.0,35.5517,0.0,0.0,,,All-Wheel Drive,359,,10,800,0,Electricity,Electricity,10,-1,89.39,0,0.0,0.0,37.7056,0.0,0,0,45989,0,0,Audi,Q4 e-tron Sportback,N,False,0,0,242,0.0,0.0,0.0,0.0,Automatic (A1),142.5,0.0,127.7,0.0,Standard Sport Utility Vehicle 4WD,2023,8000,Q4 e-tron,,,,,EV,,,TBD,VGA,,0.0,,Thu Oct 20 00:00:00 EDT 2022,Tue Feb 14 00:00:00 EST 2023,N,0,0,0,,,,,,,,,0
0.0839999999999999,0.0,0.0,10.0,93.9483,0,0.0,0.0,35.8761,0.0,0,-1,0.0,0.0,95.685,0,0.0,35.2249,0.0,0.0,,,All-Wheel Drive,450,,10,800,0,Electricity,Electricity,10,-1,97.8969,0,0.0,0.0,34.4291,0.0,0,0,45990,0,10,BMW,i4 M50 Gran Coupe (19 inch wheels),N,False,0,90,271,0.0,0.0,0.0,0.0,Automatic (A1),126.1,0.0,131.4,0.0,Subcompact Cars,2023,8000,i4,,,,,EV,,,TBD,BMX,,0.0,,Thu Oct 20 00:00:00 EDT 2022,Thu Jun 01 00:00:00 EDT 2023,N,0,0,0,,,,,,,,,1
0.1008,0.0,0.0,10.0,79.1967,0,0.0,0.0,42.5586,0.0,0,-1,0.0,0.0,79.6627,0,0.0,42.3096,0.0,0.0,,,All-Wheel Drive,451,,10,950,0,Electricity,Electricity,10,-1,80.2397,0,0.0,0.0,42.0054,0.0,0,0,45991,0,10,BMW,i4 M50 Gran Coupe (20 inch wheels),N,False,0,90,227,0.0,0.0,0.0,0.0,Automatic (A1),106.3,0.0,107.7,0.0,Subcompact Cars,2023,7250,i4,,,,,EV,,,TBD,BMX,,0.0,,Thu Oct 20 00:00:00 EDT 2022,Thu Jun 01 00:00:00 EDT 2023,N,0,0,0,,,,,,,,,1
0.0815999999999999,0.0,0.0,10.0,109.4538,0,0.0,0.0,33.6343,0.0,0,-1,0.0,0.0,108.9786,0,0.0,33.9144,0.0,0.0,,,Rear-Wheel Drive,440,,10,750,0,Electricity,Electricity,10,-1,108.4033,0,0.0,0.0,34.2568,0.0,0,0,45992,0,10,BMW,i4 eDrive40 Gran Coupe (18 inch wheels),Y,False,0,90,301,0.0,0.0,0.0,0.0,Automatic (A1),156.3,0.0,154.8,0.0,Subcompact Cars,2023,8250,i4,,,,,EV,,,TBD,BMX,,0.0,,Thu Oct 20 00:00:00 EDT 2022,Thu Jun 01 00:00:00 EDT 2023,N,0,0,0,,,,,,,,,1
0.0911999999999999,0.0,0.0,12.0,87.4328,0,0.0,0.0,38.5496,0.0,0,-1,0.0,0.0,89.2803,0,0.0,37.7519,0.0,0.0,,,All-Wheel Drive,719,,10,850,0,Electricity,Electricity,10,-1,91.6473,0,0.0,0.0,36.7769,0.0,0,0,45993,0,11,BMW,i7 xDrive60 Sedan (19 inch wheels),N,False,0,112,318,0.0,0.0,0.0,0.0,Automatic (A1),122.4,0.0,128.3,0.0,Large Cars,2023,7750,i7,,,,,EV,,,TBD,BMX,,0.0,,Thu Oct 20 00:00:00 EDT 2022,Wed Oct 26 00:00:00 EDT 2022,N,0,0,0,,,,,,,,,1
0.0984,0.0,0.0,12.0,81.0753,0,0.0,0.0,41.5725,0.0,0,-1,0.0,0.0,82.9495,0,0.0,40.6332,0.0,0.0,,,All-Wheel Drive,720,,10,900,0,Electricity,Electricity,10,-1,85.3612,0,0.0,0.0,39.4851,0.0,0,0,45994,0,11,BMW,i7 xDrive60 Sedan (20 inch wheels),N,False,0,112,296,0.0,0.0,0.0,0.0,Automatic (A1),113.5,0.0,119.5,0.0,Large Cars,2023,7500,i7,,,,,EV,,,TBD,BMX,,0.0,,Thu Oct 20 00:00:00 EDT 2022,Wed Oct 26 00:00:00 EDT 2022,N,0,0,0,,,,,,,,,1
0.0936,0.0,0.0,12.0,85.3612,0,0.0,0.0,39.4851,0.0,0,-1,0.0,0.0,86.963,0,0.0,38.7578,0.0,0.0,,,All-Wheel Drive,721,,10,850,0,Electricity,Electricity,10,-1,89.0043,0,0.0,0.0,37.869,0.0,0,0,45995,0,11,BMW,i7 xDrive60 Sedan (21 inch wheels),N,False,0,112,308,0.0,0.0,0.0,0.0,Automatic (A1),119.5,0.0,124.6,0.0,Large Cars,2023,7750,i7,,,,,EV,,,TBD,BMX,,0.0,,Thu Oct 20 00:00:00 EDT 2022,Wed Oct 26 00:00:00 EDT 2022,N,0,0,0,,,,,,,,,3
0.0936,0.0,0.0,12.0,86.3105,0,0.0,0.0,39.0509,0.0,0,-1,0.0,0.0,86.4427,0,0.0,38.9911,0.0,0.0,,,All-Wheel Drive,120,,10,900,0,Electricity,Electricity,10,-1,86.6048,0,0.0,0.0,38.9181,0.0,0,0,45996,0,0,BMW,iX xDrive50 (20 inch wheels),N,False,0,0,324,0.0,0.0,0.0,0.0,Automatic (A1),117.3,0.0,117.7,0.0,Standard Sport Utility Vehicle 4WD,2023,7500,iX,,,,,EV,,,TBD,BMX,,0.0,,Thu Oct 20 00:00:00 EDT 2022,Wed Oct 26 00:00:00 EDT 2022,N,0,0,0,,,,,,,,,3
0.0984,0.0,0.0,12.0,82.3371,0,0.0,0.0,40.9354,0.0,0,-1,0.0,0.0,82.8628,0,0.0,40.6757,0.0,0.0,,,All-Wheel Drive,121,,10,900,0,Electricity,Electricity,10,-1,83.5144,0,0.0,0.0,40.3583,0.0,0,0,45997,0,0,BMW,iX xDrive50 (21 inch wheels),N,False,0,0,305,0.0,0.0,0.0,0.0,Automatic (A1),111.9,0.0,113.5,0.0,Standard Sport Utility Vehicle 4WD,2023,7500,iX,,,,,EV,,,TBD,BMX,,0.0,,Thu Oct 20 00:00:00 EDT 2022,Wed Oct 26 00:00:00 EDT 2022,N,0,0,0,,,,,,,,,3
0.0936,0.0,0.0,12.0,86.1634,0,0.0,0.0,39.1176,0.0,0,-1,0.0,0.0,85.8307,0,0.0,39.2692,0.0,0.0,,,All-Wheel Drive,122,,10,900,0,Electricity,Electricity,10,-1,85.4275,0,0.0,0.0,39.4545,0.0,0,0,45998,0,0,BMW,iX xDrive50 (22 inch wheels),N,False,0,0,315,0.0,0.0,0.0,0.0,Automatic (A1),117.1,0.0,116.1,0.0,Standard Sport Utility Vehicle 4WD,2023,7500,iX,,,,,EV,,,TBD,BMX,,0.0,,Thu Oct 20 00:00:00 EDT 2022,Wed Oct 26 00:00:00 EDT 2022,N,0,0,0,,,,,,,,,3
0.0815999999999999,0.0,0.0,9.0,108.36,0,0.0,0.0,31.1047,0.0,0,-1,0.0,0.0,100.5822,0,0.0,33.5099,0.0,0.0,,,All-Wheel Drive,5,,10,750,0,Electricity,Electricity,10,-1,92.47,0,0.0,0.0,36.4497,0.0,0,0,45999,0,13,Genesis,Electrified G80,N,False,0,99,282,0.0,0.0,0.0,0.0,Automatic (A1),154.8,0.0,132.1,0.0,Midsize Cars,2023,8250,G80,,,,,EV,,,TBD,HYX,,0.0,,Thu Oct 20 00:00:00 EDT 2022,Wed Oct 26 00:00:00 EDT 2022,N,0,0,0,80.7,,7.3,,11.0,235.0,CCS,,3
0.0648,0.0,0.0,9.5,136.85,0,0.0,0.0,24.6292,0.0,0,-1,0.0,0.0,122.6523,0,0.0,27.4801,0.0,0.0,,,Front-Wheel Drive,36,,10,600,0,Electricity,Electricity,10,-1,108.85,0,0.0,0.0,30.9646,0.0,0,0,46000,0,0,Hyundai,Kona Electric,N,False,0,0,258,0.0,0.0,0.0,0.0,Automatic (A1),195.5,0.0,155.5,0.0,Small Sport Utility Vehicle 2WD,2023,9000,Kona,,,,,EV,,,TBD,HYX,,0.0,,Thu Oct 20 00:00:00 EDT 2022,Tue Apr 11 00:00:00 EDT 2023,N,0,0,0,58.0,,8.1,,7.2,100.0,CCS2,,3
0.0936,0.0,0.0,13.0,88.7855,0,0.0,0.0,37.9623,0.0,0,-1,0.0,0.0,85.4362,0,0.0,39.4505,0.0,0.0,,,4-Wheel Drive,591,,10,900,0,Electricity,Electricity,10,-1,81.6706,0,0.0,0.0,41.2694,0.0,0,0,46001,0,0,Jaguar,I-Pace EV400 (20 inch tires),N,False,0,0,246,0.0,0.0,0.0,0.0,Automatic (A1),117.3,0.0,107.9,0.0,Small Sport Utility Vehicle 4WD,2023,7500,I-Pace,,,,,EV,,,TBD,JLX,,0.0,,Thu Oct 20 00:00:00 EDT 2022,Wed Oct 26 00:00:00 EDT 2022,N,0,0,0,,,,,,,,,3
0.108,0.0,0.0,13.0,78.5551,0,0.0,0.0,42.9062,0.0,0,-1,0.0,0.0,75.5029,0,0.0,44.6407,0.0,0.0,,,4-Wheel Drive,593,,10,1000,0,Electricity,Electricity,10,-1,72.08,0,0.0,0.0,46.7605,0.0,0,0,46002,0,0,Jaguar,I-Pace EV400 (22 inch tires),N,False,0,0,217,0.0,0.0,0.0,0.0,Automatic (A1),110.4,0.0,101.3,0.0,Small Sport Utility Vehicle 4WD,2023,7000,I-Pace,,,,,EV,,,TBD,JLX,,0.0,,Thu Oct 20 00:00:00 EDT 2022,Wed Oct 26 00:00:00 EDT 2022,N,0,0,0,,,,,,,,,3
0.1008,0.0,0.0,8.9,84.7,0,0.0,0.0,39.7934,0.0,0,-1,0.0,0.0,79.4109,0,0.0,42.4438,0.0,0.0,,,All-Wheel Drive,33,,10,950,0,Electricity,Electricity,10,-1,73.78,0,0.0,0.0,45.6831,0.0,0,0,46003,0,24,Kia,EV6 AWD GT,N,False,0,104,206,0.0,0.0,0.0,0.0,Automatic (A1),121.0,0.0,105.4,0.0,Small Station Wagons,2023,7250,EV6,,,,,EV,,,TBD,KMX,,0.0,,Thu Oct 20 00:00:00 EDT 2022,Wed Oct 26 00:00:00 EDT 2022,N,0,0,0,,,,,,,,,3
0.0744,0.0,0.0,8.4,119.56,0,0.0,0.0,28.1909,0.0,0,-1,0.0,0.0,108.5174,0,0.0,31.0595,0.0,0.0,,,All-Wheel Drive,34,,10,700,0,Electricity,Electricity,10,-1,97.51,0,0.0,0.0,34.5657,0.0,0,0,46004,0,24,Kia,EV6 Long Range AWD (19 inch tires),Y,False,0,103,282,0.0,0.0,0.0,0.0,Automatic (A1),170.8,0.0,139.3,0.0,Small Station Wagons,2023,8500,EV6,,,,,EV,,,TBD,KMX,,0.0,,Thu Oct 20 00:00:00 EDT 2022,Wed May 10 00:00:00 EDT 2023,N,0,0,0,,,,,,,,,3
0.0815999999999999,0.0,0.0,8.4,108.36,0,0.0,0.0,31.1047,0.0,0,-1,0.0,0.0,98.41,0,0.0,34.2496,0.0,0.0,,,All-Wheel Drive,35,,10,750,0,Electricity,Electricity,10,-1,88.48,0,0.0,0.0,38.0934,0.0,0,0,46005,0,24,Kia,EV6 Long Range AWD (20 inch tires),N,False,0,103,252,0.0,0.0,0.0,0.0,Automatic (A1),154.8,0.0,126.4,0.0,Small Station Wagons,2023,8250,EV6,,,,,EV,,,TBD,KMX,,0.0,,Thu Oct 20 00:00:00 EDT 2022,Wed May 10 00:00:00 EDT 2023,N,0,0,0,,,,,,,,,3
0.0672,0.0,0.0,8.7,138.18,0,0.0,0.0,24.3921,0.0,0,-1,0.0,0.0,120.22,0,0.0,28.0361,0.0,0.0,,,Rear-Wheel Drive,37,,10,650,0,Electricity,Electricity,10,-1,103.74,0,0.0,0.0,32.4899,0.0,0,0,46006,0,24,Kia,EV6 Long Range RWD,Y,False,0,103,310,0.0,0.0,0.0,0.0,Automatic (A1),197.4,0.0,148.2,0.0,Small Station Wagons,2023,8750,EV6,,,,,EV,,,TBD,KMX,,0.0,,Thu Oct 20 00:00:00 EDT 2022,Wed May 10 00:00:00 EDT 2023,N,0,0,0,,,,,,,,,1
0.0672,0.0,0.0,6.3,138.04,0,0.0,0.0,24.4168,0.0,0,-1,0.0,0.0,119.0536,0,0.0,28.3108,0.0,0.0,,,Rear-Wheel Drive,36,,10,650,0,Electricity,Electricity,10,-1,101.92,0,0.0,0.0,33.0701,0.0,0,0,46007,0,24,Kia,EV6 Standard Range RWD,N,False,0,103,232,0.0,0.0,0.0,0.0,Automatic (A1),197.2,0.0,145.6,0.0,Small Station Wagons,2023,8750,EV6,,,,,EV,,,TBD,KMX,,0.0,,Thu Oct 20 00:00:00 EDT 2022,Wed May 10 00:00:00 EDT 2023,N,0,0,0,,,,,,,,,3
0.0696,0.0,0.0,7.5,128.1,0,0.0,0.0,26.3115,0.0,0,-1,0.0,0.0,115.2255,0,0.0,29.2513,0.0,0.0,,,Front-Wheel Drive,30,,10,650,0,Electricity,Electricity,10,-1,102.62,0,0.0,0.0,32.8445,0.0,0,0,46008,0,23,Kia,Niro Electric,Y,False,0,100,253,0.0,0.0,0.0,0.0,Automatic (A1),183.0,0.0,146.6,0.0,Small Station Wagons,2023,8750,Niro,,,,,EV,,,TBD,KMX,,0.0,,Thu Oct 20 00:00:00 EDT 2022,Tue Apr 11 00:00:00 EDT 2023,N,0,0,0,,,,,,,,,3
0.0744,0.0,0.0,12.5,106.6907,0,0.0,0.0,31.5913,0.0,0,-1,0.0,0.0,108.6192,0,0.0,31.0304,0.0,0.0,,,All-Wheel Drive,905,,10,700,0,Electricity,Electricity,10,-1,111.0732,0,0.0,0.0,30.3449,0.0,0,0,46009,0,35,Mercedes-Benz,EQS 450 4matic,N,False,0,103,340,0.0,0.0,0.0,0.0,Automatic (A1),141.2,0.0,147.0,0.0,Large Cars,2023,8500,EQS,,,,,EV,,,TBD,MBX,,0.0,,Thu Oct 20 00:00:00 EDT 2022,Wed Feb 21 00:00:00 EST 2024,Y,0,0,0,,,,,,,,,3
0.1032,0.0,0.0,12.75,80.2627,0,0.0,0.0,41.9933,0.0,0,-1,0.0,0.0,79.1101,0,0.0,42.6052,0.0,0.0,,,All-Wheel Drive,917,,10,950,0,Electricity,Electricity,10,-1,77.7455,0,0.0,0.0,43.353,0.0,0,0,46010,0,0,Mercedes-Benz,EQS 450 4matic (SUV),N,False,0,0,285,0.0,0.0,0.0,0.0,Automatic (A1),111.6,0.0,108.1,0.0,Standard Sport Utility Vehicle 4WD,2023,7250,EQS,,,,,EV,,,TBD,MBX,,0.0,,Thu Oct 20 00:00:00 EDT 2022,Wed Feb 21 00:00:00 EST 2024,Y,0,0,0,,,,,,,,,3
0.0936,0.0,0.0,12.75,87.99,0,0.0,0.0,38.3055,0.0,0,-1,0.0,0.0,86.1688,0,0.0,39.1151,0.0,0.0,,,Rear-Wheel Drive,903,,10,900,0,Electricity,Electricity,10,-1,84.0427,0,0.0,0.0,40.1046,0.0,0,0,46011,0,0,Mercedes-Benz,EQS 450 Plus (SUV),N,False,0,0,305,0.0,0.0,0.0,0.0,Automatic (A1),122.6,0.0,117.1,0.0,Standard Sport Utility Vehicle 2WD,2023,7500,EQS,,,,,EV,,,TBD,MBX,,0.0,,Thu Oct 20 00:00:00 EDT 2022,Thu Oct 19 00:00:00 EDT 2023,Y,0,0,0,,,,,,,,,1
0.1008,0.0,0.0,12.75,82.6965,0,0.0,0.0,40.7575,0.0,0,-1,0.0,0.0,80.1444,0,0.0,42.0553,0.0,0.0,,,All-Wheel Drive,918,,10,950,0,Electricity,Electricity,10,-1,77.2313,0,0.0,0.0,43.6416,0.0,0,0,46012,0,0,Mercedes-Benz,EQS 580 4matic (SUV),N,False,0,0,285,0.0,0.0,0.0,0.0,Automatic (A1),115.0,0.0,107.4,0.0,Standard Sport Utility Vehicle 4WD,2023,7250,EQS,,,,,EV,,,TBD,MBX,,0.0,,Thu Oct 20 00:00:00 EDT 2022,Wed Feb 21 00:00:00 EST 2024,Y,0,0,0,,,,,,,,,3
0.0791999999999999,0.0,0.0,10.0,108.64,0,0.0,0.0,31.0245,0.0,0,-1,0.0,0.0,101.3458,0,0.0,33.2574,0.0,0.0,,,Front-Wheel Drive,1,,10,750,0,Electricity,Electricity,10,-1,93.66,0,0.0,0.0,35.9865,0.0,0,0,46013,0,23,Nissan,ARIYA ENGAGE FWD 63kWh,N,False,0,101,216,0.0,0.0,0.0,0.0,Automatic (A1),155.2,0.0,133.8,0.0,Small Station Wagons,2023,8250,ARIYA,,,,,EV,,,TBD,NSX,,0.0,,Thu Oct 20 00:00:00 EDT 2022,Wed Oct 26 00:00:00 EDT 2022,N,0,0,0,,,,,,,,,0
0.0815999999999999,0.0,0.0,14.0,104.93,0,0.0,0.0,32.1214,0.0,0,-1,0.0,0.0,98.0576,0,0.0,34.3726,0.0,0.0,,,Front-Wheel Drive,4,,10,750,0,Electricity,Electricity,10,-1,90.79,0,0.0,0.0,37.1241,0.0,0,0,46014,0,23,Nissan,ARIYA EVO Plus/EMP Plus/PRM FWD 87kWh,N,False,0,101,289,0.0,0.0,0.0,0.0,Automatic (A1),149.9,0.0,129.7,0.0,Small Station Wagons,2023,8250,ARIYA,,,,,EV,,,TBD,NSX,,0.0,,Thu Oct 20 00:00:00 EDT 2022,Wed Oct 26 00:00:00 EDT 2022,N,0,0,0,,,,,,,,,0
0.0791999999999999,0.0,0.0,14.0,110.95,0,0.0,0.0,30.3785,0.0,0,-1,0.0,0.0,103.0394,0,0.0,32.7108,0.0,0.0,,,Front-Wheel Drive,3,,10,750,0,Electricity,Electricity,10,-1,94.78,0,0.0,0.0,35.5613,0.0,0,0,46015,0,27,Nissan,ARIYA VENTURE Plus FWD 87kWh,N,False,0,101,304,0.0,0.0,0.0,0.0,Automatic (A1),158.5,0.0,135.4,0.0,Small Station Wagons,2023,8250,ARIYA,,,,,EV,,,TBD,NSX,,0.0,,Thu Oct 20 00:00:00 EDT 2022,Wed Oct 26 00:00:00 EDT 2022,N,0,0,0,,,,,,,,,0
0.072,0.0,0.0,8.0,122.92,0,0.0,0.0,27.4203,0.0,0,-1,0.0,0.0,110.7755,0,0.0,30.4264,0.0,0.0,,,Front-Wheel Drive,902,,10,700,0,Electricity,Electricity,10,-1,98.84,0,0.0,0.0,34.1006,0.0,24,92,46016,0,0,Nissan,LEAF,Y,False,0,0,149,0.0,0.0,0.0,0.0,Automatic (A1),175.6,0.0,141.2,0.0,Midsize Cars,2023,8500,LEAF,,,,,EV,,,TBD,NSX,,0.0,,Thu Oct 20 00:00:00 EDT 2022,Tue Apr 11 00:00:00 EDT 2023,N,0,0,0,40.0,,6.1,,6.6,50.0,CHAdeMO,,1
0.0744,0.0,0.0,11.0,121.03,0,0.0,0.0,27.8485,0.0,0,-1,0.0,0.0,109.4944,0,0.0,30.7824,0.0,0.0,,,Front-Wheel Drive,904,,10,700,0,Electricity,Electricity,10,-1,98.07,0,0.0,0.0,34.3683,0.0,24,92,46017,0,0,Nissan,LEAF SV,N,False,0,0,212,0.0,0.0,0.0,0.0,Automatic (A1),172.9,0.0,140.1,0.0,Midsize Cars,2023,8500,LEAF,,,,,EV,,,TBD,NSX,,0.0,,Thu Oct 20 00:00:00 EDT 2022,Tue Apr 11 00:00:00 EDT 2023,N,0,0,0,,,,,,,,,1
0.1008,0.0,0.0,10.5,80.01,0,0.0,0.0,42.126,0.0,0,-1,0.0,0.0,80.2297,0,0.0,42.0106,0.0,0.0,,,All-Wheel Drive,705,,10,950,0,Electricity,Electricity,10,-1,80.5,0,0.0,0.0,41.8696,0.0,24,90,46018,0,0,Porsche,Taycan 4 Cross Turismo,N,False,0,0,235,0.0,0.0,0.0,0.0,Automatic (A2),114.3,0.0,115.0,0.0,Midsize Cars,2023,7250,Taycan,,,,,EV,,,175 and 320 kW ACPM,PRX,,0.0,,Thu Oct 20 00:00:00 EDT 2022,Thu Oct 20 00:00:00 EDT 2022,N,0,0,0,,,,,,,,,1
0.1032,0.0,0.0,10.5,78.68,0,0.0,0.0,42.8381,0.0,0,-1,0.0,0.0,78.7744,0,0.0,42.7868,0.0,0.0,,,All-Wheel Drive,725,,10,950,0,Electricity,Electricity,10,-1,78.89,0,0.0,0.0,42.724,0.0,24,91,46019,0,0,Porsche,Taycan 4S Cross Turismo,N,False,0,0,230,0.0,0.0,0.0,0.0,Automatic (A2),112.4,0.0,112.7,0.0,Midsize Cars,2023,7250,Taycan,,,,,EV,,,175 and 320 kW ACPM,PRX,,0.0,,Thu Oct 20 00:00:00 EDT 2022,Thu Oct 20 00:00:00 EDT 2022,N,0,0,0,,,,,,,,,1
0.1008,0.0,0.0,10.5,79.03,0,0.0,0.0,42.6484,0.0,0,-1,0.0,0.0,79.7157,0,0.0,42.2815,0.0,0.0,,,All-Wheel Drive,721,,10,950,0,Electricity,Electricity,10,-1,80.57,0,0.0,0.0,41.8332,0.0,0,0,46020,0,12,Porsche,Taycan 4S Perf Battery Plus,N,False,0,89,235,0.0,0.0,0.0,0.0,Automatic (A2),112.9,0.0,115.1,0.0,Compact Cars,2023,7250,Taycan,,,,,EV,,,175 and 320 kW ACPM,PRX,,0.0,,Thu Oct 20 00:00:00 EDT 2022,Thu Oct 20 00:00:00 EDT 2022,N,0,0,0,,,,,,,,,0
0.096,0.0,0.0,9.5,83.23,0,0.0,0.0,40.4962,0.0,0,-1,0.0,0.0,83.23,0,0.0,40.4962,0.0,0.0,,,All-Wheel Drive,720,,10,900,0,Electricity,Electricity,10,-1,83.23,0,0.0,0.0,40.4962,0.0,0,0,46021,0,12,Porsche,Taycan 4S Performance Battery,N,False,0,89,206,0.0,0.0,0.0,0.0,Automatic (A2),118.9,0.0,118.9,0.0,Compact Cars,2023,7500,Taycan,,,,,EV,,,150 and 270 kW ACPM,PRX,,0.0,,Thu Oct 20 00:00:00 EDT 2022,Thu Oct 20 00:00:00 EDT 2022,N,0,0,0,,,,,,,,,0
0.0984,0.0,0.0,10.5,83.3,0,0.0,0.0,40.4622,0.0,0,-1,0.0,0.0,82.8242,0,0.0,40.6946,0.0,0.0,,,All-Wheel Drive,770,,10,900,0,Electricity,Electricity,10,-1,82.25,0,0.0,0.0,40.9787,0.0,0,0,46022,0,11,Porsche,Taycan GTS,N,False,0,89,246,0.0,0.0,0.0,0.0,Automatic (A2),119.0,0.0,117.5,0.0,Compact Cars,2023,7500,Taycan,,,,,EV,,,175 and 335 kW ACPM,PRX,,0.0,,Thu Oct 20 00:00:00 EDT 2022,Thu Oct 20 00:00:00 EDT 2022,N,0,0,0,,,,,,,,,0
0.1008,0.0,0.0,10.5,80.29,0,0.0,0.0,41.9791,0.0,0,-1,0.0,0.0,80.0687,0,0.0,42.0951,0.0,0.0,,,All-Wheel Drive,772,,10,950,0,Electricity,Electricity,10,-1,79.8,0,0.0,0.0,42.2368,0.0,12,90,46023,0,0,Porsche,Taycan GTS Sport Turismo,N,False,0,0,233,0.0,0.0,0.0,0.0,Automatic (A2),114.7,0.0,114.0,0.0,Compact Cars,2023,7250,Taycan,,,,,EV,,,175 and 335 kW ACPM,PRX,,0.0,,Thu Oct 20 00:00:00 EDT 2022,Thu Oct 20 00:00:00 EDT 2022,N,0,0,0,,,,,,,,,3
0.0984,0.0,0.0,10.5,77.63,0,0.0,0.0,43.4175,0.0,0,-1,0.0,0.0,81.8362,0,0.0,41.1859,0.0,0.0,,,Rear-Wheel Drive,702,,10,950,0,Electricity,Electricity,10,-1,87.64,0,0.0,0.0,38.4585,0.0,0,0,46024,0,12,Porsche,Taycan Perf Battery Plus,N,False,0,90,242,0.0,0.0,0.0,0.0,Automatic (A2),110.9,0.0,125.2,0.0,Compact Cars,2023,7250,Taycan,,,,,EV,,,280 kW ACPM,PRX,,0.0,,Thu Oct 20 00:00:00 EDT 2022,Thu Oct 20 00:00:00 EDT 2022,N,0,0,0,,,,,,,,,1
0.0984,0.0,0.0,9.5,79.24,0,0.0,0.0,42.5353,0.0,0,-1,0.0,0.0,82.868,0,0.0,40.6731,0.0,0.0,,,Rear-Wheel Drive,701,,10,900,0,Electricity,Electricity,10,-1,87.78,0,0.0,0.0,38.3971,0.0,0,0,46025,0,12,Porsche,Taycan Performance Battery,N,False,0,90,208,0.0,0.0,0.0,0.0,Automatic (A2),113.2,0.0,125.4,0.0,Compact Cars,2023,7500,Taycan,,,,,EV,,,240 kW ACPM,PRX,,0.0,,Thu Oct 20 00:00:00 EDT 2022,Thu Oct 20 00:00:00 EDT 2022,N,0,0,0,,,,,,,,,1
0.1008,0.0,0.0,10.5,81.34,0,0.0,0.0,41.4372,0.0,0,-1,0.0,0.0,80.6075,0,0.0,41.8137,0.0,0.0,,,All-Wheel Drive,740,,10,950,0,Electricity,Electricity,10,-1,79.73,0,0.0,0.0,42.2739,0.0,0,0,46026,0,11,Porsche,Taycan Turbo,N,False,0,89,238,0.0,0.0,0.0,0.0,Automatic (A2),116.2,0.0,113.9,0.0,Compact Cars,2023,7250,Taycan,,,,,EV,,,175 and 335 kW ACPM,PRX,,0.0,,Thu Oct 20 00:00:00 EDT 2022,Thu Oct 20 00:00:00 EDT 2022,N,0,0,0,,,,,,,,,1
0.1008,0.0,0.0,10.5,82.18,0,0.0,0.0,41.0136,0.0,0,-1,0.0,0.0,80.9613,0,0.0,41.631,0.0,0.0,,,All-Wheel Drive,745,,10,950,0,Electricity,Electricity,10,-1,79.52,0,0.0,0.0,42.3856,0.0,24,92,46027,0,0,Porsche,Taycan Turbo Cross Turismo,N,False,0,0,233,0.0,0.0,0.0,0.0,Automatic (A2),117.4,0.0,113.6,0.0,Midsize Cars,2023,7250,Taycan,,,,,EV,,,175 and 335 kW ACPM,PRX,,0.0,,Thu Oct 20 00:00:00 EDT 2022,Thu Oct 20 00:00:00 EDT 2022,N,0,0,0,,,,,,,,,3
0.108,0.0,0.0,10.5,76.86,0,0.0,0.0,43.8525,0.0,0,-1,0.0,0.0,75.7502,0,0.0,44.5214,0.0,0.0,,,All-Wheel Drive,750,,10,1000,0,Electricity,Electricity,10,-1,74.34,0,0.0,0.0,45.339,0.0,0,0,46028,0,11,Porsche,Taycan Turbo S,N,False,0,89,222,0.0,0.0,0.0,0.0,Automatic (A2),109.8,0.0,106.2,0.0,Compact Cars,2023,7000,Taycan,,,,,EV,,,190 and 335 kW ACPM,PRX,,0.0,,Thu Oct 20 00:00:00 EDT 2022,Thu Oct 20 00:00:00 EDT 2022,N,0,0,0,,,,,,,,,0
0.108,0.0,0.0,10.5,76.86,0,0.0,0.0,43.8525,0.0,0,-1,0.0,0.0,75.7052,0,0.0,44.5214,0.0,0.0,,,All-Wheel Drive,755,,10,1000,0,Electricity,Electricity,10,-1,74.34,0,0.0,0.0,45.339,0.0,24,93,46029,0,0,Porsche,Taycan Turbo S Cross Turismo,N,False,0,0,222,0.0,0.0,0.0,0.0,Automatic (A2),109.8,0.0,106.2,0.0,Midsize Cars,2023,7000,Taycan,,,,,EV,,,190 and 335 kW ACPM,PRX,,0.0,,Thu Oct 20 00:00:00 EDT 2022,Thu Oct 20 00:00:00 EDT 2022,N,0,0,0,,,,,,,,,2
0.0744,0.0,0.0,11.0,119.42,0,0.0,0.0,28.2239,0.0,0,-1,0.0,0.0,108.9582,0,0.0,30.9339,0.0,0.0,,,All-Wheel Drive,81,,10,700,0,Electricity,Electricity,10,-1,98.42,0,0.0,0.0,34.2461,0.0,0,0,46030,0,0,Subaru,Solterra AWD,N,False,0,0,228,0.0,0.0,0.0,0.0,Automatic (A1),170.6,0.0,140.6,0.0,Small Sport Utility Vehicle 4WD,2023,8500,Solterra,,,,,EV,,,TBD,FJX,,0.0,,Thu Oct 20 00:00:00 EDT 2022,Wed Oct 26 00:00:00 EDT 2022,N,0,0,0,,,,,,,,,2
0.0768,0.0,0.0,11.0,114.38,0,0.0,0.0,29.4676,0.0,0,-1,0.0,0.0,104.9103,0,0.0,32.1274,0.0,0.0,,,All-Wheel Drive,82,,10,700,0,Electricity,Electricity,10,-1,95.27,0,0.0,0.0,35.3784,0.0,0,0,46031,0,0,Subaru,Solterra Limited/Touring AWD,N,False,0,0,222,0.0,0.0,0.0,0.0,Automatic (A1),163.4,0.0,136.1,0.0,Small Sport Utility Vehicle 4WD,2023,8500,Solterra,,,,,EV,,,TBD,FJX,,0.0,,Thu Oct 20 00:00:00 EDT 2022,Wed Oct 26 00:00:00 EDT 2022,N,0,0,0,,,,,,,,,3
0.0744,0.0,0.0,6.0,115.15,0,0.0,0.0,29.2705,0.0,0,-1,0.0,0.0,107.0791,0,0.0,31.4767,0.0,0.0,,,Rear-Wheel Drive,311,,10,700,0,Electricity,Electricity,10,-1,98.63,0,0.0,0.0,34.1732,0.0,0,0,46032,0,30,Volkswagen,ID.4,N,False,0,100,209,0.0,0.0,0.0,0.0,Automatic (A1),164.5,0.0,140.9,0.0,Small Sport Utility Vehicle 2WD,2023,8500,ID.4,,,,,EV,,,150 kW AC 3-Phase,VGA,,0.0,,Thu Oct 20 00:00:00 EDT 2022,Thu Oct 19 00:00:00 EDT 2023,N,0,0,0,77.0,,7.0,,11.0,135.0,CCS2,,1
0.0815999999999999,0.0,0.0,7.5,104.23,0,0.0,0.0,32.3371,0.0,0,-1,0.0,0.0,98.6237,0,0.0,34.1754,0.0,0.0,,,All-Wheel Drive,308,,10,750,0,Electricity,Electricity,10,-1,92.54,0,0.0,0.0,36.4221,0.0,0,0,46033,0,30,Volkswagen,ID.4 AWD Pro,N,False,0,100,255,0.0,0.0,0.0,0.0,Automatic (A1),148.9,0.0,132.2,0.0,Small Sport Utility Vehicle 4WD,2023,8250,ID.4,,,,,EV,,,TBD,VGA,,0.0,,Thu Oct 20 00:00:00 EDT 2022,Thu Oct 19 00:00:00 EDT 2023,N,0,0,0,77.0,,7.0,,11.0,135.0,CCS2,,1
0.0815999999999999,0.0,0.0,7.5,104.23,0,0.0,0.0,32.3371,0.0,0,-1,0.0,0.0,98.6237,0,0.0,34.1754,0.0,0.0,,,All-Wheel Drive,306,,10,750,0,Electricity,Electricity,10,-1,92.54,0,0.0,0.0,36.4221,0.0,0,0,46034,0,30,Volkswagen,ID.4 AWD Pro S,N,False,0,100,255,0.0,0.0,0.0,0.0,Automatic (A1),148.9,0.0,132.2,0.0,Small Sport Utility Vehicle 4WD,2023,8250,ID.4,,,,,EV,,,TBD,VGA,,0.0,,Thu Oct 20 00:00:00 EDT 2022,Thu Oct 19 00:00:00 EDT 2023,N,0,0,0,,,,,,,,,1
0.0768,0.0,0.0,7.5,115.15,0,0.0,0.0,29.2705,0.0,0,-1,0.0,0.0,106.8932,0,0.0,31.5315,0.0,0.0,,,Rear-Wheel Drive,309,,10,700,0,Electricity,Electricity,10,-1,98.28,0,0.0,0.0,34.2949,0.0,0,0,46035,0,30,Volkswagen,ID.4 Pro,N,False,0,100,275,0.0,0.0,0.0,0.0,Automatic (A1),164.5,0.0,140.4,0.0,Small Sport Utility Vehicle 2WD,2023,8500,ID.4,,,,,EV,,,150 kW AC 3-Phase,VGA,,0.0,,Thu Oct 20 00:00:00 EDT 2022,Thu Oct 19 00:00:00 EDT 2023,N,0,0,0,77.0,,7.0,,11.0,135.0,CCS2,,1
0.0768,0.0,0.0,7.5,115.15,0,0.0,0.0,29.2705,0.0,0,-1,0.0,0.0,106.8932,0,0.0,31.5315,0.0,0.0,,,Rear-Wheel Drive,307,,10,700,0,Electricity,Electricity,10,-1,98.28,0,0.0,0.0,34.2949,0.0,0,0,46036,0,30,Volkswagen,ID.4 Pro S,N,False,0,100,275,0.0,0.0,0.0,0.0,Automatic (A1),164.5,0.0,140.4,0.0,Small Sport Utility Vehicle 2WD,2023,8500,ID.4,,,,,EV,,,150 kW AC 3-Phase,VGA,,0.0,,Thu Oct 20 00:00:00 EDT 2022,Thu Oct 19 00:00:00 EDT 2023,N,0,0,0,,,,,,,,,3
0.0744,0.0,0.0,6.0,115.15,0,0.0,0.0,29.2705,0.0,0,-1,0.0,0.0,107.0791,0,0.0,31.4767,0.0,0.0,,,Rear-Wheel Drive,310,,10,700,0,Electricity,Electricity,10,-1,98.63,0,0.0,0.0,34.1732,0.0,0,0,46037,0,30,Volkswagen,ID.4 S,N,False,0,100,209,0.0,0.0,0.0,0.0,Automatic (A1),164.5,0.0,140.9,0.0,Small Sport Utility Vehicle 2WD,2023,8500,ID.4,,,,,EV,,,150 kW AC 3-Phase,VGA,,0.0,,Thu Oct 20 00:00:00 EDT 2022,Thu Oct 19 00:00:00 EDT 2023,N,0,0,0,,,,,,,,,3
0.0624,0.0,0.0,11.5,134.2791,0,0.0,0.0,25.1007,0.0,0,-1,0.0,0.0,130.5194,0,0.0,25.8238,0.0,0.0,,,All-Wheel Drive,35,,10,600,0,Electricity,Electricity,10,-1,126.2005,0,0.0,0.0,26.7075,0.0,0,0,46204,0,15,Tesla,Model 3 Long Range AWD,N,False,0,97,358,367.5,0.0,345.4,0.0,Automatic (A1),184.5,0.0,173.4,0.0,Midsize Cars,2023,9000,Model 3,,,,,EV,,,98 and 195 kW AC 3-Phase,TSL,standard charger,0.0,with 48A high power charger connector option,Tue Nov 08 00:00:00 EST 2022,Thu Oct 19 00:00:00 EDT 2023,N,0,0,0,75.0,,6.8,,11.0,250.0,NACS,,3
0.072,0.0,0.0,10.0,117.5346,0,0.0,0.0,28.6767,0.0,0,-1,0.0,0.0,112.5105,0,0.0,29.9572,0.0,0.0,,,All-Wheel Drive,38,,10,650,0,Electricity,Electricity,10,-1,106.9243,0,0.0,0.0,31.5223,0.0,0,0,46205,0,15,Tesla,Model 3 Performance AWD,N,False,0,97,315,328.7,0.0,299.0,0.0,Automatic (A1),157.3,0.0,143.1,0.0,Midsize Cars,2023,8750,Model 3,,,,,EV,,,131 and 190 kW AC 3-Phase,TSL,standard charger,0.0,with 48A high power charger connector option,Tue Nov 08 00:00:00 EST 2022,Thu Oct 19 00:00:00 EDT 2023,N,0,0,0,75.0,,6.8,,11.0,250.0,NACS,,3
0.06,0.0,0.0,10.4,137.5297,0,0.0,0.0,24.5074,0.0,0,-1,0.0,0.0,132.2131,0,0.0,25.4929,0.0,0.0,,,Rear-Wheel Drive,31,,10,550,0,Electricity,Electricity,10,-1,126.2482,0,0.0,0.0,26.6974,0.0,0,0,46206,0,15,Tesla,Model 3 RWD,Y,False,0,97,272,284.0,0.0,260.6,0.0,Automatic (A1),185.3,0.0,170.1,0.0,Midsize Cars,2023,9250,Model 3,,,,,EV,,,192 kW AC 3-Phase,TSL,standard charger,0.0,with 48A high power charger connector option,Tue Nov 08 00:00:00 EST 2022,Thu Oct 19 00:00:00 EDT 2023,N,0,0,0,75.0,,6.8,,11.0,250.0,NACS,,3
0.0672,0.0,0.0,15.0,124.0887,0,0.0,0.0,27.162,0.0,0,-1,0.0,0.0,119.6064,0,0.0,28.1799,0.0,0.0,,,All-Wheel Drive,58,,10,650,0,Electricity,Electricity,10,-1,114.5492,0,0.0,0.0,29.424,0.0,26,94,46207,0,0,Tesla,Model S,N,False,0,0,405,420.0,0.0,387.7,0.0,Automatic (A1),163.9,0.0,151.3,0.0,Large Cars,2023,8750,Model S,,,,,EV,,,247 and 247 kW AC 3-Phase,TSL,standard charger,0.0,with 72A high power charger connector option,Tue Nov 08 00:00:00 EST 2022,Wed Nov 30 00:00:00 EST 2022,N,0,0,0,95.0,,8.6,,11.0,250.0,NACS,,3
0.0791999999999999,0.0,0.0,14.0,106.5571,0,0.0,0.0,31.6309,0.0,0,-1,0.0,0.0,101.8783,0,0.0,33.0836,0.0,0.0,,,All-Wheel Drive,73,,10,750,0,Electricity,Electricity,10,-1,96.6893,0,0.0,0.0,34.8591,0.0,0,0,46208,0,0,Tesla,Model X,N,False,0,0,348,0.0,0.0,0.0,0.0,Automatic (A1),144.7,0.0,131.3,0.0,Standard Sport Utility Vehicle 4WD,2023,8250,Model X,,,,,EV,,,243 and 248 kW AC 3-Phase,TSL,standard charger,0.0,with 72A high power charger connector option,Tue Nov 08 00:00:00 EST 2022,Wed Nov 30 00:00:00 EST 2022,N,0,0,0,95.0,,8.6,,11.0,250.0,NACS,,3
0.0815999999999999,0.0,0.0,14.0,102.6153,0,0.0,0.0,32.846,0.0,0,-1,0.0,0.0,98.0856,0,0.0,34.3629,0.0,0.0,,,All-Wheel Drive,76,,10,750,0,Electricity,Electricity,10,-1,93.0645,0,0.0,0.0,36.2168,0.0,0,0,46209,0,0,Tesla,Model X Plaid (20 inch wheels),N,False,0,0,333,0.0,0.0,0.0,0.0,Automatic (A1),138.6,0.0,125.7,0.0,Standard Sport Utility Vehicle 4WD,2023,8250,Model X,,,,,EV,,,"230, 230 and 230 kW AC 3-Phase",TSL,standard charger,0.0,with 72A high power charger connector option,Tue Nov 08 00:00:00 EST 2022,Wed Nov 30 00:00:00 EST 2022,N,0,0,0,,,,,,,,,3
0.0887999999999999,0.0,0.0,14.0,94.027,0,0.0,0.0,35.8461,0.0,0,-1,0.0,0.0,91.3018,0,0.0,36.916,0.0,0.0,,,All-Wheel Drive,74,,10,850,0,Electricity,Electricity,10,-1,88.1781,0,0.0,0.0,38.2238,0.0,0,0,46210,0,0,Tesla,Model X Plaid (22 inch wheels),N,False,0,0,311,0.0,0.0,0.0,0.0,Automatic (A1),127.0,0.0,119.1,0.0,Standard Sport Utility Vehicle 4WD,2023,7750,Model X,,,,,EV,,,"230, 230 and 230 kW AC 3-Phase",TSL,standard charger,0.0,with 72A high power charger connector option,Tue Nov 08 00:00:00 EST 2022,Wed Nov 30 00:00:00 EST 2022,N,0,0,0,,,,,,,,,3
0.0672,0.0,0.0,9.4,128.5031,0,0.0,0.0,26.2289,0.0,0,-1,0.0,0.0,122.5115,0,0.0,27.5117,0.0,0.0,,,All-Wheel Drive,44,,10,600,0,Electricity,Electricity,10,-1,115.9063,0,0.0,0.0,29.0795,0.0,0,0,46211,0,0,Tesla,Model Y AWD,Y,False,0,0,279,291.9,0.0,263.3,0.0,Automatic (A1),167.3,0.0,150.9,0.0,Small Sport Utility Vehicle 4WD,2023,9000,Model Y,,,,,EV,,,91 and 200 kW AC 3-Phase,TSL,standard charger,0.0,with 72A high power charger connector option,Tue Nov 08 00:00:00 EST 2022,Thu Oct 19 00:00:00 EDT 2023,N,0,0,0,79.0,,7.2,,11.0,250.0,NACS,,3
0.0672,0.0,0.0,11.5,126.5829,0,0.0,0.0,26.6268,0.0,0,-1,0.0,0.0,121.9989,0,0.0,27.6273,0.0,0.0,,,All-Wheel Drive,45,,10,600,0,Electricity,Electricity,10,-1,116.828,0,0.0,0.0,28.8501,0.0,0,0,46212,0,0,Tesla,Model Y Long Range AWD,Y,False,0,0,330,342.2,0.0,315.7,0.0,Automatic (A1),164.8,0.0,152.1,0.0,Small Sport Utility Vehicle 4WD,2023,9000,Model Y,,,,,EV,,,91 and 200 kW AC 3-Phase,TSL,standard charger,0.0,with 72A high power charger connector option,Tue Nov 08 00:00:00 EST 2022,Thu Oct 19 00:00:00 EDT 2023,N,0,0,0,79.0,,7.2,,11.0,250.0,NACS,,3
0.072,0.0,0.0,11.8,114.9078,0,0.0,0.0,29.3322,0.0,0,-1,0.0,0.0,110.5307,0,0.0,30.4938,0.0,0.0,,,All-Wheel Drive,47,,10,700,0,Electricity,Electricity,10,-1,105.6138,0,0.0,0.0,31.9135,0.0,0,0,46213,0,0,Tesla,Model Y Performance AWD,N,False,0,0,303,0.0,0.0,0.0,0.0,Automatic (A1),149.6,0.0,137.5,0.0,Small Sport Utility Vehicle 4WD,2023,8500,Model Y,,,,,EV,,,133 and 179 kW AC 3-Phase,TSL,standard charger,0.0,with 72A high power charger connector option,Tue Nov 08 00:00:00 EST 2022,Thu Oct 19 00:00:00 EDT 2023,N,0,0,0,79.0,,7.2,,11.0,250.0,NACS,,3
8.391211324973263,6.467608695652174,0.0,3.0,17.2268,43,43.3334,0.0,79.0,0.46,251,-1,0.0,251.0,19.0614,46,45.9439,74.0,0.0,0.473,6.0,2.9,All-Wheel Drive,400,SIDI; PHEV,5,4300,0,Premium and Electricity,Premium Gasoline,7,-1,21.9137,50,49.5956,0.0,68.0,0.489,0,0,46245,13,0,Bentley,Flying Spur Hybrid,N,True,102,0,430,0.0,20.18,0.0,22.21,Automatic (AM-S8),21.5,60.0,30.5,70.8,Midsize Cars,2023,-3250,Flying Spur,,,T,,Plug-in Hybrid,Electricity,21.0,103 kW AC Induction,VGA,,0.0,,Mon Dec 05 00:00:00 EST 2022,Mon Jul 31 00:00:00 EDT 2023,Y,24,30,26,,,,,,,,,0
6.0767599435344835,4.64859375,0.0,3.0,24.4239,59,58.9791,0.0,50.0,0.469,178,-1,0.0,178.0,26.4581,64,64.2312,49.0,0.0,0.474,4.0,2.0,Rear-Wheel Drive,536,,7,3150,0,Premium and Electricity,Premium Gasoline,8,-1,29.4566,72,72.0758,0.0,48.0,0.48,0,0,46246,0,10,BMW,530e Sedan,N,True,0,99,340,0.0,20.81,0.0,21.54,Automatic (S8),32.2,84.3,41.8,103.0,Compact Cars,2023,1000,5 Series,,,T,,Plug-in Hybrid,Electricity,21.0,80 kW PMSM,BMX,,0.0,,Mon Dec 05 00:00:00 EST 2022,Thu Jun 01 00:00:00 EDT 2023,Y,34,41,37,,,,,,,,,0
6.855467967857143,4.7985483870967744,0.0,3.0,22.4103,59,58.5155,0.0,56.0,0.435,203,-1,0.0,203.0,24.6751,62,62.0523,53.0,0.0,0.445,4.0,2.0,All-Wheel Drive,537,,6,3250,0,Premium and Electricity,Premium Gasoline,8,-1,28.1525,67,67.002,0.0,50.0,0.457,0,0,46247,0,10,BMW,530e xDrive Sedan,N,True,0,99,320,0.0,18.59,0.0,20.0,Automatic (S8),29.5,82.6,40.5,95.7,Compact Cars,2023,0,5 Series,,,T,,Plug-in Hybrid,Electricity,19.0,80 kW PMSM,BMX,,0.0,,Mon Dec 05 00:00:00 EST 2022,Thu Jun 01 00:00:00 EDT 2023,Y,30,38,33,,,,,,,,,0
6.005723744928231,5.950200000000001,0.0,5.0,19.2381,47,46.8923,0.2,63.0,0.595,178,-1,0.0,178.0,20.4271,50,49.9315,63.0,0.1,0.598,6.0,3.0,All-Wheel Drive,576,,6,4100,0,Premium and Electricity,Premium Gasoline,8,-1,22.0961,54,54.2272,0.0,62.0,0.601,0,0,46248,0,0,BMW,X5 xDrive45e,N,True,0,0,400,0.0,30.87,0.0,31.43,Automatic (S8),24.3,66.4,31.9,77.4,Standard Sport Utility Vehicle 4WD,2023,-500,X5,,,T,,Plug-in Hybrid,Electricity,31.0,83 kW PMSM,BMX,,0.0,,Mon Dec 05 00:00:00 EST 2022,Wed May 17 00:00:00 EDT 2023,Y,30,34,32,,,,,,,,,0
4.022632882758621,3.6281707317073177,0.0,2.0,29.4158,87,86.6743,0.0,39.0,0.63,119,-1,0.0,119.0,29.5207,82,81.9715,41.0,0.0,0.609,6.0,3.6,Front-Wheel Drive,559,,8,2250,0,Regular Gas and Electricity,Regular Gasoline,10,-1,29.6499,77,76.8735,0.0,45.0,0.58,0,0,46249,0,0,Chrysler,Pacifica Hybrid,N,True,0,0,520,0.0,34.41,0.0,29.49,Automatic (variable gear ratios),42.7429,123.6,42.7998,109.8,Minivan - 2WD,2023,4750,Pacifica,,,,,Plug-in Hybrid,Electricity,32.0,89 kW AC Induction,CRX,,0.0,,Mon Dec 05 00:00:00 EST 2022,Thu Oct 19 00:00:00 EDT 2023,Y,50,46,48,,,,,,,,,0
3.7725972525,3.914605263157895,0.0,3.4,33.3209,79,79.4117,0.0,42.0,0.613,111,-1,0.0,111.0,32.7897,76,75.8328,44.0,0.0,0.595,4.0,1.6,All-Wheel Drive,67,,8,2050,0,Regular Gas and Electricity,Regular Gasoline,10,-1,32.163,72,71.8737,0.0,47.0,0.572,0,0,46250,0,0,Hyundai,Santa Fe Plug-in Hybrid,N,True,0,0,440,0.0,32.67,0.0,28.7,Automatic (AM-S6),45.8,113.3,43.7,102.7,Small Sport Utility Vehicle 4WD,2023,4750,Santa Fe,,,T,,Plug-in Hybrid,Electricity,31.0,67 kW AC PMSM,HYX,,0.0,,Mon Dec 05 00:00:00 EST 2022,Wed May 17 00:00:00 EDT 2023,Y,51,47,49,,,,,,,,,2
3.3585405342857144,3.718875,0.0,1.7,34.7293,87,86.8074,0.0,39.0,0.636,100,-1,0.0,100.0,35.0164,80,80.4782,42.0,0.0,0.616,4.0,1.6,All-Wheel Drive,64,,9,1950,0,Regular Gas and Electricity,Regular Gasoline,10,-1,35.3739,74,73.8934,0.0,46.0,0.583,0,0,46251,0,0,Hyundai,Tucson Plug-in Hybrid,N,True,0,0,420,0.0,35.03,0.0,29.72,Automatic (AM-S6),47.9,124.0,45.9,105.6,Small Sport Utility Vehicle 4WD,2023,5250,Tucson,,,T,,Plug-in Hybrid,Electricity,33.0,67 kW AC PMSM,HYX,,0.0,,Mon Dec 05 00:00:00 EST 2022,Wed May 17 00:00:00 EDT 2023,Y,56,50,53,,,,,,,,,2
7.72046571,6.071632653061224,0.0,2.4,20.3076,52,51.8439,0.0,65.0,0.498,230,-1,0.0,230.0,20.0927,49,48.7766,68.0,0.0,0.487,4.0,2.0,4-Wheel Drive,532,,6,3400,0,Regular Gas and Electricity,Regular Gasoline,7,-1,19.8362,45,45.4873,0.0,71.0,0.472,0,0,46252,0,0,Jeep,Wrangler 4dr 4xe,N,True,0,0,370,0.0,22.85,0.0,21.0,Automatic 8-spd,27.6,73.4,29.8,65.0,Small Sport Utility Vehicle 4WD,2023,-250,Wrangler,,,T,,Plug-in Hybrid,Electricity,22.0,100 kW AC Induction,CRX,,0.0,,Mon Dec 05 00:00:00 EST 2022,Wed May 17 00:00:00 EDT 2023,Y,29,27,28,,,,,,,,,0
5.960971404130435,5.312678571428571,0.0,3.4,22.8474,57,56.7442,0.0,58.0,0.538,177,-1,0.0,177.0,23.4786,56,56.4237,58.0,0.0,0.536,4.0,2.0,4-Wheel Drive,507,,7,2950,0,Regular Gas and Electricity,Regular Gasoline,8,-1,24.299,56,56.0369,0.0,58.0,0.534,0,0,46253,0,0,Jeep,Grand Cherokee 4xe,Y,True,0,0,470,0.0,25.87,0.0,25.58,Automatic 8-spd,30.3,81.1,37.4,80.1,Standard Sport Utility Vehicle 4WD,2023,1750,Grand Cherokee,,,T,,Plug-in Hybrid,Electricity,26.0,100 kW AC Induction,CRX,,0.0,,Mon Dec 05 00:00:00 EST 2022,Wed May 17 00:00:00 EDT 2023,Y,33,35,34,,,,,,,,,0
2.964494814258374,3.5417857142857145,0.0,4.5,37.5894,93,92.8124,0.0,36.0,0.686,87,-1,0.0,87.0,35.517,84,84.0132,40.0,0.0,0.657,4.0,2.5,All-Wheel Drive,127,,9,2250,0,Premium and Electricity,Premium Gasoline,10,-1,33.2748,75,75.2892,0.0,45.0,0.618,0,0,46254,0,0,Lexus,NX 450h Plus AWD,N,True,0,0,550,0.0,41.08,0.0,33.1,Automatic (AV-S6),49.6499,132.6,47.5499,107.6,Small Sport Utility Vehicle 4WD,2023,5000,NX,,,,,Plug-in Hybrid,Electricity,37.0,40 and 134 kW AC Induction,TYX,,0.0,,Mon Dec 05 00:00:00 EST 2022,Thu Jun 01 00:00:00 EDT 2023,Y,63,50,57,,,,,,,,,2
6.84143193,5.312678571428571,0.0,3.5,21.5376,54,54.0939,0.0,62.0,0.463,209,-1,0.0,209.0,22.8265,56,55.6738,60.0,0.0,0.471,6.0,3.0,Part-time 4-Wheel Drive,12,,5,2950,0,Regular Gas and Electricity,Regular Gasoline,8,-1,24.6279,58,57.7348,0.0,58.0,0.481,0,0,46255,0,0,Lincoln,Aviator PHEV AWD,N,True,0,0,460,0.0,20.44,0.0,21.59,Automatic (S10),27.4,76.7,34.6,82.5,Standard Sport Utility Vehicle 4WD,2023,1250,Aviator,,,T,,Plug-in Hybrid,Electricity,21.0,74 kW DCPM,FMX,,0.0,,Mon Dec 05 00:00:00 EST 2022,Wed May 17 00:00:00 EDT 2023,Y,29,34,31,,,,,,,,,1
7.639498974285714,5.721346153846154,0.0,3.0,20.6091,50,50.2436,0.0,67.0,0.429,232,-1,0.0,232.0,21.8432,52,51.9177,64.0,0.0,0.434,6.0,2.9,All-Wheel Drive,607,,6,3700,0,Premium and Electricity,Premium Gasoline,7,-1,23.5681,54,54.1218,0.0,60.0,0.44,27,98,46256,0,0,Porsche,Panamera 4 e-Hybrid,N,True,0,0,480,0.0,18.21,0.0,18.91,Automatic (AM-S8),26.1,70.9,33.0,77.3,Large Cars,2023,-1500,Panamera,,,T,,Plug-in Hybrid,Electricity,19.0,70 kW DC Brushless,PRX,,0.0,,Mon Dec 05 00:00:00 EST 2022,Wed May 17 00:00:00 EDT 2023,Y,27,31,29,,,,,,,,,0
7.775361276149069,5.950200000000001,0.0,3.0,20.6304,49,49.0137,0.0,68.0,0.43,236,-1,0.0,236.0,21.7773,50,49.9494,66.0,0.0,0.434,6.0,2.9,All-Wheel Drive,627,,6,3700,0,Premium and Electricity,Premium Gasoline,7,-1,23.3649,51,51.1427,0.0,63.0,0.439,27,98,46257,0,0,Porsche,Panamera 4S E-Hybrid,N,True,0,0,480,0.0,18.3,0.0,18.89,Automatic (AM-S8),26.1,69.1,32.7,73.1,Large Cars,2023,-1750,Panamera,,,T,,Plug-in Hybrid,Electricity,19.0,70 kW DC Brushless,PRX,,0.0,,Mon Dec 05 00:00:00 EST 2022,Wed May 17 00:00:00 EDT 2023,Y,27,30,28,,,,,,,,,0
9.010980938181818,6.198125,0.0,3.0,17.8416,45,45.4844,0.0,74.0,0.406,274,-1,0.0,274.0,19.3859,48,47.7935,70.0,0.0,0.411,8.0,4.0,All-Wheel Drive,647,,5,4300,0,Premium and Electricity,Premium Gasoline,6,-1,21.6794,51,50.9551,0.0,66.0,0.418,27,98,46258,0,0,Porsche,Panamera Turbo S e-Hybrid,N,True,0,0,430,0.0,16.86,0.0,17.58,Automatic (AM-S8),22.3,64.2,30.1,72.7,Large Cars,2023,-3500,Panamera,,,T,,Plug-in Hybrid,Electricity,17.0,100 kW DC Brushless,PRX,,0.0,,Mon Dec 05 00:00:00 EST 2022,Wed May 17 00:00:00 EDT 2023,Y,24,28,25,,,,,,,,,0
10.42511988264706,7.083571428571429,0.0,3.0,17.0142,40,40.2439,0.0,87.0,0.366,320,-1,0.0,320.0,18.052,42,41.7939,82.0,0.0,0.366,8.0,4.0,All-Wheel Drive,447,,5,4550,0,Premium and Electricity,Premium Gasoline,6,-1,19.5061,44,43.8584,0.0,76.0,0.365,0,0,46259,0,0,Porsche,Cayenne Turbo S e-Hybrid,N,True,0,0,370,0.0,14.66,0.0,14.6,Automatic (S8),21.2,54.6,26.9,62.6,Standard Sport Utility Vehicle 4WD,2023,-5500,Cayenne,,,T,,Plug-in Hybrid,Electricity,15.0,99 kW DC Brushless,PRX,,0.0,,Mon Dec 05 00:00:00 EST 2022,Wed May 17 00:00:00 EDT 2023,Y,21,23,22,,,,,,,,,0
10.42511988264706,7.083571428571429,0.0,3.0,17.0142,40,40.2439,0.0,87.0,0.366,320,-1,0.0,320.0,18.052,42,41.7939,82.0,0.0,0.366,8.0,4.0,All-Wheel Drive,457,,5,4550,0,Premium and Electricity,Premium Gasoline,6,-1,19.5061,44,43.8584,0.0,76.0,0.365,0,0,46260,0,0,Porsche,Cayenne Turbo S e-Hybrid Coupe,N,True,0,0,370,0.0,14.66,0.0,14.6,Automatic (S8),21.2,54.6,26.9,62.6,Standard Sport Utility Vehicle 4WD,2023,-5500,Cayenne,,,T,,Plug-in Hybrid,Electricity,15.0,99 kW DC Brushless,PRX,,0.0,,Mon Dec 05 00:00:00 EST 2022,Wed May 17 00:00:00 EDT 2023,Y,21,23,22,,,,,,,,,3
3.448531986818182,4.507727272727273,0.0,5.0,28.0777,66,69.0027,0.1,49.0,0.657,110,-1,0.0,110.0,30.2707,66,69.6786,48.0,0.1,0.66,4.0,2.0,All-Wheel Drive,219,,8,2700,0,Premium and Electricity,Premium Gasoline,10,-1,33.4653,67,70.5228,0.0,48.0,0.663,0,0,46261,0,14,Volvo,S90 T8 AWD Recharge ext. Range,N,True,0,102,520,0.0,37.48,0.0,38.22,Automatic (S8),36.8,98.4,48.5,100.7,Midsize Cars,2023,3500,S90,,,T,S,Plug-in Hybrid,Electricity,38.0,34 and 107 kW 3-phase Sync.,VVX,,0.0,,Mon Dec 05 00:00:00 EST 2022,Fri Jun 23 00:00:00 EDT 2023,Y,45,49,47,,,,,,,,,3
3.1058686781818183,4.0204054054054055,0.0,5.0,29.5533,74,77.5276,0.1,44.0,0.684,99,-1,0.0,99.0,30.8507,74,77.3809,44.0,0.1,0.681,4.0,2.0,All-Wheel Drive,214,,9,2650,0,Premium and Electricity,Premium Gasoline,10,-1,32.5998,73,77.2023,0.0,44.0,0.677,0,0,46262,0,29,Volvo,V60 T8 AWD Recharge ext. Range,N,True,0,94,530,0.0,40.85,0.0,39.97,Automatic (S8),39.0,110.8,47.1,110.3,Small Station Wagons,2023,4250,V60,,,T,,Plug-in Hybrid,Electricity,40.0,34 and 107 kW 3-phase Sync.,VVX,,0.0,,Mon Dec 05 00:00:00 EST 2022,Fri Jun 23 00:00:00 EDT 2023,Y,50,53,52,,,,,,,,,3
0.0624,0.0,0.0,13.0,130.1653,0,0.0,0.0,25.894,0.0,0,-1,0.0,0.0,131.1017,0,0.0,25.709,0.0,0.0,,,All-Wheel Drive,5,,10,600,0,Electricity,Electricity,10,-1,132.2647,0,0.0,0.0,25.483,0.0,0,0,46303,0,32,Lucid,Air G Touring XR AWD with 19 inch wheels,N,False,0,99,516,0.0,0.0,0.0,0.0,Automatic (A1),173.56,0.0,176.36,0.0,Large Cars,2023,9000,Air,,,,,EV,,,370 and 459kW ACPM,LMU,,0.0,,Mon Dec 12 00:00:00 EST 2022,Thu Oct 19 00:00:00 EDT 2023,N,0,0,0,,,,,,,,,3
0.0672,0.0,0.0,13.0,120.5678,0,0.0,0.0,27.9552,0.0,0,-1,0.0,0.0,121.2714,0,0.0,27.793,0.0,0.0,,,All-Wheel Drive,9,,10,650,0,Electricity,Electricity,10,-1,122.1424,0,0.0,0.0,27.5948,0.0,0,0,46304,0,32,Lucid,Air G Touring XR AWD with 20 inch wheels,N,False,0,99,469,0.0,0.0,0.0,0.0,Automatic (A1),160.8,0.0,162.9,0.0,Large Cars,2023,8750,Air,,,,,EV,,,370 and 370kW ACPM,LMU,,0.0,,Mon Dec 12 00:00:00 EST 2022,Thu Oct 19 00:00:00 EDT 2023,N,0,0,0,,,,,,,,,1
0.0672,0.0,0.0,13.0,120.5678,0,0.0,0.0,27.9552,0.0,0,-1,0.0,0.0,121.2714,0,0.0,27.793,0.0,0.0,,,All-Wheel Drive,6,,10,650,0,Electricity,Electricity,10,-1,122.1424,0,0.0,0.0,27.5948,0.0,0,0,46305,0,32,Lucid,Air G Touring XR AWD with 21 inch wheels,N,False,0,99,469,0.0,0.0,0.0,0.0,Automatic (A1),160.8,0.0,162.9,0.0,Large Cars,2023,8750,Air,,,,,EV,,,TBD,LMU,,0.0,,Mon Dec 12 00:00:00 EST 2022,Thu Oct 19 00:00:00 EDT 2023,N,0,0,0,,,,,,,,,1
0.072,0.0,0.0,13.0,110.1456,0,0.0,0.0,30.6004,0.0,0,-1,0.0,0.0,110.6155,0,0.0,30.4704,0.0,0.0,,,All-Wheel Drive,8,,10,700,0,Electricity,Electricity,10,-1,111.1953,0,0.0,0.0,30.3115,0.0,0,0,46306,0,32,Lucid,Air GT P AWD with 21 inch wheels,N,False,0,99,446,0.0,0.0,0.0,0.0,Automatic (A1),146.8627,0.0,148.3495,0.0,Large Cars,2023,8500,Air,,,,,EV,,,TBD,LMU,,0.0,,Mon Dec 12 00:00:00 EST 2022,Thu Oct 19 00:00:00 EDT 2023,N,0,0,0,,,,,,,,,1
0.0576,0.0,0.0,10.0,140.5125,0,0.0,0.0,23.9872,0.0,0,-1,0.0,0.0,140.3436,0,0.0,24.0616,0.0,0.0,,,All-Wheel Drive,13,,10,550,0,Electricity,Electricity,10,-1,140.1376,0,0.0,0.0,24.0514,0.0,0,0,46307,0,32,Lucid,Air Pure AWD with 19 inch wheels,N,False,0,101,410,0.0,0.0,0.0,0.0,Automatic (A1),187.4,0.0,186.9,0.0,Large Cars,2023,9250,Air,,,,,EV,,,TBD,LMU,,0.0,,Mon Dec 12 00:00:00 EST 2022,Thu Oct 19 00:00:00 EDT 2023,N,0,0,0,,,,,,,,,1
0.0672,0.0,0.0,10.0,121.4676,0,0.0,0.0,27.7481,0.0,0,-1,0.0,0.0,120.993,0,0.0,27.857,0.0,0.0,,,All-Wheel Drive,14,,10,650,0,Electricity,Electricity,10,-1,120.4179,0,0.0,0.0,27.99,0.0,0,0,46308,0,32,Lucid,Air Pure AWD with 20 inch wheels,N,False,0,101,384,0.0,0.0,0.0,0.0,Automatic (A1),162.0,0.0,160.6,0.0,Large Cars,2023,8750,Air,,,,,EV,,,TBD,LMU,,0.0,,Mon Dec 12 00:00:00 EST 2022,Thu Oct 19 00:00:00 EDT 2023,N,0,0,0,,,,,,,,,1
0.0576,0.0,0.0,10.0,140.5125,0,0.0,0.0,23.9872,0.0,0,-1,0.0,0.0,140.3436,0,0.0,24.0616,0.0,0.0,,,All-Wheel Drive,10,,10,550,0,Electricity,Electricity,10,-1,140.1376,0,0.0,0.0,24.0514,0.0,0,0,46309,0,32,Lucid,Air Touring AWD with 19 inch wheels,N,False,0,101,425,0.0,0.0,0.0,0.0,Automatic (A1),187.4,0.0,186.9,0.0,Large Cars,2023,9250,Air,,,,,EV,,,TBD,LMU,,0.0,,Mon Dec 12 00:00:00 EST 2022,Thu Oct 19 00:00:00 EDT 2023,N,0,0,0,,,,,,,,,1
0.0672,0.0,0.0,10.0,121.4676,0,0.0,0.0,27.7481,0.0,0,-1,0.0,0.0,120.993,0,0.0,27.857,0.0,0.0,,,All-Wheel Drive,11,,10,650,0,Electricity,Electricity,10,-1,120.4179,0,0.0,0.0,27.99,0.0,0,0,46310,0,32,Lucid,Air Touring AWD with 20 inch wheels,N,False,0,101,384,0.0,0.0,0.0,0.0,Automatic (A1),162.0,0.0,160.6,0.0,Large Cars,2023,8750,Air,,,,,EV,,,TBD,LMU,,0.0,,Mon Dec 12 00:00:00 EST 2022,Thu Oct 19 00:00:00 EDT 2023,N,0,0,0,,,,,,,,,1
0.0672,0.0,0.0,10.0,121.4676,0,0.0,0.0,27.7481,0.0,0,-1,0.0,0.0,120.993,0,0.0,27.857,0.0,0.0,,,All-Wheel Drive,12,,10,650,0,Electricity,Electricity,10,-1,120.4179,0,0.0,0.0,27.99,0.0,0,0,46311,0,32,Lucid,Air Touring AWD with 21 inch wheels,N,False,0,101,384,0.0,0.0,0.0,0.0,Automatic (A1),162.0,0.0,160.6,0.0,Large Cars,2023,8750,Air,,,,,EV,,,TBD,LMU,,0.0,,Mon Dec 12 00:00:00 EST 2022,Thu Oct 19 00:00:00 EDT 2023,N,0,0,0,,,,,,,,,1
0.1248,0.0,0.0,13.0,68.7648,0,0.0,0.0,49.0149,0.0,0,-1,0.0,0.0,64.3506,0,0.0,52.3772,0.0,0.0,,,All-Wheel Drive,4,,9,1200,0,Electricity,Electricity,10,-1,59.6689,0,0.0,0.0,56.4867,0.0,0,0,46312,0,0,Rivian,R1T (20 inch wheels),N,False,0,0,289,0.0,0.0,0.0,0.0,Automatic (A1),94.5,0.0,82.0,0.0,Standard Pickup Trucks 4WD,2023,6000,R1T,,,,,EV,,,"162, 162, 163, 163kW AC 3-Phase",RIV,,0.0,,Wed Dec 21 00:00:00 EST 2022,Thu Oct 19 00:00:00 EDT 2023,N,0,0,0,,,,,,,,,1
0.1104,0.0,0.0,13.0,76.4177,0,0.0,0.0,44.1063,0.0,0,-1,0.0,0.0,73.0429,0,0.0,46.1441,0.0,0.0,,,All-Wheel Drive,1,,10,1050,0,Electricity,Electricity,10,-1,69.3022,0,0.0,0.0,48.6348,0.0,0,0,46313,0,0,Rivian,R1T (21 inch wheels),N,False,0,0,328,0.0,0.0,0.0,0.0,Automatic (A1),103.1,0.0,93.5,0.0,Standard Pickup Trucks 4WD,2023,6750,R1T,,,,,EV,,,"162, 162, 163, 163kW AC 3-Phase",RIV,,0.0,,Wed Dec 21 00:00:00 EST 2022,Thu Oct 19 00:00:00 EDT 2023,N,0,0,0,,,,,,,,,0
0.1176,0.0,0.0,13.0,72.9853,0,0.0,0.0,46.1805,0.0,0,-1,0.0,0.0,68.2876,0,0.0,49.3574,0.0,0.0,,,All-Wheel Drive,6,,9,1100,0,Electricity,Electricity,10,-1,63.3073,0,0.0,0.0,53.2403,0.0,0,0,46314,0,0,Rivian,R1T (22 inch wheels),N,False,0,0,303,0.0,0.0,0.0,0.0,Automatic (A1),100.3,0.0,87.0,0.0,Standard Pickup Trucks 4WD,2023,6500,R1T,,,,,EV,,,"162, 162, 163, 163kW AC 3-Phase",RIV,,0.0,,Wed Dec 21 00:00:00 EST 2022,Thu Oct 19 00:00:00 EDT 2023,N,0,0,0,,,,,,,,,0
0.1248,0.0,0.0,13.0,68.7648,0,0.0,0.0,49.0149,0.0,0,-1,0.0,0.0,64.3506,0,0.0,52.3772,0.0,0.0,,,All-Wheel Drive,3,,9,1200,0,Electricity,Electricity,10,-1,59.6689,0,0.0,0.0,56.4867,0.0,0,0,46315,0,0,Rivian,R1S (20 inch wheels),N,False,0,0,289,0.0,0.0,0.0,0.0,Automatic (A1),94.5,0.0,82.0,0.0,Standard Sport Utility Vehicle 4WD,2023,6000,R1S,,,,,EV,,,"162, 162, 163, 163kW AC 3-Phase",RIV,,0.0,,Wed Dec 21 00:00:00 EST 2022,Thu Oct 19 00:00:00 EDT 2023,N,0,0,0,,,,,,,,,0
0.1128,0.0,0.0,13.0,75.4594,0,0.0,0.0,44.6664,0.0,0,-1,0.0,0.0,71.1132,0,0.0,47.3963,0.0,0.0,,,All-Wheel Drive,2,,9,1050,0,Electricity,Electricity,10,-1,66.4363,0,0.0,0.0,50.7328,0.0,0,0,46316,0,0,Rivian,R1S (21 inch wheels),N,False,0,0,321,0.0,0.0,0.0,0.0,Automatic (A1),103.7,0.0,91.3,0.0,Standard Sport Utility Vehicle 4WD,2023,6750,R1S,,,,,EV,,,"162, 162, 163, 163kW AC 3-Phase",RIV,,0.0,,Wed Dec 21 00:00:00 EST 2022,Thu Oct 19 00:00:00 EDT 2023,N,0,0,0,,,,,,,,,0
0.1176,0.0,0.0,13.0,72.9853,0,0.0,0.0,46.1805,0.0,0,-1,0.0,0.0,68.2876,0,0.0,49.3574,0.0,0.0,,,All-Wheel Drive,5,,9,1100,0,Electricity,Electricity,10,-1,63.3073,0,0.0,0.0,53.2403,0.0,0,0,46317,0,0,Rivian,R1S (22 inch wheels),N,False,0,0,303,0.0,0.0,0.0,0.0,Automatic (A1),100.3,0.0,87.0,0.0,Standard Sport Utility Vehicle 4WD,2023,6500,R1S,,,,,EV,,,"162, 162, 163, 163kW AC 3-Phase",RIV,,0.0,,Wed Dec 21 00:00:00 EST 2022,Thu Oct 19 00:00:00 EDT 2023,N,0,0,0,,,,,,,,,0
0.1152,0.0,0.0,10.1,77.84,0,0.0,0.0,43.2857,0.0,0,-1,0.0,0.0,70.3404,0,0.0,47.9143,0.0,0.0,,,All-Wheel Drive,229,,9,1100,0,Electricity,Electricity,10,-1,62.93,0,0.0,0.0,47.9143,0.0,0,0,46327,0,0,Ford,F-150 Lightning 4WD Extended Range,N,False,0,0,320,350.2,0.0,283.1,0.0,Automatic (A1),111.2,0.0,89.9,0.0,Standard Pickup Trucks 4WD,2023,6500,F-150 Lightning,,,,,EV,,,210 and 210 kW AC PMSM,FMX,,0.0,,Wed Jan 11 00:00:00 EST 2023,Thu Oct 19 00:00:00 EDT 2023,N,0,0,0,,,,,,,,,0
0.1224,0.0,0.0,9.3,73.01,0,0.0,0.0,46.1429,0.0,0,-1,0.0,0.0,66.4363,0,0.0,50.7071,0.0,0.0,,,All-Wheel Drive,54,,9,1150,0,Electricity,Electricity,10,-1,59.85,0,0.0,0.0,50.7071,0.0,0,0,46328,0,0,Ford,F-150 Lightning Platinum 4WD,N,False,0,0,300,326.5,0.0,267.6,0.0,Automatic (A1),104.3,0.0,85.5,0.0,Standard Pickup Trucks 4WD,2023,6250,F-150 Lightning,,,,,EV,,,210 and 210 kW AC PMSM,FMX,,0.0,,Wed Jan 11 00:00:00 EST 2023,Thu Oct 19 00:00:00 EDT 2023,N,0,0,0,,,,,,,,,0
0.1176,0.0,0.0,11.9,76.23,0,0.0,0.0,44.2857,0.0,0,-1,0.0,0.0,68.3539,0,0.0,49.3643,0.0,0.0,,,All-Wheel Drive,52,,9,1100,0,Electricity,Electricity,10,-1,60.69,0,0.0,0.0,49.3643,0.0,0,0,46329,0,0,Ford,F-150 Lightning 4WD,N,False,0,0,240,0.0,0.0,0.0,0.0,Automatic (A1),108.9,0.0,86.7,0.0,Standard Pickup Trucks 4WD,2023,6500,F-150 Lightning,,,,,EV,,,358 and 358 kW AC PMSM,FMX,,0.0,,Wed Jan 11 00:00:00 EST 2023,Thu Oct 19 00:00:00 EDT 2023,N,0,0,0,123.0,,10.9,,11.3,155.0,CCS,4.3,0
0.1056,0.0,0.0,12.5,75.74,0,0.0,0.0,44.5009,0.0,0,-1,0.0,0.0,76.6402,0,0.0,43.9782,0.0,0.0,,,All-Wheel Drive,900,,10,1000,0,Electricity,Electricity,10,-1,77.77,0,0.0,0.0,43.3393,0.0,0,0,46330,0,35,Mercedes-Benz,AMG EQS 4matic Plus,N,False,0,103,277,273.9,0.0,281.3,0.0,Automatic (A1),108.2,0.0,111.1,0.0,Large Cars,2022,7000,EQS,,,,,EV,,,174 and 310 kW AC 3-Phase,MBX,,0.0,,Wed Jan 11 00:00:00 EST 2023,Thu Jan 26 00:00:00 EST 2023,Y,0,0,0,,,,,,,,,0
0.0791999999999999,0.0,0.0,8.25,103.5003,0,0.0,0.0,32.5651,0.0,0,-1,0.0,0.0,101.1657,0,0.0,33.3166,0.0,0.0,,,All-Wheel Drive,907,,10,750,0,Electricity,Electricity,10,-1,98.4515,0,0.0,0.0,34.2351,0.0,0,0,46331,0,0,Mercedes-Benz,EQB 300 4matic,N,False,0,0,243,248.0,0.0,236.0,0.0,Automatic (A1),139.362,0.0,132.6042,0.0,Small Sport Utility Vehicle 4WD,2022,8250,EQB,,,,,EV,,,72 and 96 kW AC 3-Phase,MBX,,0.0,,Wed Jan 11 00:00:00 EST 2023,Wed Jan 11 00:00:00 EST 2023,Y,0,0,0,,,,,,,,,0
0.0839999999999999,0.0,0.0,8.25,98.0,0,0.0,0.0,34.0,0.0,0,-1,0.0,0.0,96.0,0,0.0,35.0,0.0,0.0,,,All-Wheel Drive,908,,10,800,0,Electricity,Electricity,10,-1,93.0,0,0.0,0.0,36.0,0.0,0,0,46332,0,12,Mercedes-Benz,EQB 350 4matic,Y,False,0,102,227,232.1,0.0,220.8,0.0,Automatic (A1),135.3724,0.0,128.7,0.0,Small Sport Utility Vehicle 4WD,2022,8000,EQB,,,,,EV,,,72 and 143 kW AC 3-Phase,MBX,,0.0,,Wed Jan 11 00:00:00 EST 2023,Wed Jan 11 00:00:00 EST 2023,Y,0,0,0,,,,,,,,,0
0.0863999999999999,0.0,0.0,8.0,99.12,0,0.0,0.0,34.0042,0.0,0,-1,0.0,0.0,92.8047,0,0.0,36.3182,0.0,0.0,,,All-Wheel Drive,40,,10,800,0,Electricity,Electricity,10,-1,86.1,0,0.0,0.0,39.1463,0.0,0,0,46512,0,0,Ford,Mustang Mach-E AWD,N,False,0,0,224,237.7,0.0,206.5,0.0,Automatic (A1),141.6,0.0,123.0,0.0,Small Sport Utility Vehicle 4WD,2023,8000,Mustang Mach-E,,,,,EV,,,198 and 198 kW AC PMSM,FMX,,0.0,,Thu Mar 16 00:00:00 EDT 2023,Thu Jun 01 00:00:00 EDT 2023,N,0,0,0,91.0,,8.3,,11.0,150.0,CCS,4.8,1
0.0887999999999999,0.0,0.0,10.0,97.44,0,0.0,0.0,34.5905,0.0,0,-1,0.0,0.0,91.5907,0,0.0,36.7996,0.0,0.0,,,All-Wheel Drive,41,,10,850,0,Electricity,Electricity,10,-1,85.33,0,0.0,0.0,39.4996,0.0,0,0,46513,0,0,Ford,Mustang Mach-E AWD Extended,N,False,0,0,290,306.6,0.0,268.6,0.0,Automatic (A1),139.2,0.0,121.9,0.0,Small Sport Utility Vehicle 4WD,2023,7750,Mustang Mach-E,,,,,EV,,,258 and 258 kW AC PMSM,FMX,,0.0,,Thu Mar 16 00:00:00 EDT 2023,Thu Jun 01 00:00:00 EDT 2023,N,0,0,0,,,,,,,,,1
0.0815999999999999,0.0,0.0,10.1,104.51,0,0.0,0.0,32.2505,0.0,0,-1,0.0,0.0,98.1474,0,0.0,34.3412,0.0,0.0,,,All-Wheel Drive,42,,10,750,0,Electricity,Electricity,10,-1,91.35,0,0.0,0.0,36.8966,0.0,0,0,46514,0,0,Ford,MUSTANG MACH-E CAL RT 1 ER AWD,N,False,0,0,312,330.4,0.0,288.9,0.0,Automatic (A1),149.3,0.0,130.5,0.0,Small Sport Utility Vehicle 4WD,2023,8250,Mustang Mach-E,,,,,EV,,,258 and 258 kW AC PMSM,FMX,,0.0,,Thu Mar 16 00:00:00 EDT 2023,Thu Jun 01 00:00:00 EDT 2023,N,0,0,0,,,,,,,,,0
0.096,0.0,0.0,10.3,90.02,0,0.0,0.0,37.4417,0.0,0,-1,0.0,0.0,83.8771,0,0.0,40.1838,0.0,0.0,,,All-Wheel Drive,43,,10,900,0,Electricity,Electricity,10,-1,77.42,0,0.0,0.0,43.5353,0.0,0,0,46515,0,0,Ford,Mustang Mach-E GT,N,False,0,0,270,288.1,0.0,247.9,0.0,Automatic (A1),128.6,0.0,110.6,0.0,Small Sport Utility Vehicle 4WD,2023,7500,Mustang Mach-E,,,,,EV,,,179 and 179 kW AC PMSM,FMX,,0.0,,Thu Mar 16 00:00:00 EDT 2023,Thu Jun 01 00:00:00 EDT 2023,N,0,0,0,,,,,,,,,1
0.0984,0.0,0.0,10.1,89.53,0,0.0,0.0,37.6466,0.0,0,-1,0.0,0.0,82.0,0,0.0,41.0,0.0,0.0,,,All-Wheel Drive,44,,10,900,0,Electricity,Electricity,10,-1,76.93,0,0.0,0.0,43.8126,0.0,0,0,46516,0,0,Ford,Mustang Mach-E GT Performance,N,False,0,0,260,277.6,0.0,238.5,0.0,Automatic (A1),127.9,0.0,109.9,0.0,Small Sport Utility Vehicle 4WD,2023,7500,Mustang Mach-E,,,,,EV,,,179 and 179 kW AC PMSM,FMX,,0.0,,Thu Mar 16 00:00:00 EDT 2023,Thu Jun 01 00:00:00 EDT 2023,N,0,0,0,,,,,,,,,1
0.0791999999999999,0.0,0.0,8.1,110.18,0,0.0,0.0,30.5909,0.0,0,-1,0.0,0.0,103.2242,0,0.0,32.6522,0.0,0.0,,,Rear-Wheel Drive,45,,10,750,0,Electricity,Electricity,10,-1,95.83,0,0.0,0.0,35.1717,0.0,0,0,46517,0,0,Ford,Mustang Mach-E RWD,N,False,0,0,247,262.9,0.0,228.5,0.0,Automatic (A1),157.4,0.0,136.9,0.0,Small Sport Utility Vehicle 2WD,2023,8250,Mustang Mach-E,,,,,EV,,,198 kW AC PMSM,FMX,,0.0,,Thu Mar 16 00:00:00 EDT 2023,Thu Jun 01 00:00:00 EDT 2023,N,0,0,0,91.0,,8.3,,11.0,150.0,CCS,4.8,2
0.0815999999999999,0.0,0.0,10.2,105.42,0,0.0,0.0,31.9721,0.0,0,-1,0.0,0.0,99.0977,0,0.0,34.0119,0.0,0.0,,,Rear-Wheel Drive,46,,10,750,0,Electricity,Electricity,10,-1,92.33,0,0.0,0.0,36.5049,0.0,0,0,46518,0,0,Ford,Mustang Mach-E RWD Extended,N,False,0,0,310,328.3,0.0,287.6,0.0,Automatic (A1),150.6,0.0,131.9,0.0,Small Sport Utility Vehicle 2WD,2023,8250,Mustang Mach-E,,,,,EV,,,216 kW AC PMSM,FMX,,0.0,,Thu Mar 16 00:00:00 EDT 2023,Thu Jun 01 00:00:00 EDT 2023,N,0,0,0,,,,,,,,,1
0.1679999999999999,0.0,0.0,19.0,49.0,0,0.0,0.0,69.0,0.0,0,-1,0.0,0.0,48.0,0,0.0,70.0,0.0,0.0,,,4-Wheel Drive,2,,8,1600,0,Electricity,Electricity,10,-1,46.0,0,0.0,0.0,72.0,0.0,0,0,46519,0,0,Lordstown,Endurance,N,False,0,0,174,177.4,0.0,168.7,0.0,Automatic (A1),71.3,0.0,67.8,0.0,Standard Pickup Trucks 4WD,2023,4000,Endurance,,,,,EV,,,"96, 96, 96 and 96 kW AC PMSM",LEV,,0.0,,Thu Mar 16 00:00:00 EDT 2023,Thu Jun 01 00:00:00 EDT 2023,N,0,0,0,,,,,,,,,1
0.1272,0.0,0.0,10.0,62.244,0,0.0,0.0,54.1498,0.0,0,-1,0.0,0.0,63.2251,0,0.0,53.3095,0.0,0.0,,,All-Wheel Drive,356,,9,1200,0,Electricity,Electricity,10,-1,64.467,0,0.0,0.0,52.2826,0.0,0,0,46614,0,0,Audi,e-tron S (21/22 inch wheels),N,False,0,0,181,0.0,0.0,0.0,0.0,Automatic (A1),84.0,0.0,87.0,0.0,Standard Sport Utility Vehicle 4WD,2023,6000,e-tron S,,,,,EV,,,138 kW Asynchron 3-Phase,VGA,,0.0,,Wed May 17 00:00:00 EDT 2023,Wed May 17 00:00:00 EDT 2023,N,0,0,0,,,,,,,,,2
0.1248,0.0,0.0,10.0,63.5778,0,0.0,0.0,53.0138,0.0,0,-1,0.0,0.0,64.7193,0,0.0,52.0787,0.0,0.0,,,All-Wheel Drive,357,,9,1150,0,Electricity,Electricity,10,-1,66.1713,0,0.0,0.0,50.936,0.0,0,0,46615,0,0,Audi,e-tron S Sportback (21/22 inch wheels),N,False,0,0,185,0.0,0.0,0.0,0.0,Automatic (A1),85.8,0.0,89.3,0.0,Standard Sport Utility Vehicle 4WD,2023,6250,e-tron S,,,,,EV,,,138 and 157 kW Asynchron 3-Phase,VGA,,0.0,,Wed May 17 00:00:00 EDT 2023,Wed May 17 00:00:00 EDT 2023,N,0,0,0,,,,,,,,,2
0.072,0.0,0.0,8.0,115.01,0,0.0,0.0,29.3061,0.0,0,-1,0.0,0.0,112.9827,0,0.0,29.832,0.0,0.0,,,Rear-Wheel Drive,430,,10,650,0,Electricity,Electricity,10,-1,110.6,0,0.0,0.0,30.4747,0.0,0,0,46616,0,10,BMW,i4 eDrive35 Gran Coupe (18 inch Wheels),N,False,0,90,256,0.0,0.0,0.0,0.0,Automatic (A1),164.3,0.0,158.0,0.0,Subcompact Cars,2023,8750,i4,,,,,EV,,,250 kW EESM,BMX,,0.0,,Wed May 17 00:00:00 EDT 2023,Thu Jun 01 00:00:00 EDT 2023,N,0,0,0,,,,,,,,,3
0.0768,0.0,0.0,8.0,106.68,0,0.0,0.0,31.5945,0.0,0,-1,0.0,0.0,104.6163,0,0.0,32.2177,0.0,0.0,,,Rear-Wheel Drive,431,,10,700,0,Electricity,Electricity,10,-1,102.2,0,0.0,0.0,32.9795,0.0,0,0,46617,0,10,BMW,i4 eDrive35 Gran Coupe (19 inch Wheels),N,False,0,90,235,0.0,0.0,0.0,0.0,Automatic (A1),152.4,0.0,146.0,0.0,Subcompact Cars,2023,8500,i4,,,,,EV,,,250 kW EESM,BMX,,0.0,,Wed May 17 00:00:00 EDT 2023,Thu Jun 01 00:00:00 EDT 2023,N,0,0,0,,,,,,,,,1
0.0815999999999999,0.0,0.0,10.0,100.2101,0,0.0,0.0,33.6343,0.0,0,-1,0.0,0.0,99.3825,0,0.0,33.9144,0.0,0.0,,,Rear-Wheel Drive,441,,10,750,0,Electricity,Electricity,10,-1,98.3893,0,0.0,0.0,34.2568,0.0,0,0,46618,0,10,BMW,i4 eDrive40 Gran Coupe (19 inch Wheels),N,False,0,90,282,0.0,0.0,0.0,0.0,Automatic (A1),143.1,0.0,140.5,0.0,Subcompact Cars,2023,8250,i4,,,,,EV,,,250 kW EESM,BMX,,0.0,,Wed May 17 00:00:00 EDT 2023,Thu Oct 19 00:00:00 EDT 2023,N,0,0,0,,,,,,,,,0
0.0911999999999999,0.0,0.0,10.7,96.04,0,0.0,0.0,35.0948,0.0,0,-1,0.0,0.0,88.7417,0,0.0,37.981,0.0,0.0,,,All-Wheel Drive,132,,10,850,0,Electricity,Electricity,10,-1,81.2,0,0.0,0.0,41.5086,0.0,0,0,46619,0,24,Cadillac,LYRIQ AWD,N,False,0,105,307,0.0,0.0,0.0,0.0,Automatic (A1),137.2,0.0,116.0,0.0,Small Sport Utility Vehicle 4WD,2023,7750,LYRIQ,,,,,EV,,,155 and 220 kW ACPM,GMX,,0.0,,Wed May 17 00:00:00 EDT 2023,Thu Oct 19 00:00:00 EDT 2023,N,0,0,0,95.0,,8.3,,11.5,190.0,CCS,,1
0.0672,0.0,0.0,7.5,130.0,0,0.0,0.0,26.0,0.0,0,-1,0.0,0.0,121.0,0,0.0,28.0,0.0,0.0,,,All-Wheel Drive,62,,10,650,0,Electricity,Electricity,10,-1,111.0,0,0.0,0.0,29.6125,0.0,0,0,46620,0,11,Hyundai,Ioniq 6 Long range AWD (18 inch Wheels),N,False,0,105,316,0.0,0.0,0.0,0.0,Automatic (A1),190.5,0.0,162.6,0.0,Midsize Cars,2023,8750,Ioniq 6,,,,,EV,,,74 and 165 kW PMSM,HYX,,0.0,,Wed May 17 00:00:00 EDT 2023,Wed May 17 00:00:00 EDT 2023,N,0,0,0,,,,,,,,,0
0.0791999999999999,0.0,0.0,7.5,111.0,0,0.0,0.0,31.0,0.0,0,-1,0.0,0.0,103.0,0,0.0,32.5202,0.0,0.0,,,All-Wheel Drive,63,,10,750,0,Electricity,Electricity,10,-1,94.0,0,0.0,0.0,35.5088,0.0,0,0,46621,0,11,Hyundai,Ioniq 6 Long range AWD (20 inch Wheels),N,False,0,105,270,0.0,0.0,0.0,0.0,Automatic (A1),160.1,0.0,135.6,0.0,Midsize Cars,2023,8250,Ioniq 6,,,,,EV,,,74 and 165 kW PMSM,HYX,,0.0,,Wed May 17 00:00:00 EDT 2023,Wed May 17 00:00:00 EDT 2023,N,0,0,0,,,,,,,,,1
0.0576,0.0,0.0,7.5,153.0,0,0.0,0.0,21.6301,0.0,0,-1,0.0,0.0,140.0,0,0.0,23.5724,0.0,0.0,,,Rear-Wheel Drive,60,,10,550,0,Electricity,Electricity,10,-1,127.0,0,0.0,0.0,27.0,0.0,0,0,46622,0,11,Hyundai,Ioniq 6 Long range RWD (18 inch Wheels),N,False,0,105,361,0.0,0.0,0.0,0.0,Automatic (A1),208.6,0.0,173.9,0.0,Midsize Cars,2023,9250,Ioniq 6,,,,,EV,,,168 kW PMSM,HYX,,0.0,,Wed May 17 00:00:00 EDT 2023,Wed May 17 00:00:00 EDT 2023,N,0,0,0,,,,,,,,,1
0.0696,0.0,0.0,7.5,129.0,0,0.0,0.0,26.0,0.0,0,-1,0.0,0.0,117.0,0,0.0,29.0,0.0,0.0,,,Rear-Wheel Drive,61,,10,650,0,Electricity,Electricity,10,-1,105.0,0,0.0,0.0,32.0,0.0,0,0,46623,0,11,Hyundai,Ioniq 6 Long range RWD (20 inch Wheels),N,False,0,105,305,0.0,0.0,0.0,0.0,Automatic (A1),178.6,0.0,145.0,0.0,Midsize Cars,2023,8750,Ioniq 6,,,,,EV,,,168 kW PMSM,HYX,,0.0,,Wed May 17 00:00:00 EDT 2023,Wed May 17 00:00:00 EDT 2023,N,0,0,0,,,,,,,,,0
0.06,0.0,0.0,6.1,151.0,0,0.0,0.0,21.7381,0.0,0,-1,0.0,0.0,135.0,0,0.0,25.0,0.0,0.0,,,Rear-Wheel Drive,59,,10,550,0,Electricity,Electricity,10,-1,120.0,0,0.0,0.0,28.0,0.0,0,0,46624,0,11,Hyundai,Ioniq 6 Standard Range RWD,N,False,0,105,240,0.0,0.0,0.0,0.0,Automatic (A1),221.5,0.0,176.3,0.0,Midsize Cars,2023,9250,Ioniq 6,,,,,EV,,,111 kW PMSM,HYX,,0.0,,Wed May 17 00:00:00 EDT 2023,Wed May 17 00:00:00 EDT 2023,N,0,0,0,,,,,,,,,1
8.721478975882354,6.467608695652174,0.0,7.0,11.8085,46,46.2913,0.0,73.0,0.602,244,-1,0.0,244.0,13.6563,46,46.1324,73.0,0.0,0.599,8.0,4.4,All-Wheel Drive,900,SIDI; PHEV,5,5850,0,Premium and Electricity,Premium Gasoline,7,-1,16.8858,46,45.9397,0.0,73.0,0.595,0,0,46627,0,0,BMW,XM,N,True,0,0,300,0.0,31.16,0.0,30.8,Automatic (S8),14.9,65.7,23.1,65.5,Standard Sport Utility Vehicle 4WD,2023,-4750,XM,,,T,,Plug-in Hybrid,Electricity,31.0,145 kW PMSM,BMX,,0.0,,Tue Jun 20 00:00:00 EDT 2023,Mon Nov 18 00:00:00 EST 2024,Y,22,27,24,,,,,,,,,3
3.1058686781818183,4.0204054054054055,0.0,5.0,29.5533,74,77.5276,0.1,44.0,0.684,99,-1,0.0,99.0,30.8507,74,77.3809,44.0,0.1,0.681,4.0,2.0,All-Wheel Drive,209,,9,2650,0,Premium and Electricity,Premium Gasoline,10,-1,32.5998,73,77.2023,0.0,44.0,0.677,0,0,46628,0,12,Volvo,S60 T8 AWD Recharge,Y,True,0,93,530,0.0,40.85,0.0,39.97,Automatic (S8),39.0,110.8,47.1,110.3,Compact Cars,2023,4250,S60,,,T,,Plug-in Hybrid,Electricity,40.0,34 kW 3-phase Sync.,VVX,,0.0,,Tue Jun 20 00:00:00 EDT 2023,Tue Jun 20 00:00:00 EDT 2023,Y,50,53,52,,,,,,,,,3
3.9003225,4.722380952380953,0.0,5.0,27.6039,66,69.3882,0.1,49.0,0.651,122,-1,0.0,122.0,27.6946,63,66.509,50.0,0.1,0.64,4.0,2.0,All-Wheel Drive,226,,8,2900,0,Premium and Electricity,Premium Gasoline,10,-1,27.8062,60,63.2989,0.0,52.0,0.627,0,0,46629,0,0,Volvo,XC60 T8 AWD Recharge,N,True,0,0,560,0.0,36.61,0.0,33.83,Automatic (S8),36.1,99.1,39.5,90.4,Small Sport Utility Vehicle 4WD,2023,3000,XC60,,,T,,Plug-in Hybrid,Electricity,36.0,34 kW 3-phase Sync.,VVX,,0.0,,Tue Jun 20 00:00:00 EDT 2023,Tue Jun 20 00:00:00 EDT 2023,Y,45,42,44,,,,,,,,,3
4.442686733076924,5.12948275862069,0.0,5.0,25.9637,59,62.3598,0.1,54.0,0.619,137,-1,0.0,137.0,26.5451,58,61.188,55.0,0.1,0.613,4.0,2.0,All-Wheel Drive,232,,7,3050,0,Premium and Electricity,Premium Gasoline,9,-1,27.2921,57,59.8142,0.0,57.0,0.604,0,0,46630,0,0,Volvo,XC90 T8 AWD Recharge,N,True,0,0,530,0.0,32.37,0.0,31.95,Automatic (S8),33.7,88.7,38.7,85.4,Standard Sport Utility Vehicle 4WD,2023,2000,XC90,,,T,,Plug-in Hybrid,Electricity,33.0,34 and 107 kW 3-phase Sync.,VVX,,0.0,,Tue Jun 20 00:00:00 EDT 2023,Tue Jun 20 00:00:00 EDT 2023,Y,40,40,40,,,,,,,,,3
0.096,0.0,0.0,10.5,84.9637,0,0.0,0.0,39.6698,0.0,0,-1,0.0,0.0,84.8774,0,0.0,39.7102,0.0,0.0,,,All-Wheel Drive,352,,9,900,0,Electricity,Electricity,10,-1,84.7721,0,0.0,0.0,39.7595,0.0,0,0,46908,0,11,Audi,e-tron GT,N,False,0,101,249,249.0,0.0,249.0,0.0,Automatic (A2),120.7182,0.0,120.4279,0.0,Midsize Cars,2024,7500,e-tron GT,,,,,EV,,,175 kW PMSM 3-Phase,VGA,,0.0,,Mon Jul 31 00:00:00 EDT 2023,Sun Aug 25 00:00:00 EDT 2024,N,0,0,0,85.0,,7.7,,11.0,270.0,CCS2,,3
0.096,0.0,0.0,10.5,84.9637,0,0.0,0.0,39.6698,0.0,0,-1,0.0,0.0,84.8774,0,0.0,39.7102,0.0,0.0,,,All-Wheel Drive,353,,9,900,0,Electricity,Electricity,10,-1,84.7721,0,0.0,0.0,39.7595,0.0,0,0,46909,0,11,Audi,RS e-tron GT,N,False,0,101,249,249.0,0.0,249.0,0.0,Automatic (A2),120.7182,0.0,120.4279,0.0,Midsize Cars,2024,7500,RS e-tron GT,,,,,EV,,,175 kW PMSM 3-Phase,VGA,,0.0,,Mon Jul 31 00:00:00 EDT 2023,Sun Aug 25 00:00:00 EDT 2024,N,0,0,0,,,,,,,,,3
0.0791999999999999,0.0,0.0,9.0,111.86,0,0.0,0.0,30.1314,0.0,0,-1,0.0,0.0,103.0925,0,0.0,32.6939,0.0,0.0,,,Rear-Wheel Drive,360,,10,750,0,Electricity,Electricity,10,-1,94.08,0,0.0,0.0,35.8259,0.0,0,0,46910,0,0,Audi,Q4 40 e-tron,N,False,0,0,265,285.0,0.0,240.0,0.0,Automatic (A1),159.8,0.0,134.4,0.0,Standard Sport Utility Vehicle 2WD,2024,8250,Q4 e-tron,,,,,EV,,,150 kW PMSM 3-Phase,VGA,,0.0,,Mon Jul 31 00:00:00 EDT 2023,Sun Aug 25 00:00:00 EDT 2024,N,0,0,0,,,,,,,,,3
0.0863999999999999,0.0,0.0,9.0,97.37,0,0.0,0.0,34.6154,0.0,0,-1,0.0,0.0,92.5955,0,0.0,36.4003,0.0,0.0,,,All-Wheel Drive,358,,10,800,0,Electricity,Electricity,10,-1,87.36,0,0.0,0.0,38.5817,0.0,0,0,46911,0,0,Audi,Q4 50 e-tron quattro,N,False,0,0,236,247.0,0.0,222.0,0.0,Automatic (A1),139.1,0.0,124.8,0.0,Standard Sport Utility Vehicle 4WD,2024,8000,Q4 e-tron,,,,,EV,,,80 kW Asynchron 3-Phase,VGA,,0.0,,Mon Jul 31 00:00:00 EDT 2023,Sun Aug 25 00:00:00 EDT 2024,N,0,0,0,,,,,,,,,2
0.0863999999999999,0.0,0.0,9.0,99.75,0,0.0,0.0,33.7895,0.0,0,-1,0.0,0.0,94.8056,0,0.0,35.5517,0.0,0.0,,,All-Wheel Drive,359,,10,800,0,Electricity,Electricity,10,-1,89.39,0,0.0,0.0,37.7056,0.0,0,0,46912,0,0,Audi,Q4 Sportback 50 e-tron quattro,N,False,0,0,242,254.0,0.0,227.0,0.0,Automatic (A1),142.5,0.0,127.7,0.0,Standard Sport Utility Vehicle 4WD,2024,8000,Q4 e-tron,,,,,EV,,,80 kW Asynchron 3-Phase,VGA,,0.0,,Mon Jul 31 00:00:00 EDT 2023,Sun Aug 25 00:00:00 EDT 2024,N,0,0,0,,,,,,,,,2
0.0984,0.0,0.0,16.0,80.3781,0,0.0,0.0,41.9331,0.0,0,-1,0.0,0.0,81.4532,0,0.0,41.3796,0.0,0.0,,,All-Wheel Drive,350,,9,950,0,Electricity,Electricity,10,-1,82.8069,0,0.0,0.0,40.7031,0.0,0,0,46913,0,28,Audi,Q8 e-tron quattro,N,False,0,103,285,281.0,0.0,290.0,0.0,Automatic (A2),105.9,0.0,109.1,0.0,Standard Sport Utility Vehicle 4WD,2024,7250,Q8 e-tron,,,,,EV,,,141 kW Asynchron 3-Phase,VGA,,0.0,,Mon Jul 31 00:00:00 EDT 2023,Sun Aug 25 00:00:00 EDT 2024,N,0,0,0,89.0,,8.1,,11.0,150.0,CCS2,,3
0.0936,0.0,0.0,16.0,83.7087,0,0.0,0.0,40.2646,0.0,0,-1,0.0,0.0,85.9986,0,0.0,39.1925,0.0,0.0,,,All-Wheel Drive,349,,9,900,0,Electricity,Electricity,10,-1,88.9734,0,0.0,0.0,37.8821,0.0,0,0,46914,0,27,Audi,Q8 Sportback e-tron ultra quattro,N,False,0,102,300,292.0,0.0,310.0,0.0,Automatic (A2),111.3,0.0,118.3,0.0,Standard Sport Utility Vehicle 4WD,2024,7500,Q8 e-tron,,,,,EV,,,172 kW Asynchron 3-Phase,VGA,,0.0,,Mon Jul 31 00:00:00 EDT 2023,Sun Aug 25 00:00:00 EDT 2024,N,0,0,0,,,,,,,,,3
0.0839999999999999,0.0,0.0,8.0,93.5758,0,0.0,0.0,36.0189,0.0,0,-1,0.0,0.0,95.3124,0,0.0,35.3627,0.0,0.0,,,4-Wheel Drive,450,,10,800,0,Electricity,Electricity,10,-1,97.5244,0,0.0,0.0,34.5606,0.0,0,0,46915,0,10,BMW,i4 M50 Gran Coupe (19 inch wheels),N,False,0,90,269,264.0,0.0,275.0,0.0,Automatic (A1),125.6,0.0,130.9,0.0,Subcompact Cars,2024,8000,i4,,,,,EV,,,230 kW EESM,BMX,,0.0,,Mon Jul 31 00:00:00 EDT 2023,Sun Aug 25 00:00:00 EDT 2024,N,0,0,0,,,,,,,,,3
0.1008,0.0,0.0,8.0,79.1967,0,0.0,0.0,42.5586,0.0,0,-1,0.0,0.0,79.6627,0,0.0,42.3096,0.0,0.0,,,4-Wheel Drive,451,,9,950,0,Electricity,Electricity,10,-1,80.2397,0,0.0,0.0,42.0054,0.0,0,0,46916,0,10,BMW,i4 M50 Gran Coupe (20 inch wheels),N,False,0,90,227,226.0,0.0,229.0,0.0,Automatic (A1),106.3,0.0,107.7,0.0,Subcompact Cars,2024,7250,i4,,,,,EV,,,230 kW EESM,BMX,,0.0,,Mon Jul 31 00:00:00 EDT 2023,Sun Aug 25 00:00:00 EDT 2024,N,0,0,0,,,,,,,,,3
0.0744,0.0,0.0,8.0,107.3655,0,0.0,0.0,31.3928,0.0,0,-1,0.0,0.0,108.8249,0,0.0,30.9718,0.0,0.0,,,4-Wheel Drive,445,,10,700,0,Electricity,Electricity,10,-1,110.6634,0,0.0,0.0,30.4572,0.0,0,0,46917,0,10,BMW,i4 xDrive40 Gran Coupe (18 inch Wheels),N,False,0,90,307,303.0,0.0,312.0,0.0,Automatic (A1),146.5,0.0,151.0,0.0,Subcompact Cars,2024,8500,i4,,,,,EV,,,230 kW EESM,BMX,,0.0,,Mon Jul 31 00:00:00 EDT 2023,Sun Aug 25 00:00:00 EDT 2024,N,0,0,0,,,,,,,,,3
0.0815999999999999,0.0,0.0,8.0,97.6183,0,0.0,0.0,34.5273,0.0,0,-1,0.0,0.0,98.724,0,0.0,34.1406,0.0,0.0,,,4-Wheel Drive,446,,10,750,0,Electricity,Electricity,10,-1,100.11,0,0.0,0.0,33.668,0.0,0,0,46918,0,10,BMW,i4 xDrive40 Gran Coupe (19 inch Wheels),N,False,0,90,279,276.0,0.0,283.0,0.0,Automatic (A1),133.2,0.0,136.6,0.0,Subcompact Cars,2024,8250,i4,,,,,EV,,,190 kW EESM,BMX,,0.0,,Mon Jul 31 00:00:00 EDT 2023,Sun Aug 25 00:00:00 EDT 2024,N,0,0,0,,,,,,,,,3
0.0672,0.0,0.0,7.0,121.991,0,0.0,0.0,27.6291,0.0,0,-1,0.0,0.0,120.4526,0,0.0,27.982,0.0,0.0,,,Rear-Wheel Drive,430,,10,650,0,Electricity,Electricity,10,-1,118.6242,0,0.0,0.0,28.4132,0.0,0,0,46919,0,10,BMW,i4 eDrive35 Gran Coupe (18 inch Wheels),N,False,0,90,276,279.0,0.0,272.0,0.0,Automatic (A1),170.3,0.0,165.6,0.0,Subcompact Cars,2024,8750,i4,,,,,EV,,,250 kW EESM,BMX,,0.0,,Mon Jul 31 00:00:00 EDT 2023,Sun Aug 25 00:00:00 EDT 2024,N,0,0,0,,,,,,,,,3
0.0744,0.0,0.0,7.0,111.3893,0,0.0,0.0,30.2587,0.0,0,-1,0.0,0.0,109.5477,0,0.0,30.7674,0.0,0.0,,,Rear-Wheel Drive,431,,10,700,0,Electricity,Electricity,10,-1,107.3779,0,0.0,0.0,31.3892,0.0,0,0,46920,0,10,BMW,i4 eDrive35 Gran Coupe (19 inch Wheels),N,False,0,90,252,256.0,0.0,247.0,0.0,Automatic (A1),155.5,0.0,149.9,0.0,Subcompact Cars,2024,8500,i4,,,,,EV,,,250 kW EESM,BMX,,0.0,,Mon Jul 31 00:00:00 EDT 2023,Sun Aug 25 00:00:00 EDT 2024,N,0,0,0,,,,,,,,,3
0.0744,0.0,0.0,8.0,109.4538,0,0.0,0.0,30.7938,0.0,0,-1,0.0,0.0,108.9786,0,0.0,30.9281,0.0,0.0,,,Rear-Wheel Drive,440,,10,700,0,Electricity,Electricity,10,-1,108.4033,0,0.0,0.0,31.0922,0.0,0,0,46921,0,10,BMW,i4 eDrive40 Gran Coupe (18 inch Wheels),N,False,0,90,301,302.0,0.0,299.0,0.0,Automatic (A1),156.3,0.0,154.8,0.0,Subcompact Cars,2024,8500,i4,,,,,EV,,,250 kW EESM,BMX,,0.0,,Mon Jul 31 00:00:00 EDT 2023,Sun Aug 25 00:00:00 EDT 2024,N,0,0,0,,,,,,,,,3
0.0815999999999999,0.0,0.0,8.0,100.3501,0,0.0,0.0,33.5874,0.0,0,-1,0.0,0.0,99.5547,0,0.0,33.8558,0.0,0.0,,,Rear-Wheel Drive,441,,10,750,0,Electricity,Electricity,10,-1,98.5994,0,0.0,0.0,34.1838,0.0,0,0,46922,0,10,BMW,i4 eDrive40 Gran Coupe (19 inch Wheels),N,False,0,90,283,285.0,0.0,280.0,0.0,Automatic (A1),143.3,0.0,140.8,0.0,Subcompact Cars,2024,8250,i4,,,,,EV,,,250 kW EESM,BMX,,0.0,,Mon Jul 31 00:00:00 EDT 2023,Sun Aug 25 00:00:00 EDT 2024,N,0,0,0,,,,,,,,,3
0.0768,0.0,0.0,8.0,104.3,0,0.0,0.0,32.3154,0.0,0,-1,0.0,0.0,104.6451,0,0.0,32.2089,0.0,0.0,,,Rear-Wheel Drive,509,,10,700,0,Electricity,Electricity,10,-1,105.07,0,0.0,0.0,32.0786,0.0,0,0,46923,0,11,BMW,i5 eDrive40 Sedan (19 inch Wheels),N,False,0,98,295,294.0,0.0,296.0,0.0,Automatic (A1),149.0,0.0,150.1,0.0,Compact Cars,2024,8500,i5,,,,,EV,,,250 kW EESM,BMX,,0.0,,Mon Jul 31 00:00:00 EDT 2023,Sun Aug 25 00:00:00 EDT 2024,N,0,0,0,,,,,,,,,3
0.0815999999999999,0.0,0.0,8.0,99.26,0,0.0,0.0,33.9563,0.0,0,-1,0.0,0.0,98.529,0,0.0,34.2082,0.0,0.0,,,Rear-Wheel Drive,510,,10,750,0,Electricity,Electricity,10,-1,97.65,0,0.0,0.0,34.5161,0.0,0,0,46924,0,11,BMW,i5 eDrive40 Sedan (20 inch Wheels),N,False,0,98,278,280.0,0.0,276.0,0.0,Automatic (A1),141.8,0.0,139.5,0.0,Compact Cars,2024,8250,i5,,,,,EV,,,250 kW EESM,BMX,,0.0,,Mon Jul 31 00:00:00 EDT 2023,Sun Aug 25 00:00:00 EDT 2024,N,0,0,0,,,,,,,,,3
0.0839999999999999,0.0,0.0,8.0,97.16,0,0.0,0.0,34.6902,0.0,0,-1,0.0,0.0,95.5532,0,0.0,35.2736,0.0,0.0,,,Rear-Wheel Drive,511,,10,800,0,Electricity,Electricity,10,-1,93.66,0,0.0,0.0,35.9865,0.0,0,0,46925,0,11,BMW,i5 eDrive40 Sedan (21 inch Wheels),N,False,0,98,270,274.0,0.0,265.0,0.0,Automatic (A1),138.8,0.0,133.8,0.0,Compact Cars,2024,8000,i5,,,,,EV,,,250 kW EESM,BMX,,0.0,,Mon Jul 31 00:00:00 EDT 2023,Sun Aug 25 00:00:00 EDT 2024,N,0,0,0,,,,,,,,,3
0.0887999999999999,0.0,0.0,8.0,89.7227,0,0.0,0.0,37.5658,0.0,0,-1,0.0,0.0,91.0083,0,0.0,37.0351,0.0,0.0,,,4-Wheel Drive,525,,9,850,0,Electricity,Electricity,10,-1,92.6307,0,0.0,0.0,36.3864,0.0,0,0,46926,0,11,BMW,i5 M60 xDrive Sedan (19 inch Wheels),N,False,0,98,256,252.0,0.0,260.0,0.0,Automatic (A1),126.5,0.0,130.6,0.0,Compact Cars,2024,7750,i5,,,,,EV,,,190 kW EESM,BMX,,0.0,,Mon Jul 31 00:00:00 EDT 2023,Sun Aug 25 00:00:00 EDT 2024,N,0,0,0,,,,,,,,,3
0.0911999999999999,0.0,0.0,8.0,89.0134,0,0.0,0.0,37.8651,0.0,0,-1,0.0,0.0,89.2995,0,0.0,37.7438,0.0,0.0,,,4-Wheel Drive,526,,9,850,0,Electricity,Electricity,10,-1,89.6517,0,0.0,0.0,37.5955,0.0,0,0,46927,0,11,BMW,i5 M60 xDrive Sedan (20 inch Wheels),N,False,0,98,248,247.0,0.0,249.0,0.0,Automatic (A1),125.5,0.0,126.4,0.0,Compact Cars,2024,7750,i5,,,,,EV,,,190 kW EESM,BMX,,0.0,,Mon Jul 31 00:00:00 EDT 2023,Sun Aug 25 00:00:00 EDT 2024,N,0,0,0,,,,,,,,,3
0.096,0.0,0.0,8.0,84.545,0,0.0,0.0,39.8664,0.0,0,-1,0.0,0.0,85.1147,0,0.0,39.5995,0.0,0.0,,,4-Wheel Drive,527,,9,900,0,Electricity,Electricity,10,-1,85.8217,0,0.0,0.0,39.2733,0.0,0,0,46928,0,11,BMW,i5 M60 xDrive Sedan (21 inch Wheels),N,False,0,98,240,238.0,0.0,242.0,0.0,Automatic (A1),119.2,0.0,121.0,0.0,Compact Cars,2024,7500,i5,,,,,EV,,,190 kW EESM,BMX,,0.0,,Mon Jul 31 00:00:00 EDT 2023,Sun Aug 25 00:00:00 EDT 2024,N,0,0,0,,,,,,,,,3
0.0887999999999999,0.0,0.0,11.0,86.5293,0,0.0,0.0,38.9521,0.0,0,-1,0.0,0.0,90.223,0,0.0,37.3574,0.0,0.0,,,Rear-Wheel Drive,709,,9,850,0,Electricity,Electricity,10,-1,95.1894,0,0.0,0.0,35.4083,0.0,0,0,46929,0,11,BMW,i7 eDrive50 Sedan (19 inch Wheels),N,False,0,109,321,307.0,0.0,338.0,0.0,Automatic (A1),120.9,0.0,133.0,0.0,Large Cars,2024,7750,i7,,,,,EV,,,335 kW EESM,BMX,,0.0,,Mon Jul 31 00:00:00 EDT 2023,Sun Aug 25 00:00:00 EDT 2024,N,0,0,0,,,,,,,,,3
0.0936,0.0,0.0,11.0,83.3802,0,0.0,0.0,40.4233,0.0,0,-1,0.0,0.0,86.4263,0,0.0,38.9985,0.0,0.0,,,Rear-Wheel Drive,710,,9,900,0,Electricity,Electricity,10,-1,90.4657,0,0.0,0.0,37.2572,0.0,0,0,46930,0,11,BMW,i7 eDrive50 Sedan (20 inch Wheels),N,False,0,109,301,290.0,0.0,315.0,0.0,Automatic (A1),116.5,0.0,126.4,0.0,Large Cars,2024,7500,i7,,,,,EV,,,335 kW EESM,BMX,,0.0,,Mon Jul 31 00:00:00 EDT 2023,Sun Aug 25 00:00:00 EDT 2024,N,0,0,0,,,,,,,,,3
0.0911999999999999,0.0,0.0,11.0,85.8136,0,0.0,0.0,39.277,0.0,0,-1,0.0,0.0,88.4783,0,0.0,38.0941,0.0,0.0,,,Rear-Wheel Drive,711,,9,850,0,Electricity,Electricity,10,-1,91.9687,0,0.0,0.0,36.6483,0.0,0,0,46931,0,11,BMW,i7 eDrive50 Sedan (21 inch Wheels),N,False,0,109,311,301.0,0.0,323.0,0.0,Automatic (A1),119.9,0.0,128.5,0.0,Large Cars,2024,7750,i7,,,,,EV,,,335 kW EESM,BMX,,0.0,,Mon Jul 31 00:00:00 EDT 2023,Sun Aug 25 00:00:00 EDT 2024,N,0,0,0,,,,,,,,,3
0.1056,0.0,0.0,11.0,73.7753,0,0.0,0.0,45.686,0.0,0,-1,0.0,0.0,76.5699,0,0.0,44.0186,0.0,0.0,,,All-Wheel Drive,730,,9,1000,0,Electricity,Electricity,10,-1,80.287,0,0.0,0.0,41.9807,0.0,0,0,46932,0,11,BMW,i7 M70 xDrive Sedan (20 inch Wheels),N,False,0,109,274,264.0,0.0,287.0,0.0,Automatic (A1),103.1,0.0,112.2,0.0,Large Cars,2024,7000,i7,,,,,EV,,,360 kW EESM,BMX,,0.0,,Mon Jul 31 00:00:00 EDT 2023,Sun Aug 25 00:00:00 EDT 2024,N,0,0,0,,,,,,,,,3
0.1008,0.0,0.0,11.0,78.5696,0,0.0,0.0,42.8983,0.0,0,-1,0.0,0.0,81.1652,0,0.0,41.5264,0.0,0.0,,,All-Wheel Drive,731,,9,950,0,Electricity,Electricity,10,-1,84.5804,0,0.0,0.0,39.8497,0.0,0,0,46933,0,11,BMW,i7 M70 xDrive Sedan (21 inch Wheels),N,False,0,109,291,281.0,0.0,303.0,0.0,Automatic (A1),109.8,0.0,118.2,0.0,Large Cars,2024,7250,i7,,,,,EV,,,190 kW EESM,BMX,,0.0,,Mon Jul 31 00:00:00 EDT 2023,Sun Aug 25 00:00:00 EDT 2024,N,0,0,0,,,,,,,,,3
0.0911999999999999,0.0,0.0,11.0,86.9761,0,0.0,0.0,38.752,0.0,0,-1,0.0,0.0,89.5307,0,0.0,37.6463,0.0,0.0,,,4-Wheel Drive,719,,9,850,0,Electricity,Electricity,10,-1,92.8644,0,0.0,0.0,36.2949,0.0,0,0,46934,0,11,BMW,i7 xDrive60 Sedan (19 inch wheels),N,False,0,112,317,308.0,0.0,328.0,0.0,Automatic (A1),122.6,0.0,130.9,0.0,Large Cars,2024,7750,i7,,,,,EV,,,190 kW EESM,BMX,,0.0,,Mon Jul 31 00:00:00 EDT 2023,Sun Aug 25 00:00:00 EDT 2024,N,0,0,0,,,,,,,,,3
0.096,0.0,0.0,11.0,81.6554,0,0.0,0.0,41.2771,0.0,0,-1,0.0,0.0,83.8177,0,0.0,40.2123,0.0,0.0,,,4-Wheel Drive,720,,9,900,0,Electricity,Electricity,10,-1,86.6214,0,0.0,0.0,38.9107,0.0,0,0,46935,0,11,BMW,i7 xDrive60 Sedan (20 inch wheels),N,False,0,112,298,290.0,0.0,308.0,0.0,Automatic (A1),115.1,0.0,122.1,0.0,Large Cars,2024,7500,i7,,,,,EV,,,190 kW EESM,BMX,,0.0,,Mon Jul 31 00:00:00 EDT 2023,Sun Aug 25 00:00:00 EDT 2024,N,0,0,0,,,,,,,,,3
0.0911999999999999,0.0,0.0,11.0,86.1248,0,0.0,0.0,39.1351,0.0,0,-1,0.0,0.0,88.1104,0,0.0,38.2532,0.0,0.0,,,4-Wheel Drive,721,,9,850,0,Electricity,Electricity,10,-1,90.6652,0,0.0,0.0,37.1753,0.0,0,0,46936,0,11,BMW,i7 xDrive60 Sedan (21 inch wheels),N,False,0,112,307,300.0,0.0,316.0,0.0,Automatic (A1),121.4,0.0,127.8,0.0,Large Cars,2024,7750,i7,,,,,EV,,,190 kW EESM,BMX,,0.0,,Mon Jul 31 00:00:00 EDT 2023,Sun Aug 25 00:00:00 EDT 2024,N,0,0,0,,,,,,,,,3
0.1008,0.0,0.0,11.0,78.1193,0,0.0,0.0,43.1455,0.0,0,-1,0.0,0.0,79.6911,0,0.0,42.2946,0.0,0.0,,,All-Wheel Drive,131,,9,950,0,Electricity,Electricity,10,-1,81.7001,0,0.0,0.0,41.2545,0.0,0,0,46937,0,0,BMW,iX M60 (21 inch Wheels),N,False,0,0,296,290.0,0.0,303.0,0.0,Automatic (A1),106.9,0.0,111.8,0.0,Standard Sport Utility Vehicle 4WD,2024,7250,iX,,,,,EV,,,360 kW EESM,BMX,,0.0,,Mon Jul 31 00:00:00 EDT 2023,Sun Aug 25 00:00:00 EDT 2024,N,0,0,0,,,,,,,,,3
0.1008,0.0,0.0,11.0,78.1193,0,0.0,0.0,43.1455,0.0,0,-1,0.0,0.0,79.6911,0,0.0,42.2946,0.0,0.0,,,All-Wheel Drive,132,,9,950,0,Electricity,Electricity,10,-1,81.7001,0,0.0,0.0,41.2545,0.0,0,0,46938,0,0,BMW,iX M60 (22 inch Wheels),N,False,0,0,296,290.0,0.0,303.0,0.0,Automatic (A1),106.9,0.0,111.8,0.0,Standard Sport Utility Vehicle 4WD,2024,7250,iX,,,,,EV,,,190 kW EESM,BMX,,0.0,,Mon Jul 31 00:00:00 EDT 2023,Sun Aug 25 00:00:00 EDT 2024,N,0,0,0,,,,,,,,,3
0.0936,0.0,0.0,8.0,86.7212,0,0.0,0.0,38.866,0.0,0,-1,0.0,0.0,85.7238,0,0.0,39.3181,0.0,0.0,,,All-Wheel Drive,110,,9,900,0,Electricity,Electricity,10,-1,84.5355,0,0.0,0.0,39.8708,0.0,0,0,46939,0,0,BMW,iX xDrive40 (20 inch Wheels),N,False,0,0,217,219.0,0.0,214.0,0.0,Automatic (A1),123.0,0.0,119.9,0.0,Standard Sport Utility Vehicle 4WD,2024,7500,iX,,,,,EV,,,190 kW EESM,BMX,,0.0,,Mon Jul 31 00:00:00 EDT 2023,Sun Aug 25 00:00:00 EDT 2024,N,0,0,0,,,,,,,,,3
0.0936,0.0,0.0,8.0,86.7212,0,0.0,0.0,38.866,0.0,0,-1,0.0,0.0,85.7238,0,0.0,39.3181,0.0,0.0,,,All-Wheel Drive,111,,9,900,0,Electricity,Electricity,10,-1,84.5355,0,0.0,0.0,39.8708,0.0,0,0,46940,0,0,BMW,iX xDrive40 (21 inch Wheels),N,False,0,0,217,219.0,0.0,214.0,0.0,Automatic (A1),123.0,0.0,119.9,0.0,Standard Sport Utility Vehicle 4WD,2024,7500,iX,,,,,EV,,,190 kW EESM,BMX,,0.0,,Mon Jul 31 00:00:00 EDT 2023,Sun Aug 25 00:00:00 EDT 2024,N,0,0,0,,,,,,,,,3
0.0936,0.0,0.0,8.0,86.7212,0,0.0,0.0,38.866,0.0,0,-1,0.0,0.0,85.7238,0,0.0,39.3181,0.0,0.0,,,All-Wheel Drive,112,,9,900,0,Electricity,Electricity,10,-1,84.5355,0,0.0,0.0,39.8708,0.0,0,0,46941,0,0,BMW,iX xDrive40 (22 inch Wheels),N,False,0,0,217,219.0,0.0,214.0,0.0,Automatic (A1),123.0,0.0,119.9,0.0,Standard Sport Utility Vehicle 4WD,2024,7500,iX,,,,,EV,,,230 kW EESM,BMX,,0.0,,Mon Jul 31 00:00:00 EDT 2023,Sun Aug 25 00:00:00 EDT 2024,N,0,0,0,,,,,,,,,3
0.0984,0.0,0.0,11.0,82.6187,0,0.0,0.0,40.7958,0.0,0,-1,0.0,0.0,82.5552,0,0.0,40.8272,0.0,0.0,,,All-Wheel Drive,120,,9,900,0,Electricity,Electricity,10,-1,82.4776,0,0.0,0.0,40.8656,0.0,0,0,46942,0,0,BMW,iX xDrive50 (20 inch wheels),N,False,0,0,307,307.0,0.0,307.0,0.0,Automatic (A1),117.1,0.0,116.9,0.0,Standard Sport Utility Vehicle 4WD,2024,7500,iX,,,,,EV,,,190 kW EESM,BMX,,0.0,,Mon Jul 31 00:00:00 EDT 2023,Sun Aug 25 00:00:00 EDT 2024,N,0,0,0,,,,,,,,,3
0.0984,0.0,0.0,11.0,82.6187,0,0.0,0.0,40.7958,0.0,0,-1,0.0,0.0,82.5552,0,0.0,40.8272,0.0,0.0,,,All-Wheel Drive,121,,9,900,0,Electricity,Electricity,10,-1,82.4776,0,0.0,0.0,40.8656,0.0,0,0,46943,0,0,BMW,iX xDrive50 (21 inch wheels),N,False,0,0,307,307.0,0.0,307.0,0.0,Automatic (A1),117.1,0.0,116.9,0.0,Standard Sport Utility Vehicle 4WD,2024,7500,iX,,,,,EV,,,190 kW EESM,BMX,,0.0,,Mon Jul 31 00:00:00 EDT 2023,Sun Aug 25 00:00:00 EDT 2024,N,0,0,0,,,,,,,,,3
0.0984,0.0,0.0,11.0,82.6187,0,0.0,0.0,40.7958,0.0,0,-1,0.0,0.0,82.5552,0,0.0,40.8272,0.0,0.0,,,All-Wheel Drive,122,,9,900,0,Electricity,Electricity,10,-1,82.4776,0,0.0,0.0,40.8656,0.0,0,0,46944,0,0,BMW,iX xDrive50 (22 inch wheels),N,False,0,0,307,307.0,0.0,307.0,0.0,Automatic (A1),117.1,0.0,116.9,0.0,Standard Sport Utility Vehicle 4WD,2024,7500,iX,,,,,EV,,,230 kW EESM,BMX,,0.0,,Mon Jul 31 00:00:00 EDT 2023,Sun Aug 25 00:00:00 EDT 2024,N,0,0,0,,,,,,,,,3
0.0911999999999999,0.0,0.0,6.5,94.57,0,0.0,0.0,35.6403,0.0,0,-1,0.0,0.0,88.4883,0,0.0,38.0898,0.0,0.0,,,Rear-Wheel Drive,182,,9,850,0,Electricity,Electricity,10,-1,82.04,0,0.0,0.0,41.0836,0.0,0,0,46945,0,24,Cadillac,LYRIQ,N,False,0,105,314,334.0,0.0,290.0,0.0,Automatic (A1),135.1,0.0,117.2,0.0,Small Sport Utility Vehicle 2WD,2024,7750,LYRIQ,,,,,EV,,,255 kW ACPM,GMX,,0.0,,Mon Jul 31 00:00:00 EDT 2023,Sun Aug 25 00:00:00 EDT 2024,N,0,0,0,95.0,,8.3,,11.5,190.0,CCS,,3
0.1272,0.0,0.0,12.7,67.27,0,0.0,0.0,50.1041,0.0,0,-1,0.0,0.0,63.1385,0,0.0,53.3826,0.0,0.0,,,All-Wheel Drive,505,,9,1200,0,Electricity,Electricity,10,-1,58.73,0,0.0,0.0,57.3897,0.0,0,0,46946,0,0,Chevrolet,Silverado EV,N,False,0,0,450,477.0,0.0,417.0,0.0,Automatic (A1),96.1,0.0,83.9,0.0,Standard Pickup Trucks 4WD,2024,6000,Silverado,,,,,EV,,,191 kW ACPM,GMX,,0.0,,Mon Jul 31 00:00:00 EDT 2023,Sun Aug 25 00:00:00 EDT 2024,N,0,0,0,200.0,,10.4,,19.2,350.0,CCS,,3
0.0887999999999999,0.0,0.0,7.9,98.07,0,0.0,0.0,34.3683,0.0,0,-1,0.0,0.0,90.7108,0,0.0,37.1566,0.0,0.0,,,All-Wheel Drive,68,,9,850,0,Electricity,Electricity,10,-1,83.09,0,0.0,0.0,40.5644,0.0,0,0,46947,0,29,Genesis,Electrified GV70,N,False,0,103,236,253.0,0.0,215.0,0.0,Automatic (A1),140.1,0.0,118.7,0.0,Small Sport Utility Vehicle 4WD,2024,7750,GV70,,,,,EV,,,160 kW PMSM,HYX,,0.0,,Mon Jul 31 00:00:00 EDT 2023,Sun Aug 25 00:00:00 EDT 2024,N,0,0,0,,,,,,,,,3
0.0815999999999999,0.0,0.0,7.2,112.28,0,0.0,0.0,31.0,0.0,0,-1,0.0,0.0,101.7073,0,0.0,34.0,0.0,0.0,,,All-Wheel Drive,2,,10,750,0,Electricity,Electricity,10,-1,91.21,0,0.0,0.0,38.0,0.0,0,0,46948,0,24,Genesis,GV60 Advanced (19 inch Wheels),N,False,0,102,264,288.0,0.0,234.0,0.0,Automatic (A1),160.4,0.0,130.3,0.0,Small Sport Utility Vehicle 4WD,2024,8250,GV60,,,,,EV,,,74 kW PMSM,HYX,,0.0,,Mon Jul 31 00:00:00 EDT 2023,Sun Aug 25 00:00:00 EDT 2024,N,0,0,0,,,,,,,,,3
0.0839999999999999,0.0,0.0,7.2,103.25,0,0.0,0.0,32.6441,0.0,0,-1,0.0,0.0,94.947,0,0.0,35.4988,0.0,0.0,,,All-Wheel Drive,3,,10,800,0,Electricity,Electricity,10,-1,86.45,0,0.0,0.0,38.9879,0.0,0,0,46949,0,24,Genesis,GV60 Advanced (20 inch Wheels),N,False,0,102,248,268.0,0.0,224.0,0.0,Automatic (A1),147.5,0.0,123.5,0.0,Small Sport Utility Vehicle 4WD,2024,8000,GV60,,,,,EV,,,160 kW PMSM,HYX,,0.0,,Mon Jul 31 00:00:00 EDT 2023,Sun Aug 25 00:00:00 EDT 2024,N,0,0,0,,,,,,,,,3
0.0887999999999999,0.0,0.0,7.2,99.12,0,0.0,0.0,35.0,0.0,0,-1,0.0,0.0,91.5048,0,0.0,37.0,0.0,0.0,,,All-Wheel Drive,4,,9,850,0,Electricity,Electricity,10,-1,83.65,0,0.0,0.0,41.0,0.0,0,0,46950,0,24,Genesis,GV60 PERFORMANCE,N,False,0,102,235,253.0,0.0,213.0,0.0,Automatic (A1),141.6,0.0,119.5,0.0,Small Sport Utility Vehicle 4WD,2024,7750,GV60,,,,,EV,,,160 kW PMSM,HYX,,0.0,,Mon Jul 31 00:00:00 EDT 2023,Sun Aug 25 00:00:00 EDT 2024,N,0,0,0,74.0,,6.7,,11.0,235.0,CCS,,3
0.1512,0.0,0.0,10.5,58.5306,0,0.0,0.0,57.5853,0.0,0,-1,0.0,0.0,53.153,0,0.0,63.4112,0.0,0.0,,,All-Wheel Drive,502,,8,1450,0,Electricity,Electricity,10,-1,47.7869,0,0.0,0.0,70.5319,0.0,0,0,46951,0,0,GMC,Hummer EV Pickup,N,False,0,0,314,342.0,0.0,279.0,0.0,Automatic (A1),83.6151,0.0,68.267,0.0,Standard Pickup Trucks 4WD,2024,4750,Hummer EV,,,,,EV,,,214 kW PMSM,GMX,,0.0,,Mon Jul 31 00:00:00 EDT 2023,Sun Aug 25 00:00:00 EDT 2024,N,0,0,0,,,,,,,,,0
0.1512,0.0,0.0,10.5,58.87,0,0.0,0.0,57.2533,0.0,0,-1,0.0,0.0,53.4757,0,0.0,63.0286,0.0,0.0,,,All-Wheel Drive,504,,8,1400,0,Electricity,Electricity,10,-1,48.09,0,0.0,0.0,70.0873,0.0,0,0,46952,0,0,GMC,Hummer EV Pickup MT Tires,N,False,0,0,298,325.0,0.0,265.0,0.0,Automatic (A1),84.1,0.0,68.7,0.0,Standard Pickup Trucks 4WD,2024,5000,Hummer EV,,,,,EV,,,214 kW PMSM,GMX,,0.0,,Mon Jul 31 00:00:00 EDT 2023,Sun Aug 25 00:00:00 EDT 2024,N,0,0,0,,,,,,,,,0
0.1512,0.0,0.0,10.5,58.5306,0,0.0,0.0,57.5853,0.0,0,-1,0.0,0.0,53.153,0,0.0,63.4112,0.0,0.0,,,All-Wheel Drive,501,,8,1450,0,Electricity,Electricity,10,-1,47.7869,0,0.0,0.0,70.5319,0.0,0,0,46953,0,0,GMC,Hummer EV SUV,N,False,0,0,314,342.0,0.0,279.0,0.0,Automatic (A1),83.6151,0.0,68.267,0.0,Standard Sport Utility Vehicle 4WD,2024,4750,Hummer EV,,,,,EV,,,214 kW PMSM,GMX,,0.0,,Mon Jul 31 00:00:00 EDT 2023,Sun Aug 25 00:00:00 EDT 2024,N,0,0,0,,,,,,,,,0
0.1512,0.0,0.0,10.5,58.87,0,0.0,0.0,57.2533,0.0,0,-1,0.0,0.0,53.4757,0,0.0,63.0286,0.0,0.0,,,All-Wheel Drive,503,,8,1400,0,Electricity,Electricity,10,-1,48.09,0,0.0,0.0,70.0873,0.0,0,0,46954,0,0,GMC,Hummer EV SUV MT Tires,N,False,0,0,298,325.0,0.0,265.0,0.0,Automatic (A1),84.1,0.0,68.7,0.0,Standard Sport Utility Vehicle 4WD,2024,5000,Hummer EV,,,,,EV,,,214 kW PMSM,GMX,,0.0,,Mon Jul 31 00:00:00 EDT 2023,Sun Aug 25 00:00:00 EDT 2024,N,0,0,0,,,,,,,,,0
0.0648,0.0,0.0,7.5,133.35,0,0.0,0.0,25.2756,0.0,0,-1,0.0,0.0,123.7916,0,0.0,27.2272,0.0,0.0,,,All-Wheel Drive,62,,10,600,0,Electricity,Electricity,10,-1,113.82,0,0.0,0.0,29.6125,0.0,0,0,46955,0,11,Hyundai,Ioniq 6 Long range AWD (18 inch Wheels),N,False,0,105,316,338.0,0.0,289.0,0.0,Automatic (A1),190.5,0.0,162.6,0.0,Midsize Cars,2024,9000,Ioniq 6,,,,,EV,,,165 kW PMSM,HYX,,0.0,,Mon Jul 31 00:00:00 EDT 2023,Sun Aug 25 00:00:00 EDT 2024,N,0,0,0,,,,,,,,,0
0.0791999999999999,0.0,0.0,7.5,112.07,0,0.0,0.0,31.0,0.0,0,-1,0.0,0.0,103.6433,0,0.0,33.0,0.0,0.0,,,All-Wheel Drive,63,,10,750,0,Electricity,Electricity,10,-1,94.92,0,0.0,0.0,36.0,0.0,0,0,46956,0,11,Hyundai,Ioniq 6 Long range AWD (20 inch Wheels),N,False,0,105,270,290.0,0.0,246.0,0.0,Automatic (A1),160.1,0.0,135.6,0.0,Midsize Cars,2024,8250,Ioniq 6,,,,,EV,,,165 kW PMSM,HYX,,0.0,,Mon Jul 31 00:00:00 EDT 2023,Sun Aug 25 00:00:00 EDT 2024,N,0,0,0,,,,,,,,,0
0.0576,0.0,0.0,7.5,155.8242,0,0.0,0.0,22.0,0.0,0,-1,0.0,0.0,142.9851,0,0.0,24.0,0.0,0.0,,,Rear-Wheel Drive,60,,10,550,0,Electricity,Electricity,10,-1,129.9033,0,0.0,0.0,27.0,0.0,0,0,46957,0,11,Hyundai,Ioniq 6 Long range RWD (18 inch Wheels),N,False,0,105,361,390.0,0.0,325.0,0.0,Automatic (A1),208.6,0.0,173.9,0.0,Midsize Cars,2024,9250,Ioniq 6,,,,,EV,,,168 kW PMSM,HYX,,0.0,,Mon Jul 31 00:00:00 EDT 2023,Sun Aug 25 00:00:00 EDT 2024,N,0,0,0,,,,,,,,,0
0.0696,0.0,0.0,7.5,135.5574,0,0.0,0.0,26.0,0.0,0,-1,0.0,0.0,122.7568,0,0.0,29.0,0.0,0.0,,,Rear-Wheel Drive,61,,10,650,0,Electricity,Electricity,10,-1,110.055,0,0.0,0.0,32.0,0.0,0,0,46958,0,11,Hyundai,Ioniq 6 Long range RWD (20 inch Wheels),N,False,0,105,305,333.0,0.0,270.0,0.0,Automatic (A1),178.6,0.0,145.0,0.0,Midsize Cars,2024,8750,Ioniq 6,,,,,EV,,,168 kW PMSM,HYX,,0.0,,Mon Jul 31 00:00:00 EDT 2023,Sun Aug 25 00:00:00 EDT 2024,N,0,0,0,,,,,,,,,2
0.06,0.0,0.0,6.1,155.05,0,0.0,0.0,22.0,0.0,0,-1,0.0,0.0,139.012,0,0.0,25.0,0.0,0.0,,,Rear-Wheel Drive,59,,10,550,0,Electricity,Electricity,10,-1,123.41,0,0.0,0.0,28.0,0.0,0,0,46959,0,11,Hyundai,Ioniq 6 Standard Range RWD,N,False,0,105,240,264.0,0.0,210.0,0.0,Automatic (A1),221.5,0.0,176.3,0.0,Midsize Cars,2024,9250,Ioniq 6,,,,,EV,,,111 kW PMSM,HYX,,0.0,,Mon Jul 31 00:00:00 EDT 2023,Sun Aug 25 00:00:00 EDT 2024,N,0,0,0,,,,,,,,,2
0.072,0.0,0.0,8.5,133.98,0,0.0,0.0,25.0,0.0,0,-1,0.0,0.0,115.5444,0,0.0,30.0,0.0,0.0,,,Rear-Wheel Drive,34,,10,700,0,Electricity,Electricity,10,-1,98.91,0,0.0,0.0,35.0,0.0,0,0,46960,0,0,Hyundai,Ioniq 5 Long range RWD,Y,False,0,0,303,343.0,0.0,254.0,0.0,Automatic (A1),191.4,0.0,141.3,0.0,Small Sport Utility Vehicle 2WD,2024,8500,Ioniq 5,,,,,EV,,,168 kW PMSM,HYX,,0.0,,Mon Jul 31 00:00:00 EDT 2023,Sun Aug 25 00:00:00 EDT 2024,N,0,0,0,72.6,,6.6,,11.0,220.0,CCS2,,2
0.0744,0.0,0.0,6.3,128.73,0,0.0,0.0,26.0,0.0,0,-1,0.0,0.0,111.3328,0,0.0,31.0,0.0,0.0,,,Rear-Wheel Drive,35,,10,700,0,Electricity,Electricity,10,-1,95.55,0,0.0,0.0,36.0,0.0,0,0,46961,0,0,Hyundai,Ioniq 5 Standard range RWD,N,False,0,0,220,249.0,0.0,185.0,0.0,Automatic (A1),183.9,0.0,136.5,0.0,Small Sport Utility Vehicle 2WD,2024,8500,Ioniq 5,,,,,EV,,,125 kW PMSM,HYX,,0.0,,Mon Jul 31 00:00:00 EDT 2023,Sun Aug 25 00:00:00 EDT 2024,N,0,0,0,,,,,,,,,0
0.0815999999999999,0.0,0.0,8.5,109.83,0,0.0,0.0,30.6883,0.0,0,-1,0.0,0.0,99.0723,0,0.0,34.0206,0.0,0.0,,,All-Wheel Drive,33,,10,750,0,Electricity,Electricity,10,-1,88.48,0,0.0,0.0,38.0934,0.0,0,0,46962,0,0,Hyundai,Ioniq 5 Long range AWD,Y,False,0,0,260,285.0,0.0,230.0,0.0,Automatic (A1),156.9,0.0,126.4,0.0,Small Sport Utility Vehicle 4WD,2024,8250,Ioniq 5,,,,,EV,,,165 kW PMSM,HYX,,0.0,,Mon Jul 31 00:00:00 EDT 2023,Sun Aug 25 00:00:00 EDT 2024,N,0,0,0,72.6,,6.6,,11.0,220.0,CCS2,,0
0.0936,0.0,0.0,13.0,88.7855,0,0.0,0.0,37.9623,0.0,0,-1,0.0,0.0,85.4362,0,0.0,39.4505,0.0,0.0,,,4-Wheel Drive,591,,9,900,0,Electricity,Electricity,10,-1,81.6706,0,0.0,0.0,41.2694,0.0,0,0,46963,0,0,Jaguar,I-Pace EV400 (20 inch tires),N,False,0,0,246,255.0,0.0,235.0,0.0,Automatic (A1),117.3,0.0,107.9,0.0,Small Sport Utility Vehicle 4WD,2024,7500,I-Pace,,,,,EV,,,147 kW PMSM,JLX,,0.0,,Mon Jul 31 00:00:00 EDT 2023,Sun Aug 25 00:00:00 EDT 2024,N,0,0,0,,,,,,,,,0
0.108,0.0,0.0,13.0,78.5551,0,0.0,0.0,42.9062,0.0,0,-1,0.0,0.0,75.5029,0,0.0,44.6407,0.0,0.0,,,4-Wheel Drive,593,,9,1000,0,Electricity,Electricity,10,-1,72.08,0,0.0,0.0,46.7605,0.0,0,0,46964,0,0,Jaguar,I-Pace EV400 (22 inch tires),N,False,0,0,217,225.0,0.0,207.0,0.0,Automatic (A1),110.4,0.0,101.3,0.0,Small Sport Utility Vehicle 4WD,2024,7000,I-Pace,,,,,EV,,,147 kW PMSM,JLX,,0.0,,Mon Jul 31 00:00:00 EDT 2023,Sun Aug 25 00:00:00 EDT 2024,N,0,0,0,,,,,,,,,0
0.0696,0.0,0.0,8.7,138.18,0,0.0,0.0,25.0,0.0,0,-1,0.0,0.0,120.22,0,0.0,29.0,0.0,0.0,,,Rear-Wheel Drive,37,,10,650,0,Electricity,Electricity,10,-1,103.74,0,0.0,0.0,33.0,0.0,0,0,46965,0,0,Kia,EV6 Long Range RWD,N,False,0,0,310,349.0,0.0,262.0,0.0,Automatic (A1),197.4,0.0,148.2,0.0,Small Sport Utility Vehicle 2WD,2024,8750,EV6,,,,,EV,,,186 kW PMSM,KMX,,0.0,,Mon Jul 31 00:00:00 EDT 2023,Sun Aug 25 00:00:00 EDT 2024,N,0,0,0,,,,,,,,,0
0.0696,0.0,0.0,6.3,138.04,0,0.0,0.0,25.0,0.0,0,-1,0.0,0.0,119.0536,0,0.0,29.0,0.0,0.0,,,Rear-Wheel Drive,36,,10,650,0,Electricity,Electricity,10,-1,101.92,0,0.0,0.0,34.0,0.0,0,0,46966,0,0,Kia,EV6 Standard Range RWD,N,False,0,0,232,263.0,0.0,194.0,0.0,Automatic (A1),197.2,0.0,145.6,0.0,Small Sport Utility Vehicle 2WD,2024,8750,EV6,,,,,EV,,,125 kW PMSM,KMX,,0.0,,Mon Jul 31 00:00:00 EDT 2023,Sun Aug 25 00:00:00 EDT 2024,N,0,0,0,,,,,,,,,0
0.0696,0.0,0.0,7.5,128.1,0,0.0,0.0,27.0,0.0,0,-1,0.0,0.0,115.2255,0,0.0,29.0,0.0,0.0,,,Front-Wheel Drive,30,,10,650,0,Electricity,Electricity,10,-1,102.62,0,0.0,0.0,33.0,0.0,0,0,46967,0,23,Kia,Niro Electric,N,False,0,100,253,278.0,0.0,223.0,0.0,Automatic (A1),183.0,0.0,146.6,0.0,Small Sport Utility Vehicle 2WD,2024,8750,Niro,,,,,EV,,,150 kW PMSM,KMX,,0.0,,Mon Jul 31 00:00:00 EDT 2023,Sun Aug 25 00:00:00 EDT 2024,N,0,0,0,,,,,,,,,0
0.0984,0.0,0.0,7.7,92.26,0,0.0,0.0,38.0,0.0,0,-1,0.0,0.0,86.7145,0,0.0,41.0,0.0,0.0,,,All-Wheel Drive,33,,9,900,0,Electricity,Electricity,10,-1,80.78,0,0.0,0.0,44.0,0.0,0,0,46968,0,0,Kia,EV6 AWD GT,N,False,0,0,218,231.0,0.0,202.0,0.0,Automatic (A1),131.8,0.0,115.4,0.0,Small Sport Utility Vehicle 4WD,2024,7500,EV6,,,,,EV,,,160 kW PMSM,KMX,,0.0,,Mon Jul 31 00:00:00 EDT 2023,Sun Aug 25 00:00:00 EDT 2024,N,0,0,0,,,,,,,,,0
0.0744,0.0,0.0,8.4,119.56,0,0.0,0.0,28.1909,0.0,0,-1,0.0,0.0,108.5174,0,0.0,31.0595,0.0,0.0,,,All-Wheel Drive,34,,10,700,0,Electricity,Electricity,10,-1,97.51,0,0.0,0.0,34.5657,0.0,0,0,46969,0,0,Kia,EV6 Long Range AWD (19 inch Wheels),N,False,0,0,282,308.0,0.0,251.0,0.0,Automatic (A1),170.8,0.0,139.3,0.0,Small Sport Utility Vehicle 4WD,2024,8500,EV6,,,,,EV,,,165 kW PMSM,KMX,,0.0,,Mon Jul 31 00:00:00 EDT 2023,Sun Aug 25 00:00:00 EDT 2024,N,0,0,0,,,,,,,,,0
0.0839999999999999,0.0,0.0,8.4,108.36,0,0.0,0.0,32.0,0.0,0,-1,0.0,0.0,98.41,0,0.0,35.0,0.0,0.0,,,All-Wheel Drive,35,,10,800,0,Electricity,Electricity,10,-1,88.48,0,0.0,0.0,39.0,0.0,0,0,46970,0,0,Kia,EV6 Long Range AWD (20 inch Wheels),N,False,0,0,252,275.0,0.0,224.0,0.0,Automatic (A1),154.8,0.0,126.4,0.0,Small Sport Utility Vehicle 4WD,2024,8000,EV6,,,,,EV,,,165 kW PMSM,KMX,,0.0,,Mon Jul 31 00:00:00 EDT 2023,Sun Aug 25 00:00:00 EDT 2024,N,0,0,0,,,,,,,,,0
0.1104,0.0,0.0,10.75,78.5757,0,0.0,0.0,44.0,0.0,0,-1,0.0,0.0,75.9291,0,0.0,46.0,0.0,0.0,,,All-Wheel Drive,922,,9,1050,0,Electricity,Electricity,10,-1,72.9269,0,0.0,0.0,48.0,0.0,0,0,46971,0,23,Mercedes-Benz,AMG EQE 4matic Plus (SUV),N,False,0,107,235,243.0,0.0,225.0,0.0,Automatic (A1),108.5,0.0,100.7,0.0,Standard Sport Utility Vehicle 4WD,2024,6750,EQE,,,,,EV,,,165 kW PMSM 3-Phase,MBX,,0.0,,Mon Jul 31 00:00:00 EDT 2023,Sun Aug 25 00:00:00 EDT 2024,Y,0,0,0,,,,,,,,,3
0.0744,0.0,0.0,4.0,118.72,0,0.0,0.0,28.3903,0.0,0,-1,0.0,0.0,109.7383,0,0.0,30.714,0.0,0.0,,,Front-Wheel Drive,92,,10,700,0,Electricity,Electricity,10,-1,100.45,0,0.0,0.0,33.554,0.0,9,80,46972,0,0,MINI,Cooper SE Hardtop 2 door,Y,False,0,0,114,122.0,0.0,104.0,0.0,Automatic (A1),169.6,0.0,143.5,0.0,Subcompact Cars,2024,8500,Cooper,,,,,EV,,,135 kW DCPM,BMX,,0.0,,Mon Jul 31 00:00:00 EDT 2023,Sun Aug 25 00:00:00 EDT 2024,N,0,0,0,,,,,,,,,3
0.072,0.0,0.0,8.0,122.92,0,0.0,0.0,27.4203,0.0,0,-1,0.0,0.0,110.7755,0,0.0,30.4264,0.0,0.0,,,Front-Wheel Drive,902,,10,700,0,Electricity,Electricity,10,-1,98.84,0,0.0,0.0,34.1006,0.0,24,92,46973,0,0,Nissan,LEAF,N,False,0,0,149,163.0,0.0,131.0,0.0,Automatic (A1),175.6,0.0,141.2,0.0,Midsize Cars,2024,8500,LEAF,,,,,EV,,,110 kW DCPM,NSX,,0.0,,Mon Jul 31 00:00:00 EDT 2023,Sun Aug 25 00:00:00 EDT 2024,N,0,0,0,40.0,,6.1,,6.6,50.0,CHAdeMO,,1
0.0744,0.0,0.0,11.0,121.03,0,0.0,0.0,27.8485,0.0,0,-1,0.0,0.0,109.4944,0,0.0,30.7824,0.0,0.0,,,Front-Wheel Drive,904,,10,700,0,Electricity,Electricity,10,-1,98.07,0,0.0,0.0,34.3683,0.0,24,92,46974,0,0,Nissan,LEAF SV,N,False,0,0,212,232.0,0.0,188.0,0.0,Automatic (A1),172.9,0.0,140.1,0.0,Midsize Cars,2024,8500,LEAF,,,,,EV,,,160 kW DCPM,NSX,,0.0,,Mon Jul 31 00:00:00 EDT 2023,Sun Aug 25 00:00:00 EDT 2024,N,0,0,0,,,,,,,,,1
0.0768,0.0,0.0,8.0,112.097,0,0.0,0.0,30.0677,0.0,0,-1,0.0,0.0,106.2735,0,0.0,31.7153,0.0,0.0,,,All-Wheel Drive,248,,10,700,0,Electricity,Electricity,10,-1,99.9285,0,0.0,0.0,33.7291,0.0,26,89,46975,0,0,Polestar,2 Dual Motor (19 Inch Wheels),N,False,0,0,276,290.0,0.0,259.0,0.0,Automatic (A1),152.0,0.0,135.5,0.0,Midsize Cars,2024,8500,2,,,,,EV,,,200 kW ACPM,VVX,,0.0,,Mon Jul 31 00:00:00 EDT 2023,Sun Aug 25 00:00:00 EDT 2024,N,0,0,0,,,,,,,,,1
0.0791999999999999,0.0,0.0,8.0,112.097,0,0.0,0.0,31.0,0.0,0,-1,0.0,0.0,106.2735,0,0.0,33.0,0.0,0.0,,,All-Wheel Drive,257,,10,750,0,Electricity,Electricity,10,-1,99.9285,0,0.0,0.0,35.0,0.0,26,89,46976,0,0,Polestar,2 Dual Motor (20 Inch Wheels),N,False,0,0,266,280.0,0.0,249.0,0.0,Automatic (A1),152.0,0.0,135.5,0.0,Midsize Cars,2024,8250,2,,,,,EV,,,135 kW AC Induction,VVX,,0.0,,Mon Jul 31 00:00:00 EDT 2023,Sun Aug 25 00:00:00 EDT 2024,N,0,0,0,,,,,,,,,3
0.0839999999999999,0.0,0.0,8.0,112.097,0,0.0,0.0,34.0,0.0,0,-1,0.0,0.0,106.2735,0,0.0,35.0,0.0,0.0,,,All-Wheel Drive,249,,10,800,0,Electricity,Electricity,10,-1,99.9285,0,0.0,0.0,38.0,0.0,26,89,46977,0,0,Polestar,2 Dual Motor Performance Pack,N,False,0,0,247,260.0,0.0,231.0,0.0,Automatic (A1),152.0,0.0,135.5,0.0,Midsize Cars,2024,8000,2,,,,,EV,,,110 kW AC Induction,VVX,,0.0,,Mon Jul 31 00:00:00 EDT 2023,Sun Aug 25 00:00:00 EDT 2024,N,0,0,0,,,,,,,,,3
0.0696,0.0,0.0,8.0,124.4386,0,0.0,0.0,27.0856,0.0,0,-1,0.0,0.0,115.3339,0,0.0,29.2238,0.0,0.0,,,Rear-Wheel Drive,250,,10,650,0,Electricity,Electricity,10,-1,105.8668,0,0.0,0.0,31.8372,0.0,26,89,46978,0,0,Polestar,2 Single Motor (19 Inch Wheels),Y,False,0,0,320,343.0,0.0,292.0,0.0,Automatic (A1),172.2,0.0,146.5,0.0,Midsize Cars,2024,8750,2,,,,,EV,,,220 kW ACPM,VVX,,0.0,,Mon Jul 31 00:00:00 EDT 2023,Sun Aug 25 00:00:00 EDT 2024,N,0,0,0,,,,,,,,,3
0.072,0.0,0.0,8.0,124.4386,0,0.0,0.0,28.0,0.0,0,-1,0.0,0.0,115.3339,0,0.0,30.0,0.0,0.0,,,Rear-Wheel Drive,258,,10,700,0,Electricity,Electricity,10,-1,105.8668,0,0.0,0.0,33.0,0.0,26,89,46979,0,0,Polestar,2 Single Motor (20 Inch Wheels),N,False,0,0,307,329.0,0.0,280.0,0.0,Automatic (A1),172.2,0.0,146.5,0.0,Midsize Cars,2024,8500,2,,,,,EV,,,135 kW AC Induction,VVX,,0.0,,Mon Jul 31 00:00:00 EDT 2023,Sun Aug 25 00:00:00 EDT 2024,N,0,0,0,,,,,,,,,3
0.0744,0.0,0.0,8.0,117.7635,0,0.0,0.0,28.6209,0.0,0,-1,0.0,0.0,107.0118,0,0.0,31.4965,0.0,0.0,,,Rear-Wheel Drive,252,,10,700,0,Electricity,Electricity,10,-1,96.2692,0,0.0,0.0,35.0112,0.0,0,0,46980,0,0,Volvo,C40 Recharge,N,False,0,0,297,324.0,0.0,265.0,0.0,Automatic (A1),168.2,0.0,137.5,0.0,Small Sport Utility Vehicle 2WD,2024,8500,C40,,,,,EV,,,110 kW AC Induction,VVX,,0.0,,Mon Jul 31 00:00:00 EDT 2023,Sun Aug 25 00:00:00 EDT 2024,N,0,0,0,,,,,,,,,0
0.0768,0.0,0.0,8.0,117.7078,0,0.0,0.0,28.6345,0.0,0,-1,0.0,0.0,106.3461,0,0.0,31.6937,0.0,0.0,,,Rear-Wheel Drive,251,,10,700,0,Electricity,Electricity,10,-1,95.1239,0,0.0,0.0,35.4327,0.0,0,0,46981,0,0,Volvo,XC40 Recharge,Y,False,0,0,293,321.0,0.0,259.0,0.0,Automatic (A1),164.7,0.0,133.1,0.0,Small Sport Utility Vehicle 2WD,2024,8500,XC40,,,,,EV,,,220 kW ACPM,VVX,,0.0,,Mon Jul 31 00:00:00 EDT 2023,Sun Aug 25 00:00:00 EDT 2024,N,0,0,0,,,,,,,,,0
0.0815999999999999,0.0,0.0,8.0,105.9868,0,0.0,0.0,31.8011,0.0,0,-1,0.0,0.0,98.6422,0,0.0,34.169,0.0,0.0,,,All-Wheel Drive,247,,10,750,0,Electricity,Electricity,10,-1,90.9398,0,0.0,0.0,37.063,0.0,0,0,46982,0,0,Volvo,C40 Recharge twin,N,False,0,0,257,275.0,0.0,236.0,0.0,Automatic (A1),145.1,0.0,124.5,0.0,Small Sport Utility Vehicle 4WD,2024,8250,C40,,,,,EV,,,135 kW AC Induction,VVX,,0.0,,Mon Jul 31 00:00:00 EDT 2023,Sun Aug 25 00:00:00 EDT 2024,N,0,0,0,,,,,,,,,0
0.0815999999999999,0.0,0.0,8.0,105.6704,0,0.0,0.0,31.8963,0.0,0,-1,0.0,0.0,97.7413,0,0.0,34.4839,0.0,0.0,,,All-Wheel Drive,246,,10,800,0,Electricity,Electricity,10,-1,89.5303,0,0.0,0.0,37.6465,0.0,0,0,46983,0,0,Volvo,XC40 Recharge twin,N,False,0,0,254,273.0,0.0,231.0,0.0,Automatic (A1),146.0,0.0,123.7,0.0,Small Sport Utility Vehicle 4WD,2024,8000,XC40,,,,,EV,,,110 kW AC Induction,VVX,,0.0,,Mon Jul 31 00:00:00 EDT 2023,Sun Aug 25 00:00:00 EDT 2024,N,0,0,0,,,,,,,,,0
0.0887999999999999,0.0,0.0,0.0,98.6593,0,0.0,0.0,34.163,0.0,0,-1,0.0,0.0,91.5502,0,0.0,36.8159,0.0,0.0,,,Part-time 4-Wheel Drive,110,,10,850,0,Electricity,Electricity,10,-1,84.1399,0,0.0,0.0,40.0583,0.0,0,0,46984,0,0,Fisker,Ocean Extreme One,Y,False,0,0,360,0.0,0.0,0.0,0.0,Automatic (A1),135.9,0.0,115.9,0.0,Standard Sport Utility Vehicle 4WD,2023,7750,Ocean,,,,,EV,,,207 and 207  kW AC Induction,FGI,,0.0,,Mon Jul 31 00:00:00 EDT 2023,Mon Jul 31 00:00:00 EDT 2023,N,0,0,0,,,,,,,,,1
0.0791999999999999,0.0,0.0,7.4,106.96,0,0.0,0.0,31.5714,0.0,0,-1,0.0,0.0,101.2917,0,0.0,33.3071,0.0,0.0,,,Rear-Wheel Drive,182,,10,750,0,Electricity,Electricity,10,-1,95.13,0,0.0,0.0,33.3071,0.0,0,0,46985,0,0,Ford,Mustang Mach-E RWD LFP,N,False,0,0,250,0.0,0.0,0.0,0.0,Automatic (A1),152.8,0.0,135.9,0.0,Small Sport Utility Vehicle 2WD,2023,8250,Mustang Mach-E,,,,,EV,,,198 kW ACPM,FMX,,0.0,,Mon Jul 31 00:00:00 EDT 2023,Mon Jul 31 00:00:00 EDT 2023,N,0,0,0,,,,,,,,,1
0.0768,0.0,0.0,10.0,115.0,0,0.0,0.0,28.7806,0.0,0,-1,0.0,0.0,107.0,0,0.0,32.0,0.0,0.0,,,All-Wheel Drive,148,,10,700,0,Electricity,Electricity,10,-1,98.0,0,0.0,0.0,34.0283,0.0,0,0,46986,0,0,Lexus,RZ 450e AWD (18 inch Wheels),N,False,0,0,220,236.4,0.0,200.0,0.0,Automatic (A1),167.3,0.0,141.5,0.0,Small Sport Utility Vehicle 4WD,2023,8500,RZ,,,,,EV,,,80 and 150 kW AC Synchronous,TYX,,0.0,,Mon Jul 31 00:00:00 EDT 2023,Thu Sep 07 00:00:00 EDT 2023,N,0,0,0,,,,,,,,,0
0.0863999999999999,0.0,0.0,10.0,102.0,0,0.0,0.0,33.0,0.0,0,-1,0.0,0.0,95.0,0,0.0,36.0,0.0,0.0,,,All-Wheel Drive,149,,10,800,0,Electricity,Electricity,10,-1,87.0,0,0.0,0.0,39.0,0.0,0,0,46987,0,0,Lexus,RZ 450e AWD (20 inch Wheels),N,False,0,0,196,210.9,0.0,177.8,0.0,Automatic (A1),148.6,0.0,125.3,0.0,Small Sport Utility Vehicle 4WD,2023,8000,RZ,,,,,EV,,,80 and 150 kW AC Synchronous,TYX,,0.0,,Mon Jul 31 00:00:00 EDT 2023,Thu Sep 07 00:00:00 EDT 2023,N,0,0,0,,,,,,,,,0
0.0887999999999999,0.0,0.0,5.3,98.07,0,0.0,0.0,34.3683,0.0,0,-1,0.0,0.0,91.7128,0,0.0,36.7506,0.0,0.0,,,Front-Wheel Drive,801,,10,850,0,Electricity,Electricity,10,-1,84.98,0,0.0,0.0,39.6623,0.0,21,90,46988,0,0,Mazda,MX-30,N,False,0,0,100,0.0,0.0,0.0,0.0,Automatic (A1),140.1,0.0,121.4,0.0,Midsize Cars,2023,7750,MX-30,,,,,EV,,,81 kW AC PMSM,TKX,,0.0,,Mon Jul 31 00:00:00 EDT 2023,Mon Jul 01 00:00:00 EDT 2024,N,0,0,0,,,,,,,,,0
0.0887999999999999,0.0,0.0,13.0,97.23,0,0.0,0.0,34.6652,0.0,0,-1,0.0,0.0,91.9925,0,0.0,36.6389,0.0,0.0,,,All-Wheel Drive,5,,10,800,0,Electricity,Electricity,10,-1,86.31,0,0.0,0.0,39.0511,0.0,0,0,46989,0,23,Nissan,ARIYA ENG Plus/EVO Plus e-4ORCE 87kWh,N,False,0,101,272,0.0,0.0,0.0,0.0,Automatic (A1),138.9,0.0,123.3,0.0,Small Station Wagons,2023,8000,ARIYA,,,,,EV,,,160 and 160 AC 3-phase,NSX,,0.0,,Mon Jul 31 00:00:00 EDT 2023,Thu Oct 19 00:00:00 EDT 2023,N,0,0,0,,,,,,,,,0
0.0839999999999999,0.0,0.0,10.0,101.08,0,0.0,0.0,33.3449,0.0,0,-1,0.0,0.0,95.4981,0,0.0,35.2939,0.0,0.0,,,All-Wheel Drive,2,,10,800,0,Electricity,Electricity,10,-1,89.46,0,0.0,0.0,37.6761,0.0,0,0,46990,0,23,Nissan,ARIYA ENGAGE e-4ORCE 63kWh,N,False,0,101,205,0.0,0.0,0.0,0.0,Automatic (A1),144.4,0.0,127.8,0.0,Small Station Wagons,2023,8000,ARIYA,,,,,EV,,,160 and 160 AC 3-phase,NSX,,0.0,,Mon Jul 31 00:00:00 EDT 2023,Thu Oct 19 00:00:00 EDT 2023,N,0,0,0,,,,,,,,,0
0.0887999999999999,0.0,0.0,14.0,93.24,0,0.0,0.0,36.1486,0.0,0,-1,0.0,0.0,90.1254,0,0.0,37.3979,0.0,0.0,,,All-Wheel Drive,6,,10,850,0,Electricity,Electricity,10,-1,86.59,0,0.0,0.0,38.9248,0.0,0,0,46991,0,23,Nissan,ARIYA PLAT Plus e-4ORCE 87kWh 19,N,False,0,97,267,0.0,0.0,0.0,0.0,Automatic (A1),133.2,0.0,123.7,0.0,Small Station Wagons,2023,7750,ARIYA,,,,,EV,,,160 and 160 AC 3-phase,NSX,,0.0,,Mon Jul 31 00:00:00 EDT 2023,Thu Oct 19 00:00:00 EDT 2023,N,0,0,0,,,,,,,,,1
0.0936,0.0,0.0,14.0,89.39,0,0.0,0.0,37.7056,0.0,0,-1,0.0,0.0,86.7801,0,0.0,38.8396,0.0,0.0,,,All-Wheel Drive,7,,10,850,0,Electricity,Electricity,10,-1,83.79,0,0.0,0.0,40.2256,0.0,0,0,46992,0,23,Nissan,ARIYA PLAT Plus e-4ORCE 87kWh 20,N,False,0,97,257,0.0,0.0,0.0,0.0,Automatic (A1),127.7,0.0,119.7,0.0,Small Station Wagons,2023,7750,ARIYA,,,,,EV,,,160 and 160 AC 3-phase,NSX,,0.0,,Mon Jul 31 00:00:00 EDT 2023,Thu Oct 19 00:00:00 EDT 2023,N,0,0,0,,,,,,,,,1
0.1296,0.0,0.0,13.0,65.4226,0,0.0,0.0,51.5189,0.0,0,-1,0.0,0.0,62.7679,0,0.0,53.6978,0.0,0.0,,,All-Wheel Drive,8,,9,1200,0,Electricity,Electricity,10,-1,59.8021,0,0.0,0.0,56.3609,0.0,0,0,46993,0,0,Rivian,R1S 20 inch All-Terrain,N,False,0,0,274,284.9,0.0,261.1,0.0,Automatic (A1),87.3,0.0,79.8,0.0,Standard Sport Utility Vehicle 4WD,2023,6000,R1S,,,,,EV,,,"162, 162, 163, 163 kW AC 3-Phase",RIV,,0.0,,Mon Jul 31 00:00:00 EDT 2023,Mon Jul 31 00:00:00 EDT 2023,N,0,0,0,,,,,,,,,1
0.1176,0.0,0.0,13.0,72.1149,0,0.0,0.0,46.7379,0.0,0,-1,0.0,0.0,68.4496,0,0.0,49.2406,0.0,0.0,,,Part-time 4-Wheel Drive,18,,9,1100,0,Electricity,Electricity,10,-1,64.4461,0,0.0,0.0,52.2995,0.0,0,0,46994,0,0,Rivian,R1S 20 inch All-Terrain Dual Large,N,False,0,0,307,0.0,0.0,0.0,0.0,Automatic (A1),102.5,0.0,91.6,0.0,Standard Sport Utility Vehicle 4WD,2023,6500,R1S,,,,,EV,,,208 kW ACPM,RIV,,0.0,,Mon Jul 31 00:00:00 EDT 2023,Mon Jul 31 00:00:00 EDT 2023,N,0,0,0,,,,,,,,,1
0.1176,0.0,0.0,13.0,72.1149,0,0.0,0.0,46.7379,0.0,0,-1,0.0,0.0,68.4496,0,0.0,49.2406,0.0,0.0,,,Part-time 4-Wheel Drive,24,,9,1100,0,Electricity,Electricity,10,-1,64.4461,0,0.0,0.0,52.2995,0.0,0,0,46995,0,0,Rivian,R1S 20 inch All-Terrain Performance Dual Large,N,False,0,0,307,0.0,0.0,0.0,0.0,Automatic (A1),102.5,0.0,91.6,0.0,Standard Sport Utility Vehicle 4WD,2023,6500,R1S,,,,,EV,,,208 kW ACPM,RIV,,0.0,,Mon Jul 31 00:00:00 EDT 2023,Mon Jul 31 00:00:00 EDT 2023,N,0,0,0,,,,,,,,,1
0.1032,0.0,0.0,13.0,81.7384,0,0.0,0.0,41.2352,0.0,0,-1,0.0,0.0,77.9742,0,0.0,43.2259,0.0,0.0,,,Part-time 4-Wheel Drive,12,,10,950,0,Electricity,Electricity,10,-1,73.8192,0,0.0,0.0,45.6589,0.0,0,0,46996,0,0,Rivian,R1S 21 inch Dual Large,N,False,0,0,352,0.0,0.0,0.0,0.0,Automatic (A1),115.6,0.0,104.4,0.0,Standard Sport Utility Vehicle 4WD,2023,7250,R1S,,,,,EV,,,418 kW ACPM,RIV,,0.0,,Mon Jul 31 00:00:00 EDT 2023,Mon Jul 31 00:00:00 EDT 2023,N,0,0,0,,,,,,,,,1
0.1032,0.0,0.0,13.0,81.7384,0,0.0,0.0,41.2352,0.0,0,-1,0.0,0.0,77.9742,0,0.0,43.2259,0.0,0.0,,,Part-time 4-Wheel Drive,22,,10,950,0,Electricity,Electricity,10,-1,73.8192,0,0.0,0.0,45.6589,0.0,0,0,46997,0,0,Rivian,R1S 21 inch Performance Dual Large,N,False,0,0,352,0.0,0.0,0.0,0.0,Automatic (A1),115.6,0.0,104.4,0.0,Standard Sport Utility Vehicle 4WD,2023,7250,R1S,,,,,EV,,,496 kW ACPM,RIV,,0.0,,Mon Jul 31 00:00:00 EDT 2023,Mon Jul 31 00:00:00 EDT 2023,N,0,0,0,,,,,,,,,2
0.108,0.0,0.0,13.0,79.5846,0,0.0,0.0,42.3512,0.0,0,-1,0.0,0.0,75.3343,0,0.0,44.7406,0.0,0.0,,,Part-time 4-Wheel Drive,13,,10,1000,0,Electricity,Electricity,10,-1,70.7182,0,0.0,0.0,47.661,0.0,0,0,46998,0,0,Rivian,R1S 22 inch Dual Large,N,False,0,0,341,0.0,0.0,0.0,0.0,Automatic (A1),112.2,0.0,99.7,0.0,Standard Sport Utility Vehicle 4WD,2023,7000,R1S,,,,,EV,,,418 kW ACPM,RIV,,0.0,,Mon Jul 31 00:00:00 EDT 2023,Mon Jul 31 00:00:00 EDT 2023,N,0,0,0,,,,,,,,,2
0.108,0.0,0.0,13.0,79.5846,0,0.0,0.0,42.3512,0.0,0,-1,0.0,0.0,75.3343,0,0.0,44.7406,0.0,0.0,,,Part-time 4-Wheel Drive,21,,10,1000,0,Electricity,Electricity,10,-1,70.7182,0,0.0,0.0,47.661,0.0,0,0,46999,0,0,Rivian,R1S 22 inch Performance Dual Large,N,False,0,0,341,0.0,0.0,0.0,0.0,Automatic (A1),112.2,0.0,99.7,0.0,Standard Sport Utility Vehicle 4WD,2023,7000,R1S,,,,,EV,,,496 kW ACPM,RIV,,0.0,,Mon Jul 31 00:00:00 EDT 2023,Mon Jul 31 00:00:00 EDT 2023,N,0,0,0,,,,,,,,,2
0.1032,0.0,0.0,13.0,81.7384,0,0.0,0.0,41.2352,0.0,0,-1,0.0,0.0,77.9742,0,0.0,43.2259,0.0,0.0,,,Part-time 4-Wheel Drive,11,,10,950,0,Electricity,Electricity,10,-1,73.8192,0,0.0,0.0,45.6589,0.0,0,0,47000,0,0,Rivian,R1T 21 inch Dual Large,N,False,0,0,352,0.0,0.0,0.0,0.0,Automatic (A1),115.6,0.0,104.4,0.0,Standard Pickup Trucks 4WD,2023,7250,R1T,,,,,EV,,,418 kW ACPM,RIV,,0.0,,Mon Jul 31 00:00:00 EDT 2023,Mon Jul 31 00:00:00 EDT 2023,N,0,0,0,,,,,,,,,3
0.1032,0.0,0.0,13.0,81.7384,0,0.0,0.0,41.2352,0.0,0,-1,0.0,0.0,77.9742,0,0.0,43.2259,0.0,0.0,,,Part-time 4-Wheel Drive,23,,10,950,0,Electricity,Electricity,10,-1,73.8192,0,0.0,0.0,45.6589,0.0,0,0,47001,0,0,Rivian,R1T 21 inch Performance Dual Large,N,False,0,0,352,0.0,0.0,0.0,0.0,Automatic (A1),115.6,0.0,104.4,0.0,Standard Pickup Trucks 4WD,2023,7250,R1T,,,,,EV,,,496 kW ACPM,RIV,,0.0,,Mon Jul 31 00:00:00 EDT 2023,Mon Jul 31 00:00:00 EDT 2023,N,0,0,0,,,,,,,,,3
0.1056,0.0,0.0,13.0,80.2542,0,0.0,0.0,41.9978,0.0,0,-1,0.0,0.0,75.7791,0,0.0,44.478,0.0,0.0,,,Part-time 4-Wheel Drive,14,,10,1000,0,Electricity,Electricity,10,-1,70.9441,0,0.0,0.0,47.5092,0.0,0,0,47002,0,0,Rivian,R1T 22 inch Dual Large,N,False,0,0,341,0.0,0.0,0.0,0.0,Automatic (A1),111.2,0.0,98.3,0.0,Standard Pickup Trucks 4WD,2023,7000,R1T,,,,,EV,,,418 kW ACPM,RIV,,0.0,,Mon Jul 31 00:00:00 EDT 2023,Mon Jul 31 00:00:00 EDT 2023,N,0,0,0,,,,,,,,,2
0.1056,0.0,0.0,13.0,80.2542,0,0.0,0.0,41.9978,0.0,0,-1,0.0,0.0,75.7791,0,0.0,44.478,0.0,0.0,,,Part-time 4-Wheel Drive,20,,10,1000,0,Electricity,Electricity,10,-1,70.9441,0,0.0,0.0,47.5092,0.0,0,0,47003,0,0,Rivian,R1T 22 inch Performance Dual Large,N,False,0,0,341,0.0,0.0,0.0,0.0,Automatic (A1),111.2,0.0,98.3,0.0,Standard Pickup Trucks 4WD,2023,7000,R1T,,,,,EV,,,496 kW ACPM,RIV,,0.0,,Mon Jul 31 00:00:00 EDT 2023,Mon Jul 31 00:00:00 EDT 2023,N,0,0,0,,,,,,,,,2
0.0936,0.0,0.0,12.0,89.39,0,0.0,0.0,37.7056,0.0,0,-1,0.0,0.0,87.2836,0,0.0,38.6155,0.0,0.0,,,All-Wheel Drive,1,,10,850,0,Electricity,Electricity,10,-1,84.84,0,0.0,0.0,39.7277,0.0,0,0,47004,0,0,Vinfast,VF 8 Eco,N,False,0,0,207,212.1,0.0,201.6,0.0,Automatic (A1),127.7,0.0,121.2,0.0,Special Purpose Vehicle 4WD,2023,7750,VF 8,,,,,EV,,,130 and 130 kW ACPM 3-Phase,VTP,,0.0,,Mon Jul 31 00:00:00 EDT 2023,Mon Jul 31 00:00:00 EDT 2023,N,0,0,0,,,,,,,,,2
0.1008,0.0,0.0,12.0,82.46,0,0.0,0.0,40.8744,0.0,0,-1,0.0,0.0,80.2141,0,0.0,42.0188,0.0,0.0,,,All-Wheel Drive,2,,10,950,0,Electricity,Electricity,10,-1,77.63,0,0.0,0.0,43.4475,0.0,0,0,47005,0,0,Vinfast,VF 8 Plus,N,False,0,0,191,196.7,0.0,184.8,0.0,Automatic (A1),117.8,0.0,110.9,0.0,Special Purpose Vehicle 4WD,2023,7250,VF 8,,,,,EV,,,150 and 150 kW ACPM 3-Phase,VTP,,0.0,,Mon Jul 31 00:00:00 EDT 2023,Mon Jul 31 00:00:00 EDT 2023,N,0,0,0,82.0,,7.5,,11.0,150.0,CCS,,3
5.0507952000000005,4.9585,0.0,3.0,25.2754,60,59.5309,0.0,57.0,0.565,148,-1,0.0,148.0,26.0825,60,60.198,56.0,0.0,0.567,4.0,2.0,All-Wheel Drive,334,SIDI; PHEV,7,3150,0,Premium and Electricity,Premium Gasoline,9,-1,27.1418,61,61.0339,0.0,55.0,0.571,0,0,47213,0,0,Audi,Q5 TFSI e quattro,N,True,0,0,400,0.0,28.1,0.0,28.61,Automatic (AM-S7),32.6,84.6,38.2,87.2,Small Sport Utility Vehicle 4WD,2023,1500,Q5,,,T,,Plug-in Hybrid,Electricity,22.0,105 kW AC Induction,VGA,,0.0,,Mon Sep 25 00:00:00 EDT 2023,Mon Sep 25 00:00:00 EDT 2023,Y,37,39,38,,,,,,,,,3
7.396780205833334,6.330000000000001,0.0,3.0,17.6728,44,44.4257,0.0,75.0,0.486,222,-1,0.0,222.0,20.0216,47,47.0463,71.0,0.0,0.505,6.0,3.0,All-Wheel Drive,600,SIDI; PHEV,6,4100,0,Premium and Electricity,Premium Gasoline,7,-1,23.9047,51,50.7017,0.0,66.0,0.527,0,0,47214,0,0,Bentley,Bentayga Hybrid,N,True,0,0,420,0.0,21.95,0.0,24.96,Automatic (S8),22.1,62.7,33.5,72.4,Standard Sport Utility Vehicle 4WD,2023,-2000,Bentayga,,,T,,Plug-in Hybrid,Electricity,18.0,103 kW AC Induction,VGA,,0.0,,Mon Sep 25 00:00:00 EDT 2023,Mon Sep 25 00:00:00 EDT 2023,Y,25,33,28,,,,,,,,,1
5.689507065000001,4.075479452054794,0.0,3.0,23.7966,69,68.798,0.0,49.0,0.478,158,-1,0.0,158.0,26.873,73,72.5419,48.0,0.0,0.49,4.0,2.0,Rear-Wheel Drive,320,SIDI; PHEV,7,3050,0,Premium and Electricity,Premium Gasoline,9,-1,31.9159,78,77.7106,0.0,45.0,0.504,0,0,47215,0,9,BMW,330e Sedan,N,True,0,94,310,0.0,20.81,0.0,21.74,Automatic (S8),34.8,98.1,46.0,111.0,Compact Cars,2023,1750,3 Series,,,T,,Plug-in Hybrid,Electricity,22.0,80 kW PMSM,BMX,,0.0,,Mon Sep 25 00:00:00 EDT 2023,Mon Sep 25 00:00:00 EDT 2023,Y,35,45,39,,,,,,,,,1
6.168642275625,4.375147058823529,0.0,3.0,22.1326,64,64.0224,0.0,47.0,0.465,172,-1,0.0,172.0,25.6741,68,68.3785,45.0,0.0,0.476,4.0,2.0,All-Wheel Drive,321,SIDI; PHEV,7,3150,0,Premium and Electricity,Premium Gasoline,9,-1,31.9159,75,74.5807,0.0,43.0,0.489,0,0,47216,0,9,BMW,330e xDrive Sedan,N,True,0,94,300,0.0,20.51,0.0,22.17,Automatic (S8),32.2,91.2,46.0,106.5,Compact Cars,2023,1250,3 Series,,,T,,Plug-in Hybrid,Electricity,20.0,80 kW PMSM,BMX,,0.0,,Mon Sep 25 00:00:00 EDT 2023,Mon Sep 25 00:00:00 EDT 2023,Y,31,44,36,,,,,,,,,1
13.508126162857144,6.330000000000001,0.0,2.5,15.3592,45,45.0387,0.0,71.0,0.221,404,-1,0.0,404.0,17.5883,47,46.791,71.0,0.0,0.221,6.0,2.9,Rear-Wheel Drive,172,SIDI; PHEV,4,4550,0,Premium and Electricity,Premium Gasoline,5,-1,21.3809,49,49.1271,0.0,71.0,0.22,0,0,47217,5,0,Ferrari,296 GTB Spider,N,True,61,0,330,0.0,7.83,0.0,7.79,Automatic (AM-S8),19.2,61.2,30.5,69.9,Two Seaters,2023,-8250,296 GTB Spider,,,T,,Plug-in Hybrid,Electricity,7.0,137 kW PMSM,FEX,,0.0,,Mon Sep 25 00:00:00 EDT 2023,Thu Oct 05 00:00:00 EDT 2023,Y,18,24,20,,,,,,,,,2
13.41465088282895,6.76159090909091,0.0,2.5,16.1,42,42.1767,0.0,79.0,0.227,413,-1,0.0,413.0,17.1365,44,43.7104,77.0,0.0,0.225,8.0,3.9,All-Wheel Drive,174,SIDI; PHEV,4,4800,0,Premium and Electricity,Premium Gasoline,5,-1,18.6,46,45.7435,0.0,73.0,0.224,0,0,47218,0,0,Ferrari,SF90 Spider,N,True,0,0,330,0.0,8.06,0.0,7.94,Automatic (AM8),20.0,56.8,25.7,65.1,Two Seaters,2023,-8250,SF90 Spider,,,T,,Plug-in Hybrid,Electricity,8.0,"99, 99 and 150 kW PMSM",FEX,,0.0,,Mon Sep 25 00:00:00 EDT 2023,Thu Oct 05 00:00:00 EDT 2023,Y,18,21,19,7.0,,0.9,,7.4,,Type 2,,2
12.93787464,5.833529411764706,0.0,2.5,16.1,51,50.5302,0.0,66.0,0.24,403,-1,0.0,403.0,17.5782,51,50.6767,66.0,0.0,0.237,8.0,3.9,All-Wheel Drive,173,SIDI; PHEV,4,4550,0,Premium and Electricity,Premium Gasoline,5,-1,19.8,51,50.857,0.0,67.0,0.234,0,0,47219,0,0,Ferrari,SF90 Stradale,N,True,0,0,340,0.0,8.62,0.0,8.37,Automatic (AM8),20.0,69.2,27.3,72.3,Two Seaters,2023,-7500,SF90 Stradale,,,T,,Plug-in Hybrid,Electricity,9.0,"99, 99 and 150 kW PMSM",FEX,,0.0,,Mon Sep 25 00:00:00 EDT 2023,Thu Oct 05 00:00:00 EDT 2023,Y,19,22,20,7.0,,0.9,,7.4,,Type 2,,2
2.676412906100386,2.945643564356436,0.0,3.4,41.9805,111,111.2426,0.0,30.0,0.682,52,-1,0.0,52.0,39.7408,101,101.1863,33.0,0.0,0.655,4.0,2.5,Front-Wheel Drive,39,PHEV,9,1700,0,Regular Gas and Electricity,Regular Gasoline,10,10,37.308,91,91.1188,0.0,37.0,0.617,0,0,47220,0,0,Ford,Escape FWD PHEV,Y,True,0,0,520,0.0,40.61,0.0,33.08,Automatic (variable gear ratios),58.8,158.9,55.9,130.2,Small Sport Utility Vehicle 2WD,2023,6500,Escape,,,,,Plug-in Hybrid,Electricity,37.0,78 kW DCPM,FMX,,0.0,,Mon Sep 25 00:00:00 EDT 2023,Wed Feb 21 00:00:00 EST 2024,Y,72,58,65,,,,,,,,,3
2.39209800122449,2.754722222222222,0.0,2.8,49.2424,113,112.8812,0.0,30.0,0.638,71,-1,0.0,71.0,48.2673,108,107.5105,31.0,0.0,0.622,4.0,1.6,Front-Wheel Drive,32,SIDI; PHEV,10,1400,0,Regular Gas and Electricity,Regular Gasoline,10,10,47.1267,102,101.6022,0.0,33.0,0.601,0,0,47221,0,19,Kia,Niro Plug-in Hybrid,N,True,0,105,510,0.0,35.27,0.0,31.44,Automatic (AM-S6),67.9,161.3,65.3,145.1,Small Station Wagons,2023,7250,Niro,,,,,Plug-in Hybrid,Electricity,34.0,62 kW AC PMSM,KMX,,0.0,,Mon Sep 25 00:00:00 EDT 2023,Tue Mar 19 00:00:00 EDT 2024,Y,76,69,73,,,,,,,,,1
3.502873422077923,3.765949367088608,0.0,3.4,35.0284,83,83.2894,0.0,40.0,0.624,105,-1,0.0,105.0,34.0487,79,79.1466,43.0,0.0,0.607,4.0,1.6,All-Wheel Drive,25,SIDI; PHEV,9,2000,0,Regular Gas and Electricity,Regular Gasoline,10,-1,32.9232,75,74.6107,0.0,45.0,0.585,0,0,47222,0,0,Kia,Sorento Plug-in Hybrid,N,True,0,0,460,0.0,33.77,0.0,29.92,Automatic (AM-S6),47.4,118.9,45.1,106.6,Small Sport Utility Vehicle 4WD,2023,5250,Sorento,,,T,,Plug-in Hybrid,Electricity,32.0,67 kW AC PMSM,KMX,,0.0,,Mon Sep 25 00:00:00 EDT 2023,Tue Mar 19 00:00:00 EDT 2024,Y,54,48,52,,,,,,,,,3
3.2338802057142857,3.5417857142857145,0.0,2.0,35.6335,88,87.979,0.0,38.0,0.64,96,-1,0.0,96.0,35.3676,84,83.5832,40.0,0.0,0.622,4.0,1.6,All-Wheel Drive,22,SIDI; PHEV,9,1950,0,Regular Gas and Electricity,Regular Gasoline,10,-1,35.0479,79,78.7728,0.0,43.0,0.598,0,0,47223,0,0,Kia,Sportage Plug-in Hybrid,N,True,0,0,430,0.0,35.453,0.0,31.133,Automatic (AM-S6),48.5,125.7,46.2,112.5,Small Sport Utility Vehicle 4WD,2023,5500,Sportage,,,T,,Plug-in Hybrid,Electricity,34.0,67 kW AC IPMSM,KMX,,0.0,,Mon Sep 25 00:00:00 EDT 2023,Tue Mar 19 00:00:00 EDT 2024,Y,57,52,55,,,,,,,,,3
3.665351234605263,5.833529411764706,0.0,4.0,18.9496,48,48.1972,0.0,69.0,0.739,107,-1,0.0,107.0,20.8941,51,50.9979,65.0,0.0,0.752,6.0,3.0,4-Wheel Drive,274,SIDI; PHEV,7,3900,0,Premium and Electricity,Premium Gasoline,10,-1,23.8903,55,54.8968,0.0,61.0,0.767,0,0,47224,0,0,Land Rover,New Range Rover P440 PHEV,N,True,0,0,450,0.0,49.19,0.0,54.45,Automatic (S8),23.8,68.5,33.0,78.4,Standard Sport Utility Vehicle 4WD,2023,1500,Range Rover,,,T,,Plug-in Hybrid,Electricity,51.0,105 kW DCPM,JLX,,0.0,,Mon Sep 25 00:00:00 EDT 2023,Thu Oct 19 00:00:00 EDT 2023,Y,34,42,37,,,,,,,,,3
3.665351234605263,5.833529411764706,0.0,4.0,18.9496,48,48.1972,0.0,69.0,0.739,107,-1,0.0,107.0,20.8941,51,50.9979,65.0,0.0,0.752,6.0,3.0,4-Wheel Drive,46,SIDI; PHEV,7,3900,0,Premium and Electricity,Premium Gasoline,10,-1,23.8903,55,54.8968,0.0,61.0,0.767,0,0,47225,0,0,Land Rover,New Range Rover Sport P440 PHEV,N,True,0,0,450,0.0,49.19,0.0,54.45,Automatic (S8),23.8,68.5,33.0,78.4,Standard Sport Utility Vehicle 4WD,2023,1500,Range Rover,,,T,,Plug-in Hybrid,Electricity,51.0,105 kW DCPM,JLX,,0.0,,Mon Sep 25 00:00:00 EDT 2023,Thu Oct 19 00:00:00 EDT 2023,Y,34,42,37,,,,,,,,,3
4.072255085845589,3.8142307692307695,0.0,3.2,33.9462,86,86.0728,0.0,39.0,0.577,121,-1,0.0,121.0,33.0938,78,77.5543,44.0,0.0,0.556,4.0,2.5,Part-time 4-Wheel Drive,28,PHEV,8,2050,0,Regular Gas and Electricity,Regular Gasoline,10,-1,32.1083,69,69.1856,0.0,49.0,0.527,0,0,47226,0,0,Lincoln,Corsair AWD PHEV,N,True,0,0,420,0.0,29.21,0.0,25.0,Automatic (variable gear ratios),45.732,122.9,46.2757,98.8,Small Sport Utility Vehicle 4WD,2023,4750,Corsair,,,,,Plug-in Hybrid,Electricity,27.0,50 and 96 kW DCPM,FMX,,0.0,,Mon Sep 25 00:00:00 EDT 2023,Tue Mar 19 00:00:00 EDT 2024,Y,52,44,48,,,,,,,,,0
4.924586095238095,3.3056666666666668,0.0,2.0,35.6489,99,99.364,0.0,34.0,0.444,151,-1,0.0,151.0,35.1332,90,89.6996,38.0,0.0,0.417,4.0,2.0,All-Wheel Drive,35,SIDI; PHEV,8,1950,0,Regular Gas and Electricity,Regular Gasoline,9,10,34.5228,80,80.1694,0.0,42.0,0.383,0,0,47227,0,0,Subaru,Crosstrek Hybrid AWD,N,True,0,0,480,0.0,19.18,0.0,15.55,Automatic (variable gear ratios),51.8,141.9,50.1,114.5,Small Sport Utility Vehicle 4WD,2023,4750,Crosstrek,,,,,Plug-in Hybrid,Electricity,17.0,88 kW DCPM,FJX,,0.0,,Mon Sep 25 00:00:00 EDT 2023,Mon Sep 25 00:00:00 EDT 2023,Y,49,43,46,,,,,,,,,0
2.0405121900000003,2.609736842105263,0.0,4.0,50.2731,125,127.8404,0.0,27.0,0.701,60,0,0.0,60.0,48.0,114,116.25,29.0,0.0,0.677,4.0,2.0,Front-Wheel Drive,85,SIDI & PFI; PHEV,10,1400,0,Regular Gas and Electricity,Regular Gasoline,10,10,46.8297,103,104.6534,0.0,33.0,0.644,20,91,47228,0,0,Toyota,Prius Prime,Y,True,0,0,550,0.0,43.23,0.0,35.94,Automatic (variable gear ratios),70.3,182.6,66.1,149.5,Midsize Cars,2023,7500,Prius Prime,,,,,Plug-in Hybrid,Electricity,40.0,120 kW AC Induction,TYX,,0.0,,Mon Sep 25 00:00:00 EDT 2023,Thu Oct 05 00:00:00 EDT 2023,Y,86,72,79,,,,,,,,,1
1.7187876643951168,2.3425984251968504,0.0,4.0,53.0,140,143.3547,0.0,24.0,0.734,50,-1,0.0,50.0,52.0,127,129.6867,26.0,0.0,0.71,4.0,2.0,Front-Wheel Drive,123,SIDI & PFI; PHEV,10,1300,0,Regular Gas and Electricity,Regular Gasoline,10,-1,51.0,115,116.1514,0.0,29.0,0.675,20,91,47229,0,0,Toyota,Prius Prime SE,Y,True,0,0,600,0.0,48.43,0.0,39.69,Automatic (variable gear ratios),77.7,204.8,72.7,165.9,Midsize Cars,2023,8000,Prius Prime,,,,,Plug-in Hybrid,Electricity,45.0,120 kW AC Induction,TYX,,0.0,,Mon Sep 25 00:00:00 EDT 2023,Thu Oct 05 00:00:00 EDT 2023,Y,97,81,89,,,,,,,,,0
2.4867613275,3.1650000000000005,0.0,4.5,40.1649,105,104.5381,0.0,32.0,0.721,72,-1,0.0,72.0,38.4425,94,94.0002,36.0,0.0,0.693,4.0,2.5,All-Wheel Drive,77,PHEV,9,1800,0,Regular Gas and Electricity,Regular Gasoline,10,-1,36.0,84,83.6892,0.0,40.0,0.654,0,0,47230,0,0,Toyota,RAV4 Prime 4WD,Y,True,0,0,600,0.0,46.22,0.0,37.13,Automatic (AV-S6),54.64,149.3,52.2459,119.6,Small Sport Utility Vehicle 4WD,2023,6500,RAV4 Prime,,,,,Plug-in Hybrid,Electricity,42.0,40 and 134 kW AC Induction,TYX,,0.0,,Mon Sep 25 00:00:00 EDT 2023,Mon Sep 25 00:00:00 EDT 2023,Y,72,58,65,,,,,,,,,0
4.038860509655172,3.863766233766234,0.0,4.0,28.8818,77,76.6279,0.0,44.0,0.613,120,-1,0.0,120.0,28.8764,77,76.8044,44.0,0.0,0.612,4.0,1.3,All-Wheel Drive,514,SIDI; PHEV,8,2350,0,Regular Gas and Electricity,Regular Gasoline,9,-1,28.8699,77,77.0212,0.0,43.0,0.612,0,0,47274,0,0,Alfa Romeo,Tonale eAWD,N,True,0,0,360,0.0,32.58,0.0,32.55,Automatic 6-spd,38.1872,109.2,45.2455,110.0,Small Sport Utility Vehicle 4WD,2024,4500,Tonale eAWD,,,T,,Plug-in Hybrid,Electricity,33.0,89 kW AC Induction,CRX,,0.0,,Thu Oct 05 00:00:00 EDT 2023,Thu Oct 05 00:00:00 EDT 2023,N,46,47,47,,,,,,,,,0
4.038860509655172,3.863766233766234,0.0,4.0,28.8818,77,76.6279,0.0,44.0,0.613,120,-1,0.0,120.0,28.8764,77,76.8044,44.0,0.0,0.612,4.0,1.3,All-Wheel Drive,512,SIDI; PHEV,8,2350,0,Regular Gas and Electricity,Regular Gasoline,9,-1,28.8699,77,77.0212,0.0,43.0,0.612,0,0,47275,0,0,Dodge,Hornet PHEV AWD,Y,True,0,0,360,0.0,32.58,0.0,32.55,Automatic 6-spd,38.1872,109.2,45.2455,110.0,Small Sport Utility Vehicle 4WD,2024,4500,Hornet,,,T,,Plug-in Hybrid,Electricity,33.0,89 kW AC Induction,CRX,,0.0,,Thu Oct 05 00:00:00 EDT 2023,Thu Oct 05 00:00:00 EDT 2023,N,46,47,47,,,,,,,,,0
4.022632882758621,3.6281707317073177,0.0,2.0,29.4158,87,86.6743,0.0,39.0,0.63,119,-1,0.0,119.0,29.5207,82,81.9715,41.0,0.0,0.609,6.0,3.6,Front-Wheel Drive,549,PHEV,8,2250,0,Regular Gas and Electricity,Regular Gasoline,9,-1,29.6499,77,76.8735,0.0,45.0,0.58,0,0,47276,0,0,Chrysler,Pacifica Hybrid,N,True,0,0,520,0.0,34.41,0.0,29.49,Automatic (variable gear ratios),42.7429,123.6,42.7998,109.8,Minivan - 2WD,2024,4750,Pacifica,,,,,Plug-in Hybrid,Electricity,32.0,89 kW AC Induction,CRX,,0.0,,Thu Oct 05 00:00:00 EDT 2023,Wed May 08 00:00:00 EDT 2024,Y,50,46,48,,,,,,,,,0
5.960971404130435,5.312678571428571,0.0,3.4,22.8474,57,56.7442,0.0,58.0,0.538,177,-1,0.0,177.0,23.4786,56,56.4231,58.0,0.0,0.536,4.0,2.0,4-Wheel Drive,530,SIDI; PHEV,7,2950,0,Regular Gas and Electricity,Regular Gasoline,8,-1,24.299,56,56.0356,0.0,58.0,0.534,0,0,47277,0,0,Jeep,Grand Cherokee 4xe,N,True,0,0,470,0.0,25.87,0.0,25.58,Automatic 8-spd,30.3,81.1,37.4,80.1,Standard Sport Utility Vehicle 4WD,2024,1750,Grand Cherokee,,,T,,Plug-in Hybrid,Electricity,26.0,100 kW AC Induction,CRX,,0.0,,Thu Oct 05 00:00:00 EDT 2023,Tue Mar 19 00:00:00 EDT 2024,Y,33,35,34,,,,,,,,,0
7.72046571,6.071632653061224,0.0,2.4,20.3076,52,51.8439,0.0,65.0,0.498,230,-1,0.0,230.0,20.0927,49,48.7766,68.0,0.0,0.487,4.0,2.0,4-Wheel Drive,508,SIDI; PHEV,6,3400,0,Regular Gas and Electricity,Regular Gasoline,7,-1,19.8362,45,45.4873,0.0,71.0,0.472,0,0,47278,0,0,Jeep,Wrangler 4dr 4xe,Y,True,0,0,370,0.0,22.85,0.0,21.0,Automatic 8-spd,27.6,73.4,29.8,65.0,Small Sport Utility Vehicle 4WD,2024,-250,Wrangler,,,T,,Plug-in Hybrid,Electricity,22.0,100 kW AC Induction,CRX,,0.0,,Thu Oct 05 00:00:00 EDT 2023,Tue Mar 19 00:00:00 EDT 2024,Y,29,27,28,,,,,,,,,3
3.785670335689656,6.071632653061224,0.0,2.5,20.4862,60,60.153,0.0,53.0,0.689,379,-1,0.0,379.0,23.4589,49,48.9304,51.0,0.0,0.719,6.0,3.0,All-Wheel Drive,980,SIDI; PHEV,8,3550,0,Premium and Electricity,Premium Gasoline,10,-1,28.5165,35,35.214,0.0,48.0,0.75,0,0,47279,8,0,Mercedes-Benz,S580e 4matic,N,True,112,0,470,0.0,41.51,0.0,51.21,Automatic 9-spd,25.9,75.4,40.6,69.1,Large Cars,2023,2750,S-Class,,,T,,Plug-in Hybrid,Electricity,56.0,110 kW PMSM,MBX,,0.0,,Thu Oct 19 00:00:00 EDT 2023,Mon Nov 18 00:00:00 EST 2024,Y,36,50,41,,,,,,,,,0
3.9810098,4.64859375,0.0,6.5,25.0,67,66.7774,0.0,50.0,0.674,115,-1,0.0,115.0,26.0,64,64.1274,52.0,0.0,0.661,4.0,2.4,All-Wheel Drive,217,PHEV,8,2600,0,Regular Gas and Electricity,Regular Gasoline,10,-1,27.0794,61,61.1609,0.0,54.0,0.644,0,0,47280,0,0,Mitsubishi,Outlander PHEV,Y,True,0,0,420,0.0,39.51,0.0,35.91,Automatic (A1),37.7261,95.1,39.3754,87.4,Standard Sport Utility Vehicle 4WD,2023,3750,Outlander,,,,,Plug-in Hybrid,Electricity,38.0,85 and 100 kW DCPM,MTX,,0.0,,Thu Oct 19 00:00:00 EDT 2023,Thu Oct 19 00:00:00 EDT 2023,Y,43,42,43,,,,,,,,,0
0.0936,0.0,0.0,16.0,84.0972,0,0.0,0.0,40.0786,0.0,0,-1,0.0,0.0,86.5986,0,0.0,38.9209,0.0,0.0,,,All-Wheel Drive,351,,9,900,0,Electricity,Electricity,10,-1,89.8656,0,0.0,0.0,37.506,0.0,0,0,47440,0,27,Audi,Q8 Sportback e-tron quattro,N,False,0,102,296,287.0,0.0,307.0,0.0,Automatic (A2),110.8,0.0,118.4,0.0,Standard Sport Utility Vehicle 4WD,2024,7500,Q8 e-tron,,,,,EV,,,141 and 172 kW Asynchron 3-Phase,VGA,,0.0,,Mon Nov 06 00:00:00 EST 2023,Sun Aug 25 00:00:00 EDT 2024,N,0,0,0,,,,,,,,,0
0.1104,0.0,0.0,16.0,71.5259,0,0.0,0.0,47.1228,0.0,0,-1,0.0,0.0,73.1029,0,0.0,46.1062,0.0,0.0,,,All-Wheel Drive,354,,9,1050,0,Electricity,Electricity,10,-1,75.1275,0,0.0,0.0,44.8637,0.0,0,0,47441,0,0,Audi,SQ8 e-tron (20 inch wheels),N,False,0,0,253,247.0,0.0,260.0,0.0,Automatic (A2),93.2808,0.0,97.9779,0.0,Standard Sport Utility Vehicle 4WD,2024,6750,SQ8 e-tron,,,,,EV,,,172 kW Asynchron 3-Phase,VGA,,0.0,,Mon Nov 06 00:00:00 EST 2023,Sun Aug 25 00:00:00 EDT 2024,N,0,0,0,,,,,,,,,0
0.1296,0.0,0.0,16.0,62.1042,0,0.0,0.0,54.2717,0.0,0,-1,0.0,0.0,62.5741,0,0.0,53.8641,0.0,0.0,,,All-Wheel Drive,356,,9,1200,0,Electricity,Electricity,10,-1,63.1582,0,0.0,0.0,53.366,0.0,0,0,47442,0,0,Audi,SQ8 e-tron (21/22 inch wheels),N,False,0,0,218,216.0,0.0,220.0,0.0,Automatic (A2),80.9935,0.0,82.3681,0.0,Standard Sport Utility Vehicle 4WD,2024,6000,SQ8 e-tron,,,,,EV,,,172 kW Asynchron 3-Phase,VGA,,0.0,,Mon Nov 06 00:00:00 EST 2023,Sun Aug 25 00:00:00 EDT 2024,N,0,0,0,,,,,,,,,0
0.1104,0.0,0.0,16.0,71.5259,0,0.0,0.0,47.1228,0.0,0,-1,0.0,0.0,73.1029,0,0.0,46.1062,0.0,0.0,,,All-Wheel Drive,355,,9,1050,0,Electricity,Electricity,10,-1,75.1275,0,0.0,0.0,44.8637,0.0,0,0,47443,0,0,Audi,SQ8 Sportback e-tron (20 inch wheels),N,False,0,0,253,247.0,0.0,260.0,0.0,Automatic (A2),93.2808,0.0,97.9779,0.0,Standard Sport Utility Vehicle 4WD,2024,6750,SQ8 e-tron,,,,,EV,,,172 kW Asynchron 3-Phase,VGA,,0.0,,Mon Nov 06 00:00:00 EST 2023,Sun Aug 25 00:00:00 EDT 2024,N,0,0,0,,,,,,,,,1
0.1296,0.0,0.0,16.0,62.1042,0,0.0,0.0,54.2717,0.0,0,-1,0.0,0.0,62.5741,0,0.0,53.8641,0.0,0.0,,,All-Wheel Drive,357,,9,1200,0,Electricity,Electricity,10,-1,63.1582,0,0.0,0.0,53.366,0.0,0,0,47444,0,0,Audi,SQ8 Sportback e-tron (21/22 inch wheels),N,False,0,0,218,216.0,0.0,220.0,0.0,Automatic (A2),80.9935,0.0,82.3681,0.0,Standard Sport Utility Vehicle 4WD,2024,6000,SQ8 e-tron,,,,,EV,,,172 kW Asynchron 3-Phase,VGA,,0.0,,Mon Nov 06 00:00:00 EST 2023,Sun Aug 25 00:00:00 EDT 2024,N,0,0,0,,,,,,,,,1
0.0839999999999999,0.0,0.0,9.5,103.25,0,0.0,0.0,32.6441,0.0,0,-1,0.0,0.0,95.7007,0,0.0,35.2192,0.0,0.0,,,All-Wheel Drive,183,,10,800,0,Electricity,Electricity,10,-1,87.85,0,0.0,0.0,38.3665,0.0,0,0,47445,0,24,Chevrolet,Blazer EV AWD,Y,False,0,105,279,299.0,0.0,254.0,0.0,Automatic (A1),147.5,0.0,125.5,0.0,Small Sport Utility Vehicle 4WD,2024,8000,Blazer,,,,,EV,,,67 and 67 kW AC Induction,GMX,,0.0,,Mon Nov 06 00:00:00 EST 2023,Sun Aug 25 00:00:00 EDT 2024,N,0,0,0,97.0,,8.4,,11.5,195.0,CCS,,1
0.1224,0.0,0.0,11.0,71.54,0,0.0,0.0,47.1135,0.0,0,-1,0.0,0.0,66.6969,0,0.0,50.5346,0.0,0.0,,,All-Wheel Drive,506,,9,1150,0,Electricity,Electricity,10,-1,61.6,0,0.0,0.0,54.7159,0.0,0,0,47446,0,0,Chevrolet,Silverado EV,N,False,0,0,393,419.0,0.0,361.0,0.0,Automatic (A1),102.2,0.0,88.0,0.0,Standard Pickup Trucks 4WD,2024,6250,Silverado,,,,,EV,,,189 and 189 kW ACPM,GMX,,0.0,,Mon Nov 06 00:00:00 EST 2023,Sun Aug 25 00:00:00 EDT 2024,N,0,0,0,200.0,,10.4,,19.2,350.0,CCS,,1
0.0839999999999999,0.0,0.0,9.0,105.0,0,0.0,0.0,32.0,0.0,0,-1,0.0,0.0,97.0,0,0.0,35.0,0.0,0.0,,,All-Wheel Drive,5,,10,800,0,Electricity,Electricity,10,-1,89.0,0,0.0,0.0,38.0,0.0,0,0,47447,0,13,Genesis,Electrified G80,N,False,0,99,282,304.0,0.0,256.0,0.0,Automatic (A1),154.8,0.0,132.1,0.0,Midsize Cars,2024,8000,G80,,,,,EV,,,136 and 136 kW PMSM,HYX,,0.0,,Mon Nov 06 00:00:00 EST 2023,Sun Aug 25 00:00:00 EDT 2024,N,0,0,0,80.7,,7.3,,11.0,235.0,CCS,,0
0.072,0.0,0.0,7.2,125.0,0,0.0,0.0,27.0,0.0,0,-1,0.0,0.0,112.0,0,0.0,30.0,0.0,0.0,,,Rear-Wheel Drive,1,,10,700,0,Electricity,Electricity,10,-1,99.0,0,0.0,0.0,34.0,0.0,0,0,47448,0,24,Genesis,GV60 Standard,N,False,0,102,294,324.0,0.0,257.0,0.0,Automatic (A1),187.1,0.0,147.9,0.0,Small Sport Utility Vehicle 2WD,2024,8500,GV60,,,,,EV,,,168 kW PMSM,HYX,,0.0,,Mon Nov 06 00:00:00 EST 2023,Sun Aug 25 00:00:00 EDT 2024,N,0,0,0,74.0,,6.7,,11.0,235.0,CCS,,0
0.0696,0.0,0.0,6.7,128.8,0,0.0,0.0,26.1685,0.0,0,-1,0.0,0.0,115.8945,0,0.0,29.0825,0.0,0.0,,,Front-Wheel Drive,72,,10,650,0,Electricity,Electricity,10,-1,103.25,0,0.0,0.0,32.6441,0.0,0,0,47449,0,26,Hyundai,Kona Electric Long Range,Y,False,0,101,261,287.0,0.0,230.0,0.0,Automatic (A1),184.0,0.0,147.5,0.0,Small Sport Utility Vehicle 2WD,2024,8750,Kona,,,,,EV,,,150 kW PMSM,HYX,,0.0,,Mon Nov 06 00:00:00 EST 2023,Sun Aug 25 00:00:00 EDT 2024,N,0,0,0,58.0,,8.1,,7.2,100.0,CCS2,,0
0.0911999999999999,0.0,0.0,9.9,100.0,0,0.0,0.0,34.0,0.0,0,-1,0.0,0.0,89.0,0,0.0,38.0,0.0,0.0,,,Rear-Wheel Drive,44,,9,850,0,Electricity,Electricity,10,-1,78.0,0,0.0,0.0,43.0,0.0,0,0,47450,0,0,Kia,EV9 Long Range RWD,N,False,0,0,304,336.0,0.0,265.0,0.0,Automatic (A1),148.7,0.0,116.1,0.0,Standard Sport Utility Vehicle 2WD,2024,7750,EV9,,,,,EV,,,160 kW PMSM,KMX,,0.0,,Mon Nov 06 00:00:00 EST 2023,Sun Aug 25 00:00:00 EDT 2024,N,0,0,0,,,,,,,,,0
0.0911999999999999,0.0,0.0,7.6,99.0,0,0.0,0.0,34.0,0.0,0,-1,0.0,0.0,88.0,0,0.0,38.0,0.0,0.0,,,Rear-Wheel Drive,43,,9,850,0,Electricity,Electricity,10,-1,77.0,0,0.0,0.0,44.0,0.0,0,0,47451,0,0,Kia,EV9 Standard Range RWD,N,False,0,0,230,256.0,0.0,198.0,0.0,Automatic (A1),147.6,0.0,115.2,0.0,Standard Sport Utility Vehicle 2WD,2024,7750,EV9,,,,,EV,,,160 kW PMSM,KMX,,0.0,,Mon Nov 06 00:00:00 EST 2023,Sun Aug 25 00:00:00 EDT 2024,N,0,0,0,,,,,,,,,0
0.0984,0.0,0.0,14.5,91.0,0,0.0,0.0,37.0,0.0,0,-1,0.0,0.0,83.0,0,0.0,41.0,0.0,0.0,,,All-Wheel Drive,45,,9,900,0,Electricity,Electricity,10,-1,75.0,0,0.0,0.0,45.0,0.0,0,0,47452,0,0,Kia,EV9 Long Range AWD,N,False,0,0,280,304.0,0.0,250.0,0.0,Automatic (A1),134.8,0.0,110.6,0.0,Standard Sport Utility Vehicle 4WD,2024,7500,EV9,,,,,EV,,,141 and 141 kW PMSM,KMX,,0.0,,Mon Nov 06 00:00:00 EST 2023,Sun Aug 25 00:00:00 EDT 2024,N,0,0,0,,,,,,,,,0
0.1008,0.0,0.0,15.2,88.0,0,0.0,0.0,38.0,0.0,0,-1,0.0,0.0,80.0,0,0.0,42.0,0.0,0.0,,,All-Wheel Drive,46,,9,950,0,Electricity,Electricity,10,-1,72.0,0,0.0,0.0,47.0,0.0,0,0,47453,0,0,Kia,EV9 Long Range AWD GT-Line,N,False,0,0,270,295.0,0.0,239.0,0.0,Automatic (A1),131.2,0.0,108.1,0.0,Standard Sport Utility Vehicle 4WD,2024,7250,EV9,,,,,EV,,,141 and 141 kW PMSM,KMX,,0.0,,Mon Nov 06 00:00:00 EST 2023,Sun Aug 25 00:00:00 EDT 2024,N,0,0,0,,,,,,,,,0
0.06,0.0,0.0,10.0,140.155,0,0.0,0.0,24.0484,0.0,0,-1,0.0,0.0,137.1301,0,0.0,24.5788,0.0,0.0,,,Rear-Wheel Drive,2,,10,550,0,Electricity,Electricity,10,-1,133.6057,0,0.0,0.0,25.2272,0.0,0,0,47454,0,32,Lucid,Air Pure RWD with 19 inch wheels,N,False,0,101,419,428.0,0.0,408.0,0.0,Automatic (A1),192.6,0.0,183.6,0.0,Large Cars,2024,9250,Air,,,,,EV,,,330 kW ACPM,LMU,,0.0,,Mon Nov 06 00:00:00 EST 2023,Sun Aug 25 00:00:00 EDT 2024,N,0,0,0,,,,,,,,,0
0.0624,0.0,0.0,10.0,133.824,0,0.0,0.0,25.1861,0.0,0,-1,0.0,0.0,129.9942,0,0.0,25.9281,0.0,0.0,,,Rear-Wheel Drive,3,,10,600,0,Electricity,Electricity,10,-1,125.601,0,0.0,0.0,26.835,0.0,0,0,47455,0,32,Lucid,Air Pure RWD with 20 inch wheels,N,False,0,101,394,405.0,0.0,380.0,0.0,Automatic (A1),183.9,0.0,172.6,0.0,Large Cars,2024,9000,Air,,,,,EV,,,330 kW ACPM,LMU,,0.0,,Mon Nov 06 00:00:00 EST 2023,Sun Aug 25 00:00:00 EDT 2024,N,0,0,0,,,,,,,,,0
0.0768,0.0,0.0,13.0,107.9611,0,0.0,0.0,31.2196,0.0,0,-1,0.0,0.0,104.8952,0,0.0,32.1321,0.0,0.0,,,All-Wheel Drive,1,,10,700,0,Electricity,Electricity,10,-1,101.3764,0,0.0,0.0,33.2474,0.0,0,0,47456,0,32,Lucid,Air Sapphire AWD,N,False,0,99,427,439.0,0.0,412.0,0.0,Automatic (A1),149.2,0.0,140.1,0.0,Large Cars,2024,8500,Air,,,,,EV,,,"310, 310 and 330 kW ACPM",LMU,,0.0,,Mon Nov 06 00:00:00 EST 2023,Sun Aug 25 00:00:00 EDT 2024,N,0,0,0,,,,,,,,,0
0.1104,0.0,0.0,10.5,73.0,0,0.0,0.0,46.0,0.0,0,-1,0.0,0.0,73.0,0,0.0,46.0,0.0,0.0,,,All-Wheel Drive,909,,9,1050,0,Electricity,Electricity,10,-1,74.0,0,0.0,0.0,46.0,0.0,0,0,47457,0,11,Mercedes-Benz,AMG EQE 4matic Plus,N,False,0,101,230,230.0,0.0,230.0,0.0,Automatic (A1),99.3,0.0,100.8,0.0,Midsize Cars,2024,6750,EQE,,,,,EV,,,165 and 165 kW ACPM 3-Phase,MBX,,0.0,,Mon Nov 06 00:00:00 EST 2023,Sun Aug 25 00:00:00 EDT 2024,Y,0,0,0,,,,,,,,,3
0.0887999999999999,0.0,0.0,10.5,86.0,0,0.0,0.0,39.0,0.0,0,-1,0.0,0.0,90.0,0,0.0,37.0,0.0,0.0,,,All-Wheel Drive,911,,9,850,0,Electricity,Electricity,10,-1,96.0,0,0.0,0.0,35.0,0.0,0,0,47458,0,11,Mercedes-Benz,EQE 350 4matic,N,False,0,101,280,266.0,0.0,297.0,0.0,Automatic (A1),121.9,0.0,136.7,0.0,Midsize Cars,2024,7750,EQE,,,,,EV,,,72 and 144 kW ACPM 6-Phase,MBX,,0.0,,Mon Nov 06 00:00:00 EST 2023,Sun Aug 25 00:00:00 EDT 2024,Y,0,0,0,,,,,,,,,3
0.0839999999999999,0.0,0.0,10.5,98.0,0,0.0,0.0,35.0,0.0,0,-1,0.0,0.0,96.0,0,0.0,34.6491,0.0,0.0,,,Rear-Wheel Drive,910,,10,800,0,Electricity,Electricity,10,-1,94.0,0,0.0,0.0,36.0,0.0,0,0,47459,0,11,Mercedes-Benz,EQE 350 Plus,N,False,0,101,298,302.0,0.0,293.0,0.0,Automatic (A1),141.4,0.0,136.1,0.0,Midsize Cars,2024,8000,EQE,,,,,EV,,,215 kW ACPM 6-Phase,MBX,,0.0,,Mon Nov 06 00:00:00 EST 2023,Sun Aug 25 00:00:00 EDT 2024,Y,0,0,0,,,,,,,,,3
0.0839999999999999,0.0,0.0,10.5,98.0,0,0.0,0.0,35.0,0.0,0,-1,0.0,0.0,96.0,0,0.0,34.6491,0.0,0.0,,,All-Wheel Drive,912,,10,800,0,Electricity,Electricity,10,-1,94.0,0,0.0,0.0,36.0,0.0,0,0,47460,0,11,Mercedes-Benz,EQE 500 4matic,N,False,0,101,298,302.0,0.0,293.0,0.0,Automatic (A1),141.4,0.0,136.1,0.0,Midsize Cars,2024,8000,EQE,,,,,EV,,,100 and 200 kW ACPM 6-Phase,MBX,,0.0,,Mon Nov 06 00:00:00 EST 2023,Sun Aug 25 00:00:00 EDT 2024,Y,0,0,0,,,,,,,,,1
0.0984,0.0,0.0,12.75,79.0,0,0.0,0.0,41.607,0.0,0,-1,0.0,0.0,82.0,0,0.0,41.0,0.0,0.0,,,All-Wheel Drive,900,,9,900,0,Electricity,Electricity,10,-1,85.0,0,0.0,0.0,38.7099,0.0,0,0,47461,0,35,Mercedes-Benz,AMG EQS 4matic Plus,N,False,0,103,305,305.0,0.0,305.0,0.0,Automatic (A1),110.9,0.0,119.2,0.0,Large Cars,2024,7500,EQS,,,,,EV,,,310 and 310 kW ACPM 6-Phase,MBX,,0.0,,Mon Nov 06 00:00:00 EST 2023,Sun Aug 25 00:00:00 EDT 2024,Y,0,0,0,,,,,,,,,1
0.0839999999999999,0.0,0.0,12.75,93.0,0,0.0,0.0,35.985,0.0,0,-1,0.0,0.0,95.0,0,0.0,35.1346,0.0,0.0,,,All-Wheel Drive,905,,10,800,0,Electricity,Electricity,10,-1,98.0,0,0.0,0.0,34.0953,0.0,0,0,47462,0,35,Mercedes-Benz,EQS 450 4matic,N,False,0,103,345,345.0,0.0,345.0,0.0,Automatic (A1),126.3,0.0,133.3,0.0,Large Cars,2024,8000,EQS,,,,,EV,,,135 and 135 kW ACPM 3-Phase,MBX,,0.0,,Mon Nov 06 00:00:00 EST 2023,Sun Aug 25 00:00:00 EDT 2024,Y,0,0,0,,,,,,,,,1
0.0839999999999999,0.0,0.0,12.5,95.0,0,0.0,0.0,36.0,0.0,0,-1,0.0,0.0,96.0,0,0.0,35.0,0.0,0.0,,,Rear-Wheel Drive,901,,10,800,0,Electricity,Electricity,10,-1,98.0,0,0.0,0.0,33.8357,0.0,0,0,47463,0,35,Mercedes-Benz,EQS 450 Plus,N,False,0,103,352,342.0,0.0,364.0,0.0,Automatic (A1),135.9,0.0,140.4,0.0,Large Cars,2024,8000,EQS,,,,,EV,,,265 kW ACPM 6-Phase,MBX,,0.0,,Mon Nov 06 00:00:00 EST 2023,Sun Aug 25 00:00:00 EDT 2024,Y,0,0,0,,,,,,,,,3
0.0839999999999999,0.0,0.0,11.5,95.1682,0,0.0,0.0,36.0,0.0,0,-1,0.0,0.0,96.0,0,0.0,34.8968,0.0,0.0,,,All-Wheel Drive,902,,10,800,0,Electricity,Electricity,10,-1,98.3745,0,0.0,0.0,34.2619,0.0,0,0,47464,0,35,Mercedes-Benz,EQS 580 4matic,N,False,0,103,345,337.0,0.0,354.0,0.0,Automatic (A1),130.6,0.0,135.0,0.0,Large Cars,2024,8000,EQS,,,,,EV,,,265 and 265 kW ACPM 6-Phase,MBX,,0.0,,Mon Nov 06 00:00:00 EST 2023,Sun Aug 25 00:00:00 EDT 2024,Y,0,0,0,,,,,,,,,0
0.1056,0.0,0.0,12.75,75.0,0,0.0,0.0,45.0,0.0,0,-1,0.0,0.0,76.0,0,0.0,44.0,0.0,0.0,,,All-Wheel Drive,920,,9,1000,0,Electricity,Electricity,10,-1,77.0,0,0.0,0.0,44.0,0.0,0,0,47465,0,0,Mercedes-Benz,EQS 680 4matic Maybach (SUV),N,False,0,0,280,277.0,0.0,283.0,0.0,Automatic (A1),103.9,0.0,106.6,0.0,Standard Sport Utility Vehicle 4WD,2024,7000,EQS,,,,,EV,,,310 and 310 kW ACPM 6-Phase,MBX,,0.0,,Mon Nov 06 00:00:00 EST 2023,Sun Aug 25 00:00:00 EDT 2024,Y,0,0,0,,,,,,,,,2
0.1008,0.0,0.0,10.5,79.03,0,0.0,0.0,42.6484,0.0,0,-1,0.0,0.0,79.7157,0,0.0,42.2815,0.0,0.0,,,All-Wheel Drive,721,,9,950,0,Electricity,Electricity,10,-1,80.57,0,0.0,0.0,41.8332,0.0,0,0,47466,0,12,Porsche,Taycan 4S Performance Battery Plus,N,False,0,89,235,233.0,0.0,237.0,0.0,Automatic (A2),112.9,0.0,115.1,0.0,Compact Cars,2024,7250,Taycan,,,,,EV,,,150 and 234 kW ACPM,PRX,,0.0,,Mon Nov 06 00:00:00 EST 2023,Sun Aug 25 00:00:00 EDT 2024,N,0,0,0,,,,,,,,,2
0.0984,0.0,0.0,9.5,82.0,0,0.0,0.0,41.0,0.0,0,-1,0.0,0.0,82.0,0,0.0,41.0,0.0,0.0,,,All-Wheel Drive,720,,9,900,0,Electricity,Electricity,10,-1,82.0,0,0.0,0.0,41.0,0.0,0,0,47467,0,12,Porsche,Taycan 4S Performance Battery,N,False,0,89,206,206.0,0.0,206.0,0.0,Automatic (A2),118.9,0.0,118.9,0.0,Compact Cars,2024,7500,Taycan,,,,,EV,,,150 and 254 kW ACPM,PRX,,0.0,,Mon Nov 06 00:00:00 EST 2023,Sun Aug 25 00:00:00 EDT 2024,N,0,0,0,,,,,,,,,1
0.0984,0.0,0.0,10.5,83.3,0,0.0,0.0,40.4622,0.0,0,-1,0.0,0.0,82.8242,0,0.0,40.6946,0.0,0.0,,,All-Wheel Drive,770,,9,900,0,Electricity,Electricity,10,-1,82.25,0,0.0,0.0,40.9787,0.0,0,0,47468,0,11,Porsche,Taycan GTS,N,False,0,89,246,247.0,0.0,244.0,0.0,Automatic (A2),119.0,0.0,117.5,0.0,Compact Cars,2024,7500,Taycan,,,,,EV,,,234 kW ACPM,PRX,,0.0,,Mon Nov 06 00:00:00 EST 2023,Sun Aug 25 00:00:00 EDT 2024,N,0,0,0,,,,,,,,,1
0.1008,0.0,0.0,10.5,80.29,0,0.0,0.0,41.9791,0.0,0,-1,0.0,0.0,80.0687,0,0.0,42.0951,0.0,0.0,,,All-Wheel Drive,772,,9,950,0,Electricity,Electricity,10,-1,79.8,0,0.0,0.0,42.2368,0.0,12,90,47469,0,0,Porsche,Taycan GTS Sport Turismo,N,False,0,0,233,234.0,0.0,232.0,0.0,Automatic (A2),114.7,0.0,114.0,0.0,Compact Cars,2024,7250,Taycan,,,,,EV,,,254 kW ACPM,PRX,,0.0,,Mon Nov 06 00:00:00 EST 2023,Sun Aug 25 00:00:00 EDT 2024,N,0,0,0,,,,,,,,,2
0.0984,0.0,0.0,10.5,77.63,0,0.0,0.0,43.4175,0.0,0,-1,0.0,0.0,81.8362,0,0.0,41.1859,0.0,0.0,,,Rear-Wheel Drive,702,,9,950,0,Electricity,Electricity,10,-1,87.64,0,0.0,0.0,38.4585,0.0,0,0,47470,0,12,Porsche,Taycan Performance Battery Plus,N,False,0,90,242,229.0,0.0,258.0,0.0,Automatic (A2),110.9,0.0,125.2,0.0,Compact Cars,2024,7250,Taycan,,,,,EV,,,280 kW ACPM,PRX,,0.0,,Mon Nov 06 00:00:00 EST 2023,Sun Aug 25 00:00:00 EDT 2024,N,0,0,0,,,,,,,,,3
0.0984,0.0,0.0,9.5,79.24,0,0.0,0.0,42.5353,0.0,0,-1,0.0,0.0,82.868,0,0.0,40.6731,0.0,0.0,,,Rear-Wheel Drive,701,,9,900,0,Electricity,Electricity,10,-1,87.78,0,0.0,0.0,38.3971,0.0,0,0,47471,0,12,Porsche,Taycan Performance Battery,N,False,0,90,208,198.0,0.0,220.0,0.0,Automatic (A2),113.2,0.0,125.4,0.0,Compact Cars,2024,7500,Taycan,,,,,EV,,,280 kW ACPM,PRX,,0.0,,Mon Nov 06 00:00:00 EST 2023,Sun Aug 25 00:00:00 EDT 2024,N,0,0,0,,,,,,,,,1
0.1008,0.0,0.0,10.5,81.34,0,0.0,0.0,41.4372,0.0,0,-1,0.0,0.0,80.6075,0,0.0,41.8137,0.0,0.0,,,All-Wheel Drive,740,,9,950,0,Electricity,Electricity,10,-1,79.73,0,0.0,0.0,42.2739,0.0,0,0,47472,0,11,Porsche,Taycan Turbo,N,False,0,89,238,240.0,0.0,235.0,0.0,Automatic (A2),116.2,0.0,113.9,0.0,Compact Cars,2024,7250,Taycan,,,,,EV,,,235 kW ACPM,PRX,,0.0,,Mon Nov 06 00:00:00 EST 2023,Sun Aug 25 00:00:00 EDT 2024,N,0,0,0,,,,,,,,,2
0.108,0.0,0.0,10.5,76.0,0,0.0,0.0,43.8525,0.0,0,-1,0.0,0.0,75.0,0,0.0,44.5214,0.0,0.0,,,All-Wheel Drive,750,,9,1000,0,Electricity,Electricity,10,-1,74.0,0,0.0,0.0,46.0,0.0,0,0,47473,0,11,Porsche,Taycan Turbo S,N,False,0,89,222,227.0,0.0,216.0,0.0,Automatic (A2),109.8,0.0,106.2,0.0,Compact Cars,2024,7000,Taycan,,,,,EV,,,254 kW ACPM,PRX,,0.0,,Mon Nov 06 00:00:00 EST 2023,Sun Aug 25 00:00:00 EDT 2024,N,0,0,0,,,,,,,,,2
0.1008,0.0,0.0,10.5,80.01,0,0.0,0.0,42.126,0.0,0,-1,0.0,0.0,80.2297,0,0.0,42.0106,0.0,0.0,,,All-Wheel Drive,705,,9,950,0,Electricity,Electricity,10,-1,80.5,0,0.0,0.0,41.8696,0.0,24,90,47474,0,0,Porsche,Taycan 4 Cross Turismo,N,False,0,0,235,234.0,0.0,236.0,0.0,Automatic (A2),114.3,0.0,115.0,0.0,Midsize Cars,2024,7250,Taycan,,,,,EV,,,234 and 235 kW ACPM,PRX,,0.0,,Mon Nov 06 00:00:00 EST 2023,Sun Aug 25 00:00:00 EDT 2024,N,0,0,0,,,,,,,,,3
0.1032,0.0,0.0,10.5,80.0,0,0.0,0.0,42.0,0.0,0,-1,0.0,0.0,79.0,0,0.0,43.0,0.0,0.0,,,All-Wheel Drive,745,,9,950,0,Electricity,Electricity,10,-1,78.0,0,0.0,0.0,43.0,0.0,24,92,47475,0,0,Porsche,Taycan Turbo Cross Turismo,N,False,0,0,233,235.0,0.0,230.0,0.0,Automatic (A2),117.4,0.0,113.6,0.0,Midsize Cars,2024,7250,Taycan,,,,,EV,,,234 kW ACPM,PRX,,0.0,,Mon Nov 06 00:00:00 EST 2023,Sun Aug 25 00:00:00 EDT 2024,N,0,0,0,,,,,,,,,1
0.108,0.0,0.0,10.5,76.0,0,0.0,0.0,43.8525,0.0,0,-1,0.0,0.0,75.0,0,0.0,44.5214,0.0,0.0,,,All-Wheel Drive,755,,9,1000,0,Electricity,Electricity,10,-1,74.34,0,0.0,0.0,46.0,0.0,24,93,47476,0,0,Porsche,Taycan Turbo S Cross Turismo,N,False,0,0,222,227.0,0.0,216.0,0.0,Automatic (A2),109.8,0.0,106.2,0.0,Midsize Cars,2024,7000,Taycan,,,,,EV,,,235 kW ACPM,PRX,,0.0,,Mon Nov 06 00:00:00 EST 2023,Sun Aug 25 00:00:00 EDT 2024,N,0,0,0,,,,,,,,,1
0.1296,0.0,0.0,13.0,65.4226,0,0.0,0.0,51.5189,0.0,0,-1,0.0,0.0,62.7679,0,0.0,53.6978,0.0,0.0,,,All-Wheel Drive,8,,9,1200,0,Electricity,Electricity,10,-1,59.8021,0,0.0,0.0,56.3609,0.0,0,0,47477,0,0,Rivian,R1S All-Terrain Quad Large (20 inch),N,False,0,0,274,285.0,0.0,261.0,0.0,Automatic (A1),87.3,0.0,79.8,0.0,Standard Sport Utility Vehicle 4WD,2024,6000,R1S,,,,,EV,,,"162, 162, 163 and 135 kW ACPM 3-Phase",RIV,,0.0,,Mon Nov 06 00:00:00 EST 2023,Sun Aug 25 00:00:00 EDT 2024,N,0,0,0,,,,,,,,,0
0.1032,0.0,0.0,11.0,73.884,0,0.0,0.0,45.6188,0.0,0,-1,0.0,0.0,78.0793,0,0.0,43.1676,0.0,0.0,,,All-Wheel Drive,25,,9,950,0,Electricity,Electricity,10,-1,83.9022,0,0.0,0.0,40.1718,0.0,0,0,47478,10,0,Rolls-Royce,Spectre Black Badge (22 inch wheels),N,False,94,0,280,264.0,0.0,300.0,0.0,Automatic (A1),100.3,0.0,113.9,0.0,Compact Cars,2024,7250,Spectre,,,,,EV,,,190 and 360 kW EESM,RRG,,0.0,,Mon Nov 06 00:00:00 EST 2023,Sun Aug 25 00:00:00 EDT 2024,N,0,0,0,,,,,,,,,0
0.1104,0.0,0.0,11.0,70.5692,0,0.0,0.0,47.7617,0.0,0,-1,0.0,0.0,73.4658,0,0.0,45.8785,0.0,0.0,,,All-Wheel Drive,26,,9,1050,0,Electricity,Electricity,10,-1,77.3462,0,0.0,0.0,43.5768,0.0,0,0,47479,10,0,Rolls-Royce,Spectre Black Badge (23 inch wheels),N,False,94,0,264,253.0,0.0,277.0,0.0,Automatic (A1),95.8,0.0,105.0,0.0,Compact Cars,2024,6750,Spectre,,,,,EV,,,190 and 360 kW EESM,RRG,,0.0,,Mon Nov 06 00:00:00 EST 2023,Sun Aug 25 00:00:00 EDT 2024,N,0,0,0,,,,,,,,,0
0.0984,0.0,0.0,11.0,77.4935,0,0.0,0.0,43.494,0.0,0,-1,0.0,0.0,81.2658,0,0.0,41.475,0.0,0.0,,,All-Wheel Drive,17,,9,950,0,Electricity,Electricity,10,-1,86.4067,0,0.0,0.0,39.0074,0.0,0,0,47480,10,0,Rolls-Royce,Spectre (22 inch wheels),N,False,94,0,291,277.0,0.0,309.0,0.0,Automatic (A1),105.2,0.0,117.3,0.0,Compact Cars,2024,7250,Spectre,,,,,EV,,,190 and 360 kW EESM,RRG,,0.0,,Mon Nov 06 00:00:00 EST 2023,Sun Aug 25 00:00:00 EDT 2024,N,0,0,0,,,,,,,,,0
0.108,0.0,0.0,11.0,70.5692,0,0.0,0.0,47.7617,0.0,0,-1,0.0,0.0,74.1451,0,0.0,45.4581,0.0,0.0,,,All-Wheel Drive,18,,9,1000,0,Electricity,Electricity,10,-1,79.0404,0,0.0,0.0,42.6428,0.0,0,0,47481,10,0,Rolls-Royce,Spectre (23 inch wheels),N,False,94,0,266,252.0,0.0,283.0,0.0,Automatic (A1),95.8,0.0,107.3,0.0,Compact Cars,2024,7000,Spectre,,,,,EV,,,190 and 360 kW EESM,RRG,,0.0,,Mon Nov 06 00:00:00 EST 2023,Sun Aug 25 00:00:00 EDT 2024,N,0,0,0,,,,,,,,,0
0.0768,0.0,0.0,11.0,114.0,0,0.0,0.0,30.0,0.0,0,-1,0.0,0.0,104.0,0,0.0,32.0,0.0,0.0,,,All-Wheel Drive,81,,10,700,0,Electricity,Electricity,10,-1,94.0,0,0.0,0.0,36.0,0.0,0,0,47482,0,0,Subaru,Solterra AWD,N,False,0,0,227,245.0,0.0,205.0,0.0,Automatic (A1),170.6,0.0,140.6,0.0,Small Sport Utility Vehicle 4WD,2024,8500,Solterra,,,,,EV,,,80 and 80 kW AC Synchronous,FJX,,0.0,,Mon Nov 06 00:00:00 EST 2023,Sun Aug 25 00:00:00 EDT 2024,N,0,0,0,,,,,,,,,0
0.0791999999999999,0.0,0.0,11.0,111.0,0,0.0,0.0,30.0,0.0,0,-1,0.0,0.0,102.0,0,0.0,33.0,0.0,0.0,,,All-Wheel Drive,82,,10,750,0,Electricity,Electricity,10,-1,93.0,0,0.0,0.0,36.0,0.0,0,0,47483,0,0,Subaru,Solterra Limited/Touring AWD,N,False,0,0,222,240.0,0.0,200.0,0.0,Automatic (A1),163.4,0.0,136.1,0.0,Small Sport Utility Vehicle 4WD,2024,8250,Solterra,,,,,EV,,,80 and 80 kW AC Synchronous,FJX,,0.0,,Mon Nov 06 00:00:00 EST 2023,Sun Aug 25 00:00:00 EDT 2024,N,0,0,0,,,,,,,,,0
0.072,0.0,0.0,8.0,122.5,0,0.0,0.0,27.5143,0.0,0,-1,0.0,0.0,113.1687,0,0.0,29.783,0.0,0.0,,,Rear-Wheel Drive,309,,10,650,0,Electricity,Electricity,10,-1,103.53,0,0.0,0.0,32.5558,0.0,0,0,47484,0,30,Volkswagen,ID.4 Pro,N,False,0,100,291,313.0,0.0,264.0,0.0,Automatic (A1),175.0,0.0,147.9,0.0,Small Sport Utility Vehicle 2WD,2024,8750,ID.4,,,,,EV,,,209 kW AC 3-Phase,VGA,,0.0,,Mon Nov 06 00:00:00 EST 2023,Sun Aug 25 00:00:00 EDT 2024,N,0,0,0,77.0,,7.0,,11.0,135.0,CCS2,,1
0.0791999999999999,0.0,0.0,8.0,108.22,0,0.0,0.0,31.1449,0.0,0,-1,0.0,0.0,102.234,0,0.0,32.9685,0.0,0.0,,,All-Wheel Drive,308,,10,750,0,Electricity,Electricity,10,-1,95.76,0,0.0,0.0,35.1974,0.0,0,0,47485,0,30,Volkswagen,ID.4 AWD Pro,N,False,0,100,263,277.0,0.0,245.0,0.0,Automatic (A1),154.6,0.0,136.8,0.0,Small Sport Utility Vehicle 4WD,2024,8250,ID.4,,,,,EV,,,105 and 209  kW AC 3-Phase,VGA,,0.0,,Mon Nov 06 00:00:00 EST 2023,Sun Aug 25 00:00:00 EDT 2024,N,0,0,0,77.0,,7.0,,11.0,135.0,CCS2,,2
0.0791999999999999,0.0,0.0,8.0,108.22,0,0.0,0.0,31.1449,0.0,0,-1,0.0,0.0,102.234,0,0.0,32.9685,0.0,0.0,,,All-Wheel Drive,306,,10,750,0,Electricity,Electricity,10,-1,95.76,0,0.0,0.0,35.1974,0.0,0,0,47486,0,30,Volkswagen,ID.4 AWD Pro S,N,False,0,100,263,277.0,0.0,245.0,0.0,Automatic (A1),154.6,0.0,136.8,0.0,Small Sport Utility Vehicle 4WD,2024,8250,ID.4,,,,,EV,,,105 and 209  kW AC 3-Phase,VGA,,0.0,,Mon Nov 06 00:00:00 EST 2023,Sun Aug 25 00:00:00 EDT 2024,N,0,0,0,,,,,,,,,2
0.108,0.0,0.0,15.0,78.765,0,0.0,0.0,42.7918,0.0,0,-1,0.0,0.0,75.0811,0,0.0,44.8914,0.0,0.0,,,All-Wheel Drive,1,,9,1000,0,Electricity,Electricity,10,-1,71.0213,0,0.0,0.0,47.4576,0.0,0,0,47487,0,0,Vinfast,VF 9 Eco,N,False,0,0,330,345.0,0.0,311.0,0.0,Automatic (A1),106.8,0.0,96.3,0.0,Special Purpose Vehicle 4WD,2024,7000,VF 9,,,,,EV,,,300 kW ACPM 3-Phase,VTP,,0.0,,Mon Nov 06 00:00:00 EST 2023,Sun Aug 25 00:00:00 EDT 2024,N,0,0,0,,,,,,,,,2
0.1176,0.0,0.0,15.0,71.345,0,0.0,0.0,47.2423,0.0,0,-1,0.0,0.0,68.6723,0,0.0,49.0809,0.0,0.0,,,All-Wheel Drive,2,,9,1100,0,Electricity,Electricity,10,-1,65.6658,0,0.0,0.0,51.3281,0.0,0,0,47488,0,0,Vinfast,VF 9 Plus,N,False,0,0,291,302.0,0.0,278.0,0.0,Automatic (A1),100.5,0.0,92.5,0.0,Special Purpose Vehicle 4WD,2024,6500,VF 9,,,,,EV,,,260 kW ACPM 3-Phase,VTP,,0.0,,Mon Nov 06 00:00:00 EST 2023,Sun Aug 25 00:00:00 EDT 2024,N,0,0,0,92.0,,8.4,,11.0,150.0,CCS,,2
8.391211324973263,6.467608695652174,0.0,3.0,17.2268,43,43.3334,0.0,79.0,0.46,251,-1,0.0,251.0,19.0614,46,45.9439,74.0,0.0,0.473,6.0,2.9,All-Wheel Drive,400,SIDI; PHEV,5,4300,0,Premium and Electricity,Premium Gasoline,7,-1,21.9137,50,49.5956,0.0,68.0,0.489,0,0,47489,13,0,Bentley,Flying Spur Hybrid,N,True,102,0,430,0.0,20.18,0.0,22.21,Automatic (AM-S8),21.5,60.0,30.5,70.8,Midsize Cars,2024,-3250,Flying Spur,,,T,,Plug-in Hybrid,Electricity,21.0,103 kW AC Induction,VGA,,0.0,,Mon Nov 06 00:00:00 EST 2023,Thu Oct 17 00:00:00 EDT 2024,Y,24,30,26,,,,,,,,,1
5.689507065000001,4.075479452054794,0.0,3.0,23.7966,69,68.798,0.0,49.0,0.478,158,-1,0.0,158.0,26.873,73,72.5419,48.0,0.0,0.49,4.0,2.0,Rear-Wheel Drive,320,SIDI; PHEV,7,3050,0,Premium and Electricity,Premium Gasoline,8,-1,31.9159,78,77.7106,0.0,45.0,0.504,0,0,47490,0,9,BMW,330e Sedan,N,True,0,94,310,0.0,20.81,0.0,21.74,Automatic (S8),34.8,98.1,46.0,111.0,Compact Cars,2024,1750,3 Series,,,T,,Plug-in Hybrid,Electricity,22.0,80 kW PMSM,BMX,,0.0,,Mon Nov 06 00:00:00 EST 2023,Thu Jan 18 00:00:00 EST 2024,Y,35,45,39,,,,,,,,,1
6.168642275625,4.375147058823529,0.0,3.0,22.1326,64,64.0224,0.0,47.0,0.465,172,-1,0.0,172.0,25.6741,68,68.3785,45.0,0.0,0.476,4.0,2.0,All-Wheel Drive,321,SIDI; PHEV,7,3150,0,Premium and Electricity,Premium Gasoline,8,-1,31.9159,75,74.5807,0.0,43.0,0.489,0,0,47491,0,9,BMW,330e xDrive Sedan,N,True,0,94,300,0.0,20.51,0.0,22.17,Automatic (S8),32.2,91.2,46.0,106.5,Compact Cars,2024,1250,3 Series,,,T,,Plug-in Hybrid,Electricity,20.0,80 kW PMSM,BMX,,0.0,,Mon Nov 06 00:00:00 EST 2023,Thu Jan 18 00:00:00 EST 2024,Y,31,44,36,,,,,,,,,1
8.721478975882354,6.467608695652174,0.0,7.0,11.8085,46,46.2913,0.0,73.0,0.602,244,-1,0.0,244.0,13.6563,46,46.1324,73.0,0.0,0.599,8.0,4.4,All-Wheel Drive,900,SIDI; PHEV,5,5850,0,Premium and Electricity,Premium Gasoline,7,-1,16.8858,46,45.9397,0.0,73.0,0.595,0,0,47492,0,0,BMW,XM,N,True,0,0,300,0.0,31.16,0.0,30.8,Automatic (S8),14.9,65.7,23.1,65.5,Standard Sport Utility Vehicle 4WD,2024,-4750,XM,,,T,,Plug-in Hybrid,Electricity,31.0,145 kW PMSM,BMX,,0.0,,Mon Nov 06 00:00:00 EST 2023,Thu Jan 18 00:00:00 EST 2024,Y,22,27,24,,,,,,,,,3
13.41465088282895,6.76159090909091,0.0,2.5,16.1,42,42.1767,0.0,79.0,0.227,413,-1,0.0,413.0,17.1365,44,43.7104,77.0,0.0,0.225,8.0,3.9,All-Wheel Drive,178,SIDI; PHEV,4,4800,0,Premium and Electricity,Premium Gasoline,5,-1,18.6,46,45.7435,0.0,73.0,0.224,0,0,47493,0,0,Ferrari,SF90 Spider,N,True,0,0,330,0.0,8.06,0.0,7.94,Automatic (AM8),20.0,56.8,25.7,65.1,Two Seaters,2024,-8250,SF90 Spider,,,T,,Plug-in Hybrid,Electricity,8.0,"99, 99 and 150 kW PMSM",FEX,,0.0,,Mon Nov 06 00:00:00 EST 2023,Tue Apr 30 00:00:00 EDT 2024,Y,18,21,19,7.0,,0.9,,7.4,,Type 2,,3
12.93787464,5.833529411764706,0.0,2.5,16.1,51,50.5302,0.0,66.0,0.24,403,-1,0.0,403.0,17.5782,51,50.6767,66.0,0.0,0.237,8.0,3.9,All-Wheel Drive,173,SIDI; PHEV,4,4550,0,Premium and Electricity,Premium Gasoline,5,-1,19.8,51,50.857,0.0,67.0,0.234,0,0,47494,0,0,Ferrari,SF90 Stradale,N,True,0,0,340,0.0,8.62,0.0,8.37,Automatic (AM8),20.0,69.2,27.3,72.3,Two Seaters,2024,-7500,SF90 Stradale,,,T,,Plug-in Hybrid,Electricity,9.0,"99, 99 and 150 kW PMSM",FEX,,0.0,,Mon Nov 06 00:00:00 EST 2023,Tue Apr 30 00:00:00 EDT 2024,Y,19,22,20,7.0,,0.9,,7.4,,Type 2,,3
3.3585405342857144,3.718875,0.0,1.7,34.7293,87,86.8074,0.0,39.0,0.636,100,-1,0.0,100.0,35.0164,80,80.4782,42.0,0.0,0.616,4.0,1.6,All-Wheel Drive,64,,8,1950,0,Regular Gas and Electricity,Regular Gasoline,9,-1,35.3739,74,73.8934,0.0,46.0,0.583,0,0,47495,0,0,Hyundai,Tucson Plug-in Hybrid,Y,True,0,0,420,0.0,35.03,0.0,29.72,Automatic (AM-S6),47.9,124.0,45.9,105.6,Small Sport Utility Vehicle 4WD,2024,5250,Tucson,,,T,,Plug-in Hybrid,Electricity,33.0,67 kW PMSM,HYX,,0.0,,Mon Nov 06 00:00:00 EST 2023,Tue Apr 16 00:00:00 EDT 2024,Y,56,50,53,,,,,,,,,3
3.502873422077923,3.765949367088608,0.0,3.4,35.0284,83,83.2894,0.0,40.0,0.624,105,-1,0.0,105.0,34.0487,79,79.1466,43.0,0.0,0.607,4.0,1.6,All-Wheel Drive,25,SIDI; PHEV,8,2000,0,Regular Gas and Electricity,Regular Gasoline,9,-1,32.9232,75,74.6107,0.0,45.0,0.585,0,0,47496,0,0,Kia,Sorento Plug-in Hybrid,N,True,0,0,460,0.0,33.77,0.0,29.92,Automatic (AM-S6),47.4,118.9,45.1,106.6,Small Sport Utility Vehicle 4WD,2024,5250,Sorento,,,T,,Plug-in Hybrid,Electricity,32.0,67 kW PMSM,KMX,,0.0,,Mon Nov 06 00:00:00 EST 2023,Tue Mar 19 00:00:00 EDT 2024,Y,54,48,52,,,,,,,,,3
3.2338802057142857,3.5417857142857145,0.0,2.0,35.6335,88,87.979,0.0,38.0,0.64,96,-1,0.0,96.0,35.3676,84,83.5832,40.0,0.0,0.622,4.0,1.6,All-Wheel Drive,22,SIDI; PHEV,8,1950,0,Regular Gas and Electricity,Regular Gasoline,10,-1,35.0479,79,78.7728,0.0,43.0,0.598,0,0,47497,0,0,Kia,Sportage Plug-in Hybrid,N,True,0,0,430,0.0,35.453,0.0,31.133,Automatic (AM-S6),48.5,125.7,46.2,112.5,Small Sport Utility Vehicle 4WD,2024,5500,Sportage,,,T,,Plug-in Hybrid,Electricity,34.0,67 kW IPMSM,KMX,,0.0,,Mon Nov 06 00:00:00 EST 2023,Tue Mar 19 00:00:00 EDT 2024,Y,57,52,55,,,,,,,,,3
2.964494814258374,3.5417857142857145,0.0,4.5,37.5894,93,92.8124,0.0,36.0,0.686,87,-1,0.0,87.0,35.517,84,84.0132,40.0,0.0,0.657,4.0,2.5,All-Wheel Drive,6,,8,2250,0,Premium and Electricity,Premium Gasoline,10,-1,33.2748,75,75.2892,0.0,45.0,0.618,0,0,47498,0,0,Lexus,NX 450h Plus AWD,N,True,0,0,550,0.0,41.08,0.0,33.1,Automatic (AV-S6),49.6499,132.6,47.5499,107.6,Small Sport Utility Vehicle 4WD,2024,5000,NX,,,,,Plug-in Hybrid,Electricity,37.0,40 and 134 kW AC Induction,TYX,,0.0,,Mon Nov 06 00:00:00 EST 2023,Wed May 29 00:00:00 EDT 2024,Y,63,50,57,,,,,,,,,3
3.9810098,4.64859375,0.0,6.5,25.0,67,66.7774,0.0,50.0,0.674,115,-1,0.0,115.0,26.0,64,64.1274,52.0,0.0,0.661,4.0,2.4,All-Wheel Drive,217,PHEV,8,2600,0,Regular Gas and Electricity,Regular Gasoline,9,-1,27.0794,61,61.1609,0.0,54.0,0.644,0,0,47499,0,0,Mitsubishi,Outlander PHEV,N,True,0,0,420,0.0,39.51,0.0,35.91,Automatic (A1),37.7261,95.1,39.3754,87.4,Standard Sport Utility Vehicle 4WD,2024,3750,Outlander,,,,,Plug-in Hybrid,Electricity,38.0,85 and 100 kW DCPM,MTX,,0.0,,Mon Nov 06 00:00:00 EST 2023,Tue Mar 19 00:00:00 EDT 2024,Y,43,42,43,,,,,,,,,3
2.0405121900000003,2.609736842105263,0.0,4.0,50.2731,125,127.8404,0.0,27.0,0.701,60,0,0.0,60.0,48.0,114,116.25,29.0,0.0,0.677,4.0,2.0,Front-Wheel Drive,103,SIDI & PFI; PHEV,9,1400,0,Regular Gas and Electricity,Regular Gasoline,10,10,46.8297,103,104.6534,0.0,33.0,0.644,20,91,47500,0,0,Toyota,Prius Prime,Y,True,0,0,550,0.0,43.23,0.0,35.94,Automatic (variable gear ratios),70.3,182.6,66.1,149.5,Midsize Cars,2024,7500,Prius Prime,,,,,Plug-in Hybrid,Electricity,40.0,120 kW AC Induction,TYX,,0.0,,Mon Nov 06 00:00:00 EST 2023,Thu Jan 18 00:00:00 EST 2024,Y,86,72,79,,,,,,,,,3
1.7187876643951168,2.3425984251968504,0.0,4.0,53.0,140,143.3547,0.0,24.0,0.734,50,-1,0.0,50.0,52.0,127,129.6867,26.0,0.0,0.71,4.0,2.0,Front-Wheel Drive,104,SIDI & PFI; PHEV,9,1300,0,Regular Gas and Electricity,Regular Gasoline,10,-1,51.0,115,116.1514,0.0,29.0,0.675,20,91,47501,0,0,Toyota,Prius Prime SE,N,True,0,0,600,0.0,48.43,0.0,39.69,Automatic (variable gear ratios),77.7,204.8,72.7,165.9,Midsize Cars,2024,8000,Prius Prime,,,,,Plug-in Hybrid,Electricity,45.0,120 kW AC Induction,TYX,,0.0,,Mon Nov 06 00:00:00 EST 2023,Thu Jan 18 00:00:00 EST 2024,Y,97,81,89,,,,,,,,,3
2.4867613275,3.1650000000000005,0.0,4.5,40.1649,105,104.5381,0.0,32.0,0.721,72,-1,0.0,72.0,38.4425,94,94.0002,36.0,0.0,0.693,4.0,2.5,All-Wheel Drive,130,PHEV,9,1800,0,Regular Gas and Electricity,Regular Gasoline,10,-1,36.0,84,83.6892,0.0,40.0,0.654,0,0,47502,0,0,Toyota,RAV4 Prime 4WD,N,True,0,0,600,0.0,46.22,0.0,37.13,Automatic (AV-S6),54.64,149.3,52.2459,119.6,Small Sport Utility Vehicle 4WD,2024,6500,RAV4 Prime,,,,,Plug-in Hybrid,Electricity,42.0,40 and 134 kW AC Induction,TYX,,0.0,,Mon Nov 06 00:00:00 EST 2023,Thu Jan 18 00:00:00 EST 2024,Y,72,58,65,,,,,,,,,3
3.1058686781818183,4.0204054054054055,0.0,5.0,29.5533,74,77.5276,0.1,44.0,0.684,99,-1,0.0,99.0,30.8507,74,77.3809,44.0,0.1,0.681,4.0,2.0,All-Wheel Drive,209,,8,2650,0,Premium and Electricity,Premium Gasoline,10,-1,32.5998,73,77.2023,0.0,44.0,0.677,0,0,47503,0,12,Volvo,S60 T8 AWD Recharge,Y,True,0,93,530,0.0,40.85,0.0,39.97,Automatic (S8),39.0,110.8,47.1,110.3,Compact Cars,2024,4250,S60,,,T,,Plug-in Hybrid,Electricity,40.0,34 kW 3-phase Sync.,VVX,,0.0,,Mon Nov 06 00:00:00 EST 2023,Tue Apr 30 00:00:00 EDT 2024,Y,50,53,52,,,,,,,,,3
3.9003225,4.722380952380953,0.0,5.0,27.6039,66,69.3882,0.1,49.0,0.651,122,-1,0.0,122.0,27.6946,63,66.509,50.0,0.1,0.64,4.0,2.0,All-Wheel Drive,226,,8,2900,0,Premium and Electricity,Premium Gasoline,9,-1,27.8062,60,63.2989,0.0,52.0,0.627,0,0,47504,0,0,Volvo,XC60 T8 AWD Recharge,N,True,0,0,560,0.0,36.61,0.0,33.83,Automatic (S8),36.1,99.1,39.5,90.4,Small Sport Utility Vehicle 4WD,2024,3000,XC60,,,T,,Plug-in Hybrid,Electricity,36.0,34 kW 3-phase Sync.,VVX,,0.0,,Mon Nov 06 00:00:00 EST 2023,Tue Apr 30 00:00:00 EDT 2024,Y,45,42,44,,,,,,,,,3
4.442686733076924,5.12948275862069,0.0,5.0,25.9637,59,62.3598,0.1,54.0,0.619,137,-1,0.0,137.0,26.5451,58,61.188,55.0,0.1,0.613,4.0,2.0,All-Wheel Drive,232,,7,3050,0,Premium and Electricity,Premium Gasoline,9,-1,27.2921,57,59.8142,0.0,57.0,0.604,0,0,47505,0,0,Volvo,XC90 T8 AWD Recharge,N,True,0,0,530,0.0,32.37,0.0,31.95,Automatic (S8),33.7,88.7,38.7,85.4,Standard Sport Utility Vehicle 4WD,2024,2000,XC90,,,T,,Plug-in Hybrid,Electricity,33.0,34 and 107 kW 3-phase Sync.,VVX,,0.0,,Mon Nov 06 00:00:00 EST 2023,Tue Apr 30 00:00:00 EDT 2024,Y,40,40,40,,,,,,,,,3
0.0936,0.0,0.0,11.0,93.87,0,0.0,0.0,35.906,0.0,0,-1,0.0,0.0,87.2696,0,0.0,38.6225,0.0,0.0,,,All-Wheel Drive,722,,9,850,0,Electricity,Electricity,10,-1,80.36,0,0.0,0.0,41.9425,0.0,0,0,47808,0,0,Acura,ZDX AWD,N,False,0,0,304,325.0,0.0,278.0,0.0,Automatic (A1),134.1,0.0,114.8,0.0,Standard Sport Utility Vehicle 2WD,2024,7750,ZDX,,,,,EV,,,155 and 200 kW ACPM,HNX,,0.0,,Thu May 02 00:00:00 EDT 2024,Sun Aug 25 00:00:00 EDT 2024,N,0,0,0,,,,,,,,,3
0.0887999999999999,0.0,0.0,11.0,96.25,0,0.0,0.0,35.0182,0.0,0,-1,0.0,0.0,90.0302,0,0.0,37.4374,0.0,0.0,,,Rear-Wheel Drive,721,,9,850,0,Electricity,Electricity,10,-1,83.44,0,0.0,0.0,40.3943,0.0,0,0,47809,0,0,Acura,ZDX RWD,N,False,0,0,313,333.0,0.0,289.0,0.0,Automatic (A1),137.5,0.0,119.2,0.0,Standard Sport Utility Vehicle 2WD,2024,7750,ZDX,,,,,EV,,,255 kW ACPM,HNX,,0.0,,Thu May 02 00:00:00 EDT 2024,Sun Aug 25 00:00:00 EDT 2024,N,0,0,0,,,,,,,,,3
0.0815999999999999,0.0,0.0,12.0,107.1265,0,0.0,0.0,31.4628,0.0,0,-1,0.0,0.0,99.9253,0,0.0,33.7302,0.0,0.0,,,All-Wheel Drive,362,,10,750,0,Electricity,Electricity,10,-1,92.3387,0,0.0,0.0,36.5015,0.0,0,0,47810,0,0,Audi,Q4 55 e-tron quattro,N,False,0,0,258,275.0,0.0,237.0,0.0,Automatic (A1),153.0378,0.0,131.9125,0.0,Standard Sport Utility Vehicle 4WD,2024,8250,Q4 e-tron,,,,,EV,,,80 and 150 kW Asynchron 3-Phase,VGA,,0.0,,Thu May 02 00:00:00 EDT 2024,Sun Aug 25 00:00:00 EDT 2024,N,0,0,0,,,,,,,,,3
0.0815999999999999,0.0,0.0,12.0,107.1265,0,0.0,0.0,31.4628,0.0,0,-1,0.0,0.0,99.9253,0,0.0,33.7302,0.0,0.0,,,All-Wheel Drive,363,,10,750,0,Electricity,Electricity,10,-1,92.3387,0,0.0,0.0,36.5015,0.0,0,0,47811,0,0,Audi,Q4 Sportback 55 e-tron quattro,N,False,0,0,258,275.0,0.0,237.0,0.0,Automatic (A1),153.0378,0.0,131.9125,0.0,Standard Sport Utility Vehicle 4WD,2024,8250,Q4 e-tron,,,,,EV,,,80 and 150 kW Asynchron 3-Phase,VGA,,0.0,,Thu May 02 00:00:00 EDT 2024,Sun Aug 25 00:00:00 EDT 2024,N,0,0,0,,,,,,,,,3
0.0911999999999999,0.0,0.0,6.7,96.04,0,0.0,0.0,35.0948,0.0,0,-1,0.0,0.0,88.7417,0,0.0,37.981,0.0,0.0,,,All-Wheel Drive,180,,9,850,0,Electricity,Electricity,10,-1,81.2,0,0.0,0.0,41.5086,0.0,0,0,47812,0,24,Cadillac,LYRIQ AWD,N,False,0,105,307,330.0,0.0,279.0,0.0,Automatic (A1),137.2,0.0,116.0,0.0,Small Sport Utility Vehicle 4WD,2024,7750,LYRIQ,,,,,EV,,,155 kW ACPM,GMX,,0.0,,Thu May 02 00:00:00 EDT 2024,Sun Aug 25 00:00:00 EDT 2024,N,0,0,0,95.0,,8.3,,11.5,190.0,CCS,,3
0.0887999999999999,0.0,0.0,11.0,99.4,0,0.0,0.0,33.9085,0.0,0,-1,0.0,0.0,92.0123,0,0.0,36.631,0.0,0.0,,,Rear-Wheel Drive,234,,10,800,0,Electricity,Electricity,10,-1,84.35,0,0.0,0.0,39.9585,0.0,0,0,47813,0,26,Chevrolet,Blazer EV RWD,Y,False,0,105,324,348.0,0.0,295.0,0.0,Automatic (A1),142.0,0.0,120.5,0.0,Small Sport Utility Vehicle 2WD,2024,8000,Blazer,,,,,EV,,,255 kW ACPM,GMX,,0.0,,Thu May 02 00:00:00 EDT 2024,Sun Aug 25 00:00:00 EDT 2024,N,0,0,0,97.0,,8.4,,11.5,195.0,CCS,,3
0.0744,0.0,0.0,9.4,116.97,0,0.0,0.0,28.8151,0.0,0,-1,0.0,0.0,108.3889,0,0.0,31.0964,0.0,0.0,,,Front-Wheel Drive,239,,10,700,0,Electricity,Electricity,10,-1,99.47,0,0.0,0.0,33.8846,0.0,0,0,47814,0,0,Chevrolet,Equinox EV FWD,Y,False,0,0,319,342.0,0.0,291.0,0.0,Automatic (A1),167.1,0.0,142.1,0.0,Small Sport Utility Vehicle 2WD,2024,8500,Equinox,,,,,EV,,,180 kW ACPM,GMX,,0.0,,Thu May 02 00:00:00 EDT 2024,Sun Aug 25 00:00:00 EDT 2024,N,0,0,0,80.0,,7.0,,11.5,150.0,CCS,,3
0.0839999999999999,0.0,0.0,9.5,101.36,0,0.0,0.0,33.2528,0.0,0,-1,0.0,0.0,95.9582,0,0.0,35.1247,0.0,0.0,,,All-Wheel Drive,625,,10,800,0,Electricity,Electricity,10,-1,90.09,0,0.0,0.0,37.4126,0.0,0,0,47815,0,0,Chevrolet,Equinox EV AWD,N,False,0,0,285,300.0,0.0,267.0,0.0,Automatic (A1),144.8,0.0,128.7,0.0,Small Sport Utility Vehicle 4WD,2024,8000,Equinox,,,,,EV,,,67 and 180 kW AC Induction,GMX,,0.0,,Thu May 02 00:00:00 EDT 2024,Sun Aug 25 00:00:00 EDT 2024,N,0,0,0,80.0,,7.0,,11.5,150.0,CCS,,3
0.0696,0.0,0.0,6.2,126.891,0,0.0,0.0,26.5621,0.0,0,-1,0.0,0.0,115.5041,0,0.0,29.1808,0.0,0.0,,,Front-Wheel Drive,613,,10,650,0,Electricity,Electricity,10,-1,104.088,0,0.0,0.0,32.3813,0.0,7,72,47816,0,0,Fiat,500e,N,False,0,0,149,162.0,0.0,133.0,0.0,Automatic (A1),181.3,0.0,148.7,0.0,Minicompact Cars,2024,8750,500e,,,,,EV,,,87 kW DCPM,CRX,,0.0,,Thu May 02 00:00:00 EDT 2024,Sun Aug 25 00:00:00 EDT 2024,N,0,0,0,37.3,,3.4,,11.0,85.0,CCS2,,3
0.0744,0.0,0.0,6.2,120.61,0,0.0,0.0,27.9454,0.0,0,-1,0.0,0.0,110.3899,0,0.0,30.5327,0.0,0.0,,,Front-Wheel Drive,614,,10,700,0,Electricity,Electricity,10,-1,100.03,0,0.0,0.0,33.6949,0.0,7,72,47817,0,0,Fiat,500e All Season,N,False,0,0,141,153.0,0.0,127.0,0.0,Automatic (A1),172.3,0.0,142.9,0.0,Minicompact Cars,2024,8500,500e,,,,,EV,,,87 kW DCPM,CRX,,0.0,,Thu May 02 00:00:00 EDT 2024,Sun Aug 25 00:00:00 EDT 2024,N,0,0,0,,,,,,,,,3
0.1152,0.0,0.0,14.6,77.84,0,0.0,0.0,43.2857,0.0,0,-1,0.0,0.0,70.3404,0,0.0,47.9143,0.0,0.0,,,All-Wheel Drive,137,,9,1100,0,Electricity,Electricity,10,-1,62.93,0,0.0,0.0,47.9143,0.0,0,0,47818,0,0,Ford,F-150 Lightning 4WD Extended Range,N,False,0,0,320,335.0,0.0,302.0,0.0,Automatic (A1),111.2,0.0,89.9,0.0,Standard Pickup Trucks 4WD,2024,6500,F-150 Lightning,,,,,EV,,,210 and 210 kW AC PMSM,FMX,,0.0,,Thu May 02 00:00:00 EDT 2024,Sun Aug 25 00:00:00 EDT 2024,N,0,0,0,,,,,,,,,3
0.1224,0.0,0.0,14.6,73.01,0,0.0,0.0,46.1429,0.0,0,-1,0.0,0.0,66.4363,0,0.0,50.7071,0.0,0.0,,,All-Wheel Drive,207,,9,1150,0,Electricity,Electricity,10,-1,59.85,0,0.0,0.0,50.7071,0.0,0,0,47819,0,0,Ford,F-150 Lightning Platinum 4WD,N,False,0,0,300,313.0,0.0,285.0,0.0,Automatic (A1),104.3,0.0,85.5,0.0,Standard Pickup Trucks 4WD,2024,6250,F-150 Lightning,,,,,EV,,,210 and 210 kW AC PMSM,FMX,,0.0,,Thu May 02 00:00:00 EDT 2024,Sun Aug 25 00:00:00 EDT 2024,N,0,0,0,,,,,,,,,3
0.1152,0.0,0.0,10.1,77.84,0,0.0,0.0,43.2857,0.0,0,-1,0.0,0.0,70.3404,0,0.0,47.9143,0.0,0.0,,,All-Wheel Drive,138,,9,1100,0,Electricity,Electricity,10,-1,62.93,0,0.0,0.0,47.9143,0.0,0,0,47820,0,0,Ford,F-150 Lightning PRO 4WD Extended Range,N,False,0,0,320,335.0,0.0,302.0,0.0,Automatic (A1),111.2,0.0,89.9,0.0,Standard Pickup Trucks 4WD,2024,6500,F-150 Lightning,,,,,EV,,,210 and 210 kW AC PMSM,FMX,,0.0,,Thu May 02 00:00:00 EDT 2024,Sun Aug 25 00:00:00 EDT 2024,N,0,0,0,,,,,,,,,3
0.1176,0.0,0.0,11.9,76.23,0,0.0,0.0,44.2857,0.0,0,-1,0.0,0.0,68.3539,0,0.0,49.3643,0.0,0.0,,,All-Wheel Drive,43,,9,1100,0,Electricity,Electricity,10,-1,60.69,0,0.0,0.0,49.3643,0.0,0,0,47821,0,0,Ford,F-150 Lightning 4WD,N,False,0,0,240,252.0,0.0,226.0,0.0,Automatic (A1),108.9,0.0,86.7,0.0,Standard Pickup Trucks 4WD,2024,6500,F-150 Lightning,,,,,EV,,,358 and 358 kW AC PMSM,FMX,,0.0,,Thu May 02 00:00:00 EDT 2024,Sun Aug 25 00:00:00 EDT 2024,N,0,0,0,123.0,,10.9,,11.3,155.0,CCS,4.3,3
0.0791999999999999,0.0,0.0,7.1,106.4,0,0.0,0.0,31.7143,0.0,0,-1,0.0,0.0,102.3105,0,0.0,32.9357,0.0,0.0,,,Rear-Wheel Drive,126,,10,750,0,Electricity,Electricity,10,-1,97.72,0,0.0,0.0,32.9357,0.0,0,0,47822,0,0,Ford,Mustang Mach-E RWD,N,False,0,0,250,254.0,0.0,245.0,0.0,Automatic (A1),152.0,0.0,139.6,0.0,Small Sport Utility Vehicle 2WD,2024,8250,Mustang Mach-E,,,,,EV,,,197 kW AC PMSM,FMX,,0.0,,Thu May 02 00:00:00 EDT 2024,Sun Aug 25 00:00:00 EDT 2024,N,0,0,0,91.0,,8.3,,11.0,150.0,CCS,4.8,3
0.0768,0.0,0.0,10.1,111.23,0,0.0,0.0,30.2857,0.0,0,-1,0.0,0.0,105.8945,0,0.0,31.8286,0.0,0.0,,,Rear-Wheel Drive,168,,10,700,0,Electricity,Electricity,10,-1,100.03,0,0.0,0.0,31.8286,0.0,0,0,47823,0,0,Ford,Mustang Mach-E RWD Extended,N,False,0,0,320,327.0,0.0,311.0,0.0,Automatic (A1),158.9,0.0,142.9,0.0,Small Sport Utility Vehicle 2WD,2024,8500,Mustang Mach-E,,,,,EV,,,216 kW AC PMSM,FMX,,0.0,,Thu May 02 00:00:00 EDT 2024,Sun Aug 25 00:00:00 EDT 2024,N,0,0,0,,,,,,,,,1
0.0887999999999999,0.0,0.0,7.5,94.78,0,0.0,0.0,35.5714,0.0,0,-1,0.0,0.0,91.3595,0,0.0,36.9214,0.0,0.0,,,All-Wheel Drive,122,,9,850,0,Electricity,Electricity,10,-1,87.5,0,0.0,0.0,36.9214,0.0,0,0,47824,0,0,Ford,Mustang Mach-E AWD,N,False,0,0,230,234.0,0.0,225.0,0.0,Automatic (A1),135.4,0.0,125.0,0.0,Small Sport Utility Vehicle 4WD,2024,7750,Mustang Mach-E,,,,,EV,,,198 and 198 kW AC PMSM,FMX,,0.0,,Thu May 02 00:00:00 EDT 2024,Sun Aug 25 00:00:00 EDT 2024,N,0,0,0,91.0,,8.3,,11.0,150.0,CCS,4.8,1
0.0815999999999999,0.0,0.0,10.0,103.04,0,0.0,0.0,32.7143,0.0,0,-1,0.0,0.0,98.6314,0,0.0,34.1929,0.0,0.0,,,All-Wheel Drive,165,,10,750,0,Electricity,Electricity,10,-1,93.73,0,0.0,0.0,34.1929,0.0,0,0,47825,0,0,Ford,Mustang Mach-E AWD Extended,N,False,0,0,300,306.0,0.0,293.0,0.0,Automatic (A1),147.2,0.0,133.9,0.0,Small Sport Utility Vehicle 4WD,2024,8250,Mustang Mach-E,,,,,EV,,,78 and 210 kW AC PMSM,FMX,,0.0,,Thu May 02 00:00:00 EDT 2024,Sun Aug 25 00:00:00 EDT 2024,N,0,0,0,,,,,,,,,1
0.0887999999999999,0.0,0.0,9.9,94.99,0,0.0,0.0,35.4286,0.0,0,-1,0.0,0.0,90.1373,0,0.0,37.3571,0.0,0.0,,,All-Wheel Drive,166,,9,850,0,Electricity,Electricity,10,-1,84.84,0,0.0,0.0,37.3571,0.0,0,0,47826,0,0,Ford,Mustang Mach-E GT,N,False,0,0,280,287.0,0.0,272.0,0.0,Automatic (A1),135.7,0.0,121.2,0.0,Small Sport Utility Vehicle 4WD,2024,7750,Mustang Mach-E,,,,,EV,,,210 and 210 kW AC PMSM,FMX,,0.0,,Thu May 02 00:00:00 EDT 2024,Sun Aug 25 00:00:00 EDT 2024,N,0,0,0,,,,,,,,,1
0.0936,0.0,0.0,10.2,89.88,0,0.0,0.0,37.4286,0.0,0,-1,0.0,0.0,85.5788,0,0.0,39.3571,0.0,0.0,,,All-Wheel Drive,167,,9,900,0,Electricity,Electricity,10,-1,80.85,0,0.0,0.0,39.3571,0.0,0,0,47827,0,0,Ford,Mustang Mach-E Rally,N,False,0,0,265,271.0,0.0,258.0,0.0,Automatic (A1),128.4,0.0,115.5,0.0,Small Sport Utility Vehicle 4WD,2024,7500,Mustang Mach-E,,,,,EV,,,210 and 210 kW AC PMSM,FMX,,0.0,,Thu May 02 00:00:00 EDT 2024,Sun Aug 25 00:00:00 EDT 2024,N,0,0,0,,,,,,,,,0
0.0815999999999999,0.0,0.0,9.5,107.31,0,0.0,0.0,31.409,0.0,0,-1,0.0,0.0,99.2259,0,0.0,33.9679,0.0,0.0,,,Front-Wheel Drive,711,,10,750,0,Electricity,Electricity,10,-1,90.86,0,0.0,0.0,37.0955,0.0,0,0,47828,0,0,Honda,Prologue FWD,N,False,0,0,296,318.0,0.0,269.0,0.0,Automatic (A1),153.3,0.0,129.8,0.0,Standard Sport Utility Vehicle 2WD,2024,8250,Prologue,,,,,EV,,,212 kW ACPM,HNX,,0.0,,Thu May 02 00:00:00 EDT 2024,Sun Aug 25 00:00:00 EDT 2024,N,0,0,0,81.7,,7.1,,11.5,155.0,CCS,5.7,0
0.0887999999999999,0.0,0.0,9.5,99.19,0,0.0,0.0,33.9802,0.0,0,-1,0.0,0.0,91.6882,0,0.0,36.7604,0.0,0.0,,,All-Wheel Drive,713,,10,850,0,Electricity,Electricity,10,-1,83.93,0,0.0,0.0,40.1585,0.0,0,0,47829,0,0,Honda,Prologue AWD Elite,Y,False,0,0,273,293.0,0.0,248.0,0.0,Automatic (A1),141.7,0.0,119.9,0.0,Standard Sport Utility Vehicle 4WD,2024,7750,Prologue,,,,,EV,,,67 and 180 kW ACPM,HNX,,0.0,,Thu May 02 00:00:00 EDT 2024,Sun Aug 25 00:00:00 EDT 2024,N,0,0,0,,,,,,,,,0
0.0863999999999999,0.0,0.0,9.5,101.43,0,0.0,0.0,33.2298,0.0,0,-1,0.0,0.0,84.87,0,0.0,35.5276,0.0,0.0,,,All-Wheel Drive,712,,10,800,0,Electricity,Electricity,10,-1,87.92,0,0.0,0.0,38.336,0.0,0,0,47830,0,0,Honda,Prologue AWD Touring,Y,False,0,0,281,299.0,0.0,259.0,0.0,Automatic (A1),144.9,0.0,125.6,0.0,Standard Sport Utility Vehicle 4WD,2024,8000,Prologue,,,,,EV,,,67 and 180 kW ACPM,HNX,,0.0,,Thu May 02 00:00:00 EDT 2024,Sun Aug 25 00:00:00 EDT 2024,N,0,0,0,,,,,,,,,0
0.0696,0.0,0.0,5.1,131.32,0,0.0,0.0,25.6663,0.0,0,-1,0.0,0.0,118.1279,0,0.0,28.5326,0.0,0.0,,,Front-Wheel Drive,71,,10,650,0,Electricity,Electricity,10,-1,105.21,0,0.0,0.0,32.0359,0.0,0,0,47831,0,26,Hyundai,Kona Electric Standard Range,N,False,0,101,200,220.0,0.0,176.0,0.0,Automatic (A1),187.6,0.0,150.3,0.0,Small Sport Utility Vehicle 2WD,2024,8750,Kona,,,,,EV,,,99 kW PMSM,HYX,,0.0,,Thu May 02 00:00:00 EDT 2024,Sun Aug 25 00:00:00 EDT 2024,N,0,0,0,,,,,,,,,3
0.0648,0.0,0.0,11.0,138.6,0,0.0,0.0,25.0,0.0,0,-1,0.0,0.0,125.9611,0,0.0,27.0,0.0,0.0,,,Front-Wheel Drive,162,,10,600,0,Electricity,Electricity,10,-1,113.33,0,0.0,0.0,30.0,0.0,0,0,47832,0,0,Lexus,RZ 300e (18 inch wheels),N,False,0,0,266,290.0,0.0,237.0,0.0,Automatic (A1),198.0,0.0,161.9,0.0,Small Sport Utility Vehicle 2WD,2024,9000,RZ,,,,,EV,,,150 kW AC Synchronous,TYX,,0.0,,Thu May 02 00:00:00 EDT 2024,Sun Aug 25 00:00:00 EDT 2024,N,0,0,0,,,,,,,,,1
0.0744,0.0,0.0,11.0,116.76,0,0.0,0.0,28.8669,0.0,0,-1,0.0,0.0,107.0429,0,0.0,31.4874,0.0,0.0,,,Front-Wheel Drive,164,,10,700,0,Electricity,Electricity,10,-1,97.16,0,0.0,0.0,34.6902,0.0,0,0,47833,0,0,Lexus,RZ 300e (20 inch wheels),N,False,0,0,224,242.0,0.0,202.0,0.0,Automatic (A1),166.8,0.0,138.8,0.0,Small Sport Utility Vehicle 2WD,2024,8500,RZ,,,,,EV,,,150 kW AC Synchronous,TYX,,0.0,,Thu May 02 00:00:00 EDT 2024,Sun Aug 25 00:00:00 EDT 2024,N,0,0,0,,,,,,,,,1
0.0744,0.0,0.0,10.0,117.11,0,0.0,0.0,28.7806,0.0,0,-1,0.0,0.0,108.2298,0,0.0,31.1421,0.0,0.0,,,All-Wheel Drive,163,,10,700,0,Electricity,Electricity,10,-1,99.05,0,0.0,0.0,34.0283,0.0,0,0,47834,0,0,Lexus,RZ 450e AWD (18 inch wheels),N,False,0,0,220,236.0,0.0,200.0,0.0,Automatic (A1),167.3,0.0,141.5,0.0,Small Sport Utility Vehicle 4WD,2024,8500,RZ,,,,,EV,,,80 and 150 kW AC Synchronous,TYX,,0.0,,Thu May 02 00:00:00 EDT 2024,Sun Aug 25 00:00:00 EDT 2024,N,0,0,0,,,,,,,,,1
0.0863999999999999,0.0,0.0,10.0,104.02,0,0.0,0.0,33.0,0.0,0,-1,0.0,0.0,95.9879,0,0.0,36.0,0.0,0.0,,,All-Wheel Drive,165,,10,800,0,Electricity,Electricity,10,-1,87.71,0,0.0,0.0,39.0,0.0,0,0,47835,0,0,Lexus,RZ 450e AWD (20 inch wheels),N,False,0,0,196,211.0,0.0,178.0,0.0,Automatic (A1),148.6,0.0,125.3,0.0,Small Sport Utility Vehicle 4WD,2024,8000,RZ,,,,,EV,,,80 and 150 kW AC Synchronous,TYX,,0.0,,Thu May 02 00:00:00 EDT 2024,Sun Aug 25 00:00:00 EDT 2024,N,0,0,0,,,,,,,,,0
0.0624,0.0,0.0,13.0,130.0565,0,0.0,0.0,25.9157,0.0,0,-1,0.0,0.0,128.9497,0,0.0,26.1381,0.0,0.0,,,All-Wheel Drive,9,,10,600,0,Electricity,Electricity,10,-1,127.6221,0,0.0,0.0,26.41,0.0,0,0,47836,0,32,Lucid,Air G Touring XR AWD with19 inch wheels,N,False,0,99,516,520.0,0.0,511.0,0.0,Automatic (A1),176.3,0.0,173.0,0.0,Large Cars,2024,9000,Air,,,,,EV,,,178 and 433 kW ACPM,LMU,,0.0,,Thu May 02 00:00:00 EDT 2024,Sun Aug 25 00:00:00 EDT 2024,N,0,0,0,,,,,,,,,0
0.0672,0.0,0.0,13.0,123.0484,0,0.0,0.0,27.3917,0.0,0,-1,0.0,0.0,121.0164,0,0.0,27.8516,0.0,0.0,,,All-Wheel Drive,8,,10,650,0,Electricity,Electricity,10,-1,118.6222,0,0.0,0.0,28.4137,0.0,0,0,47837,0,32,Lucid,Air G Touring XR AWD with 20 inch wheels,N,False,0,99,485,493.0,0.0,475.0,0.0,Automatic (A1),166.8,0.0,160.8,0.0,Large Cars,2024,8750,Air,,,,,EV,,,178 and 433 kW ACPM,LMU,,0.0,,Thu May 02 00:00:00 EDT 2024,Sun Aug 25 00:00:00 EDT 2024,N,0,0,0,,,,,,,,,0
0.072,0.0,0.0,13.0,115.2287,0,0.0,0.0,29.2505,0.0,0,-1,0.0,0.0,113.1246,0,0.0,29.7946,0.0,0.0,,,All-Wheel Drive,7,,10,650,0,Electricity,Electricity,10,-1,110.655,0,0.0,0.0,30.4595,0.0,0,0,47838,0,32,Lucid,Air G Touring XR AWD with 21 inch wheels,N,False,0,99,450,458.0,0.0,440.0,0.0,Automatic (A1),156.2,0.0,150.0,0.0,Large Cars,2024,8750,Air,,,,,EV,,,178 and 433 kW ACPM,LMU,,0.0,,Thu May 02 00:00:00 EDT 2024,Sun Aug 25 00:00:00 EDT 2024,N,0,0,0,,,,,,,,,0
0.06,0.0,0.0,10.0,134.8516,0,0.0,0.0,24.9941,0.0,0,-1,0.0,0.0,133.2006,0,0.0,25.3039,0.0,0.0,,,All-Wheel Drive,4,,10,550,0,Electricity,Electricity,10,-1,131.2368,0,0.0,0.0,25.6826,0.0,0,0,47839,0,32,Lucid,Air Touring AWD with 19 inch wheels,N,False,0,101,411,416.0,0.0,405.0,0.0,Automatic (A1),182.8,0.0,177.9,0.0,Large Cars,2024,9250,Air,,,,,EV,,,178 and 433 kW ACPM,LMU,,0.0,,Thu May 02 00:00:00 EDT 2024,Sun Aug 25 00:00:00 EDT 2024,N,0,0,0,,,,,,,,,0
0.0648,0.0,0.0,10.0,124.9664,0,0.0,0.0,26.9713,0.0,0,-1,0.0,0.0,122.7967,0,0.0,27.4478,0.0,0.0,,,All-Wheel Drive,5,,10,600,0,Electricity,Electricity,10,-1,120.2451,0,0.0,0.0,28.0302,0.0,0,0,47840,0,32,Lucid,Air Touring AWD with 20 inch wheels,N,False,0,101,382,389.0,0.0,374.0,0.0,Automatic (A1),169.4,0.0,163.0,0.0,Large Cars,2024,9000,Air,,,,,EV,,,178 and 433 kW ACPM,LMU,,0.0,,Thu May 02 00:00:00 EDT 2024,Sun Aug 25 00:00:00 EDT 2024,N,0,0,0,,,,,,,,,0
0.0696,0.0,0.0,10.0,120.6877,0,0.0,0.0,27.9274,0.0,0,-1,0.0,0.0,117.7478,0,0.0,28.6247,0.0,0.0,,,All-Wheel Drive,6,,10,650,0,Electricity,Electricity,10,-1,114.3435,0,0.0,0.0,29.477,0.0,0,0,47841,0,32,Lucid,Air Touring AWD with 21inch wheels,N,False,0,101,365,374.0,0.0,354.0,0.0,Automatic (A1),163.6,0.0,155.0,0.0,Large Cars,2024,8750,Air,,,,,EV,,,178 and 433 kW ACPM,LMU,,0.0,,Thu May 02 00:00:00 EDT 2024,Sun Aug 25 00:00:00 EDT 2024,N,0,0,0,,,,,,,,,0
0.0984,0.0,0.0,17.0,83.5841,0,0.0,0.0,40.3247,0.0,0,-1,0.0,0.0,81.8018,0,0.0,41.2032,0.0,0.0,,,All-Wheel Drive,75,,9,950,0,Electricity,Electricity,10,-1,79.7241,0,0.0,0.0,42.2771,0.0,0,0,47842,5,0,Maserati,Grancabrio Folgore,N,False,89,0,233,238.0,0.0,227.0,0.0,Automatic (A1),112.6,0.0,107.4,0.0,Subcompact Cars,2024,7250,Grancabrio,,,,,EV,,,"275, 275 and 275 kW DCPM",MAX,,0.0,,Thu May 02 00:00:00 EDT 2024,Sun Aug 25 00:00:00 EDT 2024,N,0,0,0,83.0,,7.5,,11.0,270.0,CCS2,,0
0.0936,0.0,0.0,12.7,89.7453,0,0.0,0.0,37.5563,0.0,0,-1,0.0,0.0,87.4724,0,0.0,38.5322,0.0,0.0,,,All-Wheel Drive,72,,9,850,0,Electricity,Electricity,10,-1,84.846,0,0.0,0.0,39.7249,0.0,0,0,47843,8,0,Maserati,Granturismo Folgore,N,False,89,0,242,248.0,0.0,235.0,0.0,Automatic (A1),120.9,0.0,114.3,0.0,Subcompact Cars,2024,7750,Granturismo,,,,,EV,,,"275, 275 and 275 kW DCPM",MAX,,0.0,,Thu May 02 00:00:00 EDT 2024,Sun Aug 25 00:00:00 EDT 2024,N,0,0,0,83.0,,7.5,,11.0,270.0,CCS2,,0
0.0744,0.0,0.0,8.25,113.61,0,0.0,0.0,29.6673,0.0,0,-1,0.0,0.0,107.105,0,0.0,31.4691,0.0,0.0,,,Front-Wheel Drive,906,,10,700,0,Electricity,Electricity,10,-1,100.1,0,0.0,0.0,33.6713,0.0,0,0,47844,0,12,Mercedes-Benz,EQB 250 Plus,N,False,0,102,251,265.0,0.0,234.0,0.0,Automatic (A1),162.3,0.0,143.0,0.0,Small Sport Utility Vehicle 2WD,2024,8500,EQB,,,,,EV,,,140 kW ACPM 3-Phase,MBX,,0.0,,Thu May 02 00:00:00 EDT 2024,Sun Aug 25 00:00:00 EDT 2024,Y,0,0,0,,,,,,,,,0
0.0936,0.0,0.0,8.25,88.6336,0,0.0,0.0,38.0273,0.0,0,-1,0.0,0.0,86.9148,0,0.0,38.7794,0.0,0.0,,,All-Wheel Drive,908,,9,850,0,Electricity,Electricity,10,-1,84.9024,0,0.0,0.0,39.6985,0.0,0,0,47845,0,12,Mercedes-Benz,EQB 350 4matic,N,False,0,102,207,211.0,0.0,202.0,0.0,Automatic (A1),125.9,0.0,120.6,0.0,Small Sport Utility Vehicle 4WD,2024,7750,EQB,,,,,EV,,,72 and 96 kW ACPM 3-Phase,MBX,,0.0,,Thu May 02 00:00:00 EDT 2024,Sun Aug 25 00:00:00 EDT 2024,Y,0,0,0,,,,,,,,,0
0.0863999999999999,0.0,0.0,12.5,99.8284,0,0.0,0.0,33.7629,0.0,0,-1,0.0,0.0,94.3634,0,0.0,35.7183,0.0,0.0,,,Rear-Wheel Drive,915,,10,800,0,Electricity,Electricity,10,-1,88.4457,0,0.0,0.0,38.1081,0.0,0,0,47846,0,0,Mercedes-Benz,EQE 350 Plus (SUV),N,False,0,0,307,324.0,0.0,287.0,0.0,Automatic (A1),141.2,0.0,125.1,0.0,Standard Sport Utility Vehicle 2WD,2024,8000,EQE,,,,,EV,,,215 kW ACPM 6-Phase,MBX,,0.0,,Thu May 02 00:00:00 EDT 2024,Sun Aug 25 00:00:00 EDT 2024,Y,0,0,0,,,,,,,,,1
0.0936,0.0,0.0,14.0,89.7315,0,0.0,0.0,37.5621,0.0,0,-1,0.0,0.0,87.4156,0,0.0,38.5572,0.0,0.0,,,Rear-Wheel Drive,903,,9,850,0,Electricity,Electricity,10,-1,84.7424,0,0.0,0.0,39.7735,0.0,0,0,47847,0,0,Mercedes-Benz,EQS 450 Plus (SUV),N,False,0,0,339,348.0,0.0,328.0,0.0,Automatic (A1),122.3,0.0,115.5,0.0,Standard Sport Utility Vehicle 2WD,2024,7750,EQS,,,,,EV,,,265 kW ACPM 6-Phase,MBX,,0.0,,Thu May 02 00:00:00 EDT 2024,Sun Aug 25 00:00:00 EDT 2024,Y,0,0,0,,,,,,,,,1
0.096,0.0,0.0,10.75,90.4534,0,0.0,0.0,38.0,0.0,0,-1,0.0,0.0,87.4629,0,0.0,40.0,0.0,0.0,,,All-Wheel Drive,916,,9,900,0,Electricity,Electricity,10,-1,84.0659,0,0.0,0.0,41.0,0.0,0,0,47848,0,0,Mercedes-Benz,EQE 350 4matic (SUV),N,False,0,0,265,274.0,0.0,254.0,0.0,Automatic (A1),123.2,0.0,114.5,0.0,Standard Sport Utility Vehicle 4WD,2024,7500,EQE,,,,,EV,,,71 and 114 kW ACPM 3-Phase,MBX,,0.0,,Thu May 02 00:00:00 EDT 2024,Sun Aug 25 00:00:00 EDT 2024,Y,0,0,0,,,,,,,,,1
0.0936,0.0,0.0,11.5,89.7748,0,0.0,0.0,37.544,0.0,0,-1,0.0,0.0,87.378,0,0.0,38.5738,0.0,0.0,,,All-Wheel Drive,913,,9,850,0,Electricity,Electricity,10,-1,84.617,0,0.0,0.0,39.8324,0.0,0,0,47849,0,23,Mercedes-Benz,EQE 500 4matic (SUV),N,False,0,107,282,289.0,0.0,273.0,0.0,Automatic (A1),120.1,0.0,113.2,0.0,Standard Sport Utility Vehicle 4WD,2024,7750,EQE,,,,,EV,,,31 and 104 kW ACPM 6-Phase,MBX,,0.0,,Thu May 02 00:00:00 EDT 2024,Sun Aug 25 00:00:00 EDT 2024,Y,0,0,0,,,,,,,,,2
0.0984,0.0,0.0,14.0,86.4804,0,0.0,0.0,40.0,0.0,0,-1,0.0,0.0,85.2473,0,0.0,41.0,0.0,0.0,,,All-Wheel Drive,917,,9,900,0,Electricity,Electricity,10,-1,83.7872,0,0.0,0.0,41.0,0.0,0,0,47850,0,0,Mercedes-Benz,EQS 450 4matic (SUV),N,False,0,0,330,335.0,0.0,324.0,0.0,Automatic (A1),115.6,0.0,112.0,0.0,Standard Sport Utility Vehicle 4WD,2024,7500,EQS,,,,,EV,,,135 and 265 kW ACPM 3-Phase,MBX,,0.0,,Thu May 02 00:00:00 EDT 2024,Sun Aug 25 00:00:00 EDT 2024,Y,0,0,0,,,,,,,,,2
0.0984,0.0,0.0,14.0,87.1537,0,0.0,0.0,40.0,0.0,0,-1,0.0,0.0,85.2574,0,0.0,41.0,0.0,0.0,,,All-Wheel Drive,918,,9,900,0,Electricity,Electricity,10,-1,83.0489,0,0.0,0.0,42.0,0.0,0,0,47851,0,0,Mercedes-Benz,EQS 580 4matic (SUV),N,False,0,0,330,337.0,0.0,321.0,0.0,Automatic (A1),118.9,0.0,113.3,0.0,Standard Sport Utility Vehicle 4WD,2024,7500,EQS,,,,,EV,,,135 and 265 kW ACPM 3-Phase,MBX,,0.0,,Thu May 02 00:00:00 EDT 2024,Sun Aug 25 00:00:00 EDT 2024,Y,0,0,0,,,,,,,,,2
0.1008,0.0,0.0,14.0,82.1045,0,0.0,0.0,42.0,0.0,0,-1,0.0,0.0,82.3107,0,0.0,42.0,0.0,0.0,,,All-Wheel Drive,992,,9,950,0,Electricity,Electricity,10,-1,82.564,0,0.0,0.0,41.0,0.0,0,0,47852,0,0,Mercedes-Benz,EQS 680 4matic Maybach (SUV),N,False,0,0,321,320.0,0.0,322.0,0.0,Automatic (A1),107.2,0.0,107.8,0.0,Standard Sport Utility Vehicle 4WD,2024,7250,EQS,,,,,EV,,,174 and 310 kW ACPM 3-Phase,MBX,,0.0,,Thu May 02 00:00:00 EDT 2024,Sun Aug 25 00:00:00 EDT 2024,Y,0,0,0,,,,,,,,,1
0.0839999999999999,0.0,0.0,10.0,101.08,0,0.0,0.0,33.3449,0.0,0,-1,0.0,0.0,95.4981,0,0.0,35.2939,0.0,0.0,,,All-Wheel Drive,2,,10,800,0,Electricity,Electricity,10,-1,89.46,0,0.0,0.0,37.6761,0.0,0,0,47853,0,23,Nissan,ARIYA ENGAGE e-4ORCE 63kWh,N,False,0,101,205,216.0,0.0,191.0,0.0,Automatic (A1),144.4,0.0,127.8,0.0,Small Station Wagons,2024,8000,ARIYA,,,,,EV,,,160 and 160 kW AC 3-phase,NSX,,0.0,,Thu May 02 00:00:00 EDT 2024,Sun Aug 25 00:00:00 EDT 2024,N,0,0,0,,,,,,,,,0
0.0791999999999999,0.0,0.0,10.0,108.64,0,0.0,0.0,31.0245,0.0,0,-1,0.0,0.0,101.3459,0,0.0,33.2574,0.0,0.0,,,Front-Wheel Drive,1,,10,750,0,Electricity,Electricity,10,-1,93.66,0,0.0,0.0,35.9865,0.0,0,0,47854,0,23,Nissan,ARIYA ENGAGE FWD 63kWh,N,False,0,101,216,230.0,0.0,199.0,0.0,Automatic (A1),155.2,0.0,133.8,0.0,Small Station Wagons,2024,8250,ARIYA,,,,,EV,,,160 kW AC 3-phase,NSX,,0.0,,Thu May 02 00:00:00 EDT 2024,Sun Aug 25 00:00:00 EDT 2024,N,0,0,0,,,,,,,,,0
0.0887999999999999,0.0,0.0,13.0,97.23,0,0.0,0.0,34.6652,0.0,0,-1,0.0,0.0,91.9925,0,0.0,36.6389,0.0,0.0,,,All-Wheel Drive,5,,10,800,0,Electricity,Electricity,10,-1,86.31,0,0.0,0.0,39.0511,0.0,0,0,47855,0,23,Nissan,ARIYA ENGAGE+/EVOLVE+ e-4ORCE 87kWh,N,False,0,101,272,286.0,0.0,254.0,0.0,Automatic (A1),138.9,0.0,123.3,0.0,Small Station Wagons,2024,8000,ARIYA,,,,,EV,,,160 and 160 kW AC 3-phase,NSX,,0.0,,Thu May 02 00:00:00 EDT 2024,Sun Aug 25 00:00:00 EDT 2024,N,0,0,0,,,,,,,,,0
0.0815999999999999,0.0,0.0,14.0,104.93,0,0.0,0.0,32.1214,0.0,0,-1,0.0,0.0,98.0577,0,0.0,34.3726,0.0,0.0,,,Front-Wheel Drive,4,,10,750,0,Electricity,Electricity,10,-1,90.79,0,0.0,0.0,37.1241,0.0,0,0,47856,0,23,Nissan,ARIYA EVOLVE+/EMPOWER+ FWD 87kWh,N,False,0,101,289,308.0,0.0,266.0,0.0,Automatic (A1),149.9,0.0,129.7,0.0,Small Station Wagons,2024,8250,ARIYA,,,,,EV,,,178 kW AC 3-phase,NSX,,0.0,,Thu May 02 00:00:00 EDT 2024,Sun Aug 25 00:00:00 EDT 2024,N,0,0,0,,,,,,,,,3
0.0887999999999999,0.0,0.0,14.0,93.24,0,0.0,0.0,36.1486,0.0,0,-1,0.0,0.0,90.1254,0,0.0,37.3979,0.0,0.0,,,All-Wheel Drive,6,,9,850,0,Electricity,Electricity,10,-1,86.59,0,0.0,0.0,38.9248,0.0,0,0,47857,0,23,Nissan,ARIYA PLATINUM+ e-4ORCE 87kWh 19in. Wheels,N,False,0,97,267,276.0,0.0,256.0,0.0,Automatic (A1),133.2,0.0,123.7,0.0,Small Station Wagons,2024,7750,ARIYA,,,,,EV,,,160 and 160 kW AC 3-phase,NSX,,0.0,,Thu May 02 00:00:00 EDT 2024,Sun Aug 25 00:00:00 EDT 2024,N,0,0,0,,,,,,,,,3
0.0936,0.0,0.0,14.0,89.39,0,0.0,0.0,37.7056,0.0,0,-1,0.0,0.0,86.7801,0,0.0,38.8396,0.0,0.0,,,All-Wheel Drive,7,,9,850,0,Electricity,Electricity,10,-1,83.79,0,0.0,0.0,40.2256,0.0,0,0,47858,0,23,Nissan,ARIYA PLATINUM+ e-4ORCE 87kWh 20in. Wheels,N,False,0,97,257,264.0,0.0,248.0,0.0,Automatic (A1),127.7,0.0,119.7,0.0,Small Station Wagons,2024,7750,ARIYA,,,,,EV,,,160 and 160 kW AC 3-phase,NSX,,0.0,,Thu May 02 00:00:00 EDT 2024,Sun Aug 25 00:00:00 EDT 2024,N,0,0,0,,,,,,,,,3
0.0791999999999999,0.0,0.0,14.0,110.95,0,0.0,0.0,30.3785,0.0,0,-1,0.0,0.0,103.0394,0,0.0,32.7108,0.0,0.0,,,Front-Wheel Drive,3,,10,750,0,Electricity,Electricity,10,-1,94.78,0,0.0,0.0,35.5613,0.0,0,0,47859,0,27,Nissan,ARIYA VENTURE Plus FWD 87kWh,N,False,0,101,304,325.0,0.0,278.0,0.0,Automatic (A1),158.5,0.0,135.4,0.0,Small Station Wagons,2024,8250,ARIYA,,,,,EV,,,178 kW AC 3-phase,NSX,,0.0,,Thu May 02 00:00:00 EDT 2024,Sun Aug 25 00:00:00 EDT 2024,N,0,0,0,,,,,,,,,3
0.1032,0.0,0.0,10.5,78.68,0,0.0,0.0,42.8381,0.0,0,-1,0.0,0.0,78.7744,0,0.0,42.7868,0.0,0.0,,,All-Wheel Drive,725,,9,950,0,Electricity,Electricity,10,-1,78.89,0,0.0,0.0,42.724,0.0,24,91,47860,0,0,Porsche,Taycan 4S Cross Turismo,N,False,0,0,230,230.0,0.0,230.0,0.0,Automatic (A2),112.4,0.0,112.7,0.0,Midsize Cars,2024,7250,Taycan,,,,,EV,,,190 and 235 kW ACPM,PRX,,0.0,,Thu May 02 00:00:00 EDT 2024,Sun Aug 25 00:00:00 EDT 2024,N,0,0,0,,,,,,,,,3
0.1176,0.0,0.0,13.0,72.1149,0,0.0,0.0,46.7379,0.0,0,-1,0.0,0.0,68.4496,0,0.0,49.2406,0.0,0.0,,,Part-time 4-Wheel Drive,17,,9,1100,0,Electricity,Electricity,10,-1,64.4461,0,0.0,0.0,52.2995,0.0,0,0,47861,0,0,Rivian,R1T All-Terrain Dual Large (20in),N,False,0,0,307,322.0,0.0,288.0,0.0,Automatic (A1),102.5,0.0,91.6,0.0,Standard Pickup Trucks 4WD,2024,6500,R1T,,,,,EV,,,208 and 208 kW ACPM,RIV,,0.0,,Thu May 02 00:00:00 EDT 2024,Sun Aug 25 00:00:00 EDT 2024,N,0,0,0,,,,,,,,,0
0.1104,0.0,0.0,14.5,78.47,0,0.0,0.0,42.9527,0.0,0,-1,0.0,0.0,73.0748,0,0.0,46.124,0.0,0.0,,,Part-time 4-Wheel Drive,31,,9,1050,0,Electricity,Electricity,10,-1,67.41,0,0.0,0.0,50.0,0.0,0,0,47862,0,0,Rivian,R1T All-Terrain Dual Max (20in),N,False,0,0,355,379.0,0.0,326.0,0.0,Automatic (A1),112.1,0.0,96.3,0.0,Standard Pickup Trucks 4WD,2024,6750,R1T,,,,,EV,,,208 and 208 kW ACPM,RIV,,0.0,,Thu May 02 00:00:00 EDT 2024,Sun Aug 25 00:00:00 EDT 2024,N,0,0,0,,,,,,,,,0
0.1248,0.0,0.0,12.5,68.11,0,0.0,0.0,49.4861,0.0,0,-1,0.0,0.0,65.2626,0,0.0,51.6452,0.0,0.0,,,Part-time 4-Wheel Drive,47,,9,1150,0,Electricity,Electricity,10,-1,62.09,0,0.0,0.0,54.2841,0.0,0,0,47863,0,0,Rivian,R1T All-Terrain Dual Standard Plus (20in),N,False,0,0,277,288.0,0.0,263.0,0.0,Automatic (A1),97.3,0.0,88.7,0.0,Standard Pickup Trucks 4WD,2024,6250,R1T,,,,,EV,,,208 and 208 kW ACPM,RIV,,0.0,,Thu May 02 00:00:00 EDT 2024,Sun Aug 25 00:00:00 EDT 2024,N,0,0,0,,,,,,,,,3
0.1176,0.0,0.0,13.0,72.1149,0,0.0,0.0,46.7379,0.0,0,-1,0.0,0.0,68.4496,0,0.0,49.2406,0.0,0.0,,,Part-time 4-Wheel Drive,25,,9,1100,0,Electricity,Electricity,10,-1,64.4461,0,0.0,0.0,52.2995,0.0,0,0,47864,0,0,Rivian,R1T All-Terrain Performance Dual Large (20in),N,False,0,0,307,322.0,0.0,288.0,0.0,Automatic (A1),102.5,0.0,91.6,0.0,Standard Pickup Trucks 4WD,2024,6500,R1T,,,,,EV,,,208 and 208 kW ACPM,RIV,,0.0,,Thu May 02 00:00:00 EDT 2024,Sun Aug 25 00:00:00 EDT 2024,N,0,0,0,,,,,,,,,3
0.1104,0.0,0.0,14.5,78.47,0,0.0,0.0,42.9527,0.0,0,-1,0.0,0.0,73.0748,0,0.0,46.124,0.0,0.0,,,Part-time 4-Wheel Drive,32,,9,1050,0,Electricity,Electricity,10,-1,67.41,0,0.0,0.0,50.0,0.0,0,0,47865,0,0,Rivian,R1T All-Terrain Performance Dual Max (20in),N,False,0,0,355,379.0,0.0,326.0,0.0,Automatic (A1),112.1,0.0,96.3,0.0,Standard Pickup Trucks 4WD,2024,6750,R1T,,,,,EV,,,208 and 208 kW ACPM,RIV,,0.0,,Thu May 02 00:00:00 EDT 2024,Sun Aug 25 00:00:00 EDT 2024,N,0,0,0,,,,,,,,,3
0.1296,0.0,0.0,13.0,65.4226,0,0.0,0.0,51.5189,0.0,0,-1,0.0,0.0,62.7679,0,0.0,53.6978,0.0,0.0,,,All-Wheel Drive,7,,9,1200,0,Electricity,Electricity,10,-1,59.8021,0,0.0,0.0,56.3609,0.0,0,0,47866,0,0,Rivian,R1T All-Terrain Quad Large (20in),N,False,0,0,274,285.0,0.0,261.0,0.0,Automatic (A1),87.3,0.0,79.8,0.0,Standard Pickup Trucks 4WD,2024,6000,R1T,,,,,EV,,,"162, 162, 162 and 162 kW AC 3-Phase",RIV,,0.0,,Thu May 02 00:00:00 EDT 2024,Sun Aug 25 00:00:00 EDT 2024,N,0,0,0,,,,,,,,,3
0.1248,0.0,0.0,12.5,68.11,0,0.0,0.0,49.4861,0.0,0,-1,0.0,0.0,65.2626,0,0.0,51.6452,0.0,0.0,,,Part-time 4-Wheel Drive,48,,9,1150,0,Electricity,Electricity,10,-1,62.09,0,0.0,0.0,54.2841,0.0,0,0,47867,0,0,Rivian,R1T AT Performance Dual Standard Plus (20in),N,False,0,0,277,288.0,0.0,263.0,0.0,Automatic (A1),97.3,0.0,88.7,0.0,Standard Pickup Trucks 4WD,2024,6250,R1T,,,,,EV,,,208 and 208 kW ACPM,RIV,,0.0,,Thu May 02 00:00:00 EDT 2024,Sun Aug 25 00:00:00 EDT 2024,N,0,0,0,,,,,,,,,3
0.1032,0.0,0.0,13.0,81.7384,0,0.0,0.0,41.2352,0.0,0,-1,0.0,0.0,77.9742,0,0.0,43.2259,0.0,0.0,,,Part-time 4-Wheel Drive,11,,9,950,0,Electricity,Electricity,10,-1,73.8192,0,0.0,0.0,45.6589,0.0,0,0,47868,0,0,Rivian,R1T Dual Large (21in),N,False,0,0,352,368.0,0.0,332.0,0.0,Automatic (A1),115.6,0.0,104.4,0.0,Standard Pickup Trucks 4WD,2024,7250,R1T,,,,,EV,,,208 and 208 kW ACPM,RIV,,0.0,,Thu May 02 00:00:00 EDT 2024,Sun Aug 25 00:00:00 EDT 2024,N,0,0,0,,,,,,,,,0
0.1056,0.0,0.0,13.0,80.2542,0,0.0,0.0,41.9978,0.0,0,-1,0.0,0.0,75.7791,0,0.0,44.478,0.0,0.0,,,Part-time 4-Wheel Drive,14,,9,1000,0,Electricity,Electricity,10,-1,70.9441,0,0.0,0.0,47.5092,0.0,0,0,47869,0,0,Rivian,R1T Dual Large (22in),N,False,0,0,341,360.0,0.0,318.0,0.0,Automatic (A1),111.2,0.0,98.3,0.0,Standard Pickup Trucks 4WD,2024,7000,R1T,,,,,EV,,,208 and 208 kW ACPM,RIV,,0.0,,Thu May 02 00:00:00 EDT 2024,Sun Aug 25 00:00:00 EDT 2024,N,0,0,0,,,,,,,,,0
0.096,0.0,0.0,14.5,91.0047,0,0.0,0.0,37.0366,0.0,0,-1,0.0,0.0,84.3798,0,0.0,39.9444,0.0,0.0,,,Part-time 4-Wheel Drive,35,,9,900,0,Electricity,Electricity,10,-1,77.4856,0,0.0,0.0,43.4984,0.0,0,0,47870,0,0,Rivian,R1T Dual Max (21in),Y,False,0,0,410,439.0,0.0,374.0,0.0,Automatic (A1),127.9,0.0,108.9,0.0,Standard Pickup Trucks 4WD,2024,7500,R1T,,,,,EV,,,208 and 208 kW ACPM,RIV,,0.0,,Thu May 02 00:00:00 EDT 2024,Sun Aug 25 00:00:00 EDT 2024,N,0,0,0,,,,,,,,,0
0.1032,0.0,0.0,14.5,83.8586,0,0.0,0.0,40.1927,0.0,0,-1,0.0,0.0,77.8207,0,0.0,43.3111,0.0,0.0,,,Part-time 4-Wheel Drive,39,,9,950,0,Electricity,Electricity,10,-1,71.5264,0,0.0,0.0,47.1225,0.0,0,0,47871,0,0,Rivian,R1T Dual Max (22in),N,False,0,0,380,407.0,0.0,347.0,0.0,Automatic (A1),115.6,0.0,98.6,0.0,Standard Pickup Trucks 4WD,2024,7250,R1T,,,,,EV,,,208 and 208 kW ACPM,RIV,,0.0,,Thu May 02 00:00:00 EDT 2024,Sun Aug 25 00:00:00 EDT 2024,N,0,0,0,,,,,,,,,0
0.108,0.0,0.0,11.5,78.05,0,0.0,0.0,43.1839,0.0,0,-1,0.0,0.0,74.5618,0,0.0,45.2041,0.0,0.0,,,Part-time 4-Wheel Drive,43,,9,1000,0,Electricity,Electricity,10,-1,70.7,0,0.0,0.0,47.6733,0.0,0,0,47872,0,0,Rivian,R1T Dual Standard (21in),N,False,0,0,270,282.0,0.0,255.0,0.0,Automatic (A1),111.5,0.0,101.0,0.0,Standard Pickup Trucks 4WD,2024,7000,R1T,,,,,EV,,,208 and 208 kW ACPM,RIV,,0.0,,Thu May 02 00:00:00 EDT 2024,Sun Aug 25 00:00:00 EDT 2024,N,0,0,0,,,,,,,,,0
0.1152,0.0,0.0,11.5,73.92,0,0.0,0.0,45.5966,0.0,0,-1,0.0,0.0,70.1735,0,0.0,48.031,0.0,0.0,,,Part-time 4-Wheel Drive,44,,9,1100,0,Electricity,Electricity,10,-1,66.08,0,0.0,0.0,51.0064,0.0,0,0,47873,0,0,Rivian,R1T Dual Standard (22in),N,False,0,0,255,268.0,0.0,239.0,0.0,Automatic (A1),105.6,0.0,94.4,0.0,Standard Pickup Trucks 4WD,2024,6500,R1T,,,,,EV,,,208 and 208 kW ACPM,RIV,,0.0,,Thu May 02 00:00:00 EDT 2024,Sun Aug 25 00:00:00 EDT 2024,N,0,0,0,,,,,,,,,1
0.1056,0.0,0.0,12.5,79.94,0,0.0,0.0,42.1629,0.0,0,-1,0.0,0.0,76.9421,0,0.0,43.8057,0.0,0.0,,,Part-time 4-Wheel Drive,51,,9,1000,0,Electricity,Electricity,10,-1,73.57,0,0.0,0.0,45.8183,0.0,0,0,47874,0,0,Rivian,R1T Dual Standard Plus (21in),N,False,0,0,315,327.0,0.0,301.0,0.0,Automatic (A1),114.2,0.0,105.1,0.0,Standard Pickup Trucks 4WD,2024,7000,R1T,,,,,EV,,,208 and 208 kW ACPM,RIV,,0.0,,Thu May 02 00:00:00 EDT 2024,Sun Aug 25 00:00:00 EDT 2024,N,0,0,0,,,,,,,,,1
0.1128,0.0,0.0,12.5,75.74,0,0.0,0.0,44.5009,0.0,0,-1,0.0,0.0,72.1051,0,0.0,46.7443,0.0,0.0,,,Part-time 4-Wheel Drive,55,,9,1050,0,Electricity,Electricity,10,-1,68.11,0,0.0,0.0,49.4861,0.0,0,0,47875,0,0,Rivian,R1T Dual Standard Plus (22in),N,False,0,0,300,314.0,0.0,283.0,0.0,Automatic (A1),108.2,0.0,97.3,0.0,Standard Pickup Trucks 4WD,2024,6750,R1T,,,,,EV,,,208 and 208 kW ACPM,RIV,,0.0,,Thu May 02 00:00:00 EDT 2024,Sun Aug 25 00:00:00 EDT 2024,N,0,0,0,,,,,,,,,3
0.1032,0.0,0.0,13.0,81.7384,0,0.0,0.0,41.2352,0.0,0,-1,0.0,0.0,77.9742,0,0.0,43.2259,0.0,0.0,,,Part-time 4-Wheel Drive,23,,9,950,0,Electricity,Electricity,10,-1,73.8192,0,0.0,0.0,45.6589,0.0,0,0,47876,0,0,Rivian,R1T Performance Dual Large (21in),N,False,0,0,352,368.0,0.0,332.0,0.0,Automatic (A1),115.6,0.0,104.4,0.0,Standard Pickup Trucks 4WD,2024,7250,R1T,,,,,EV,,,208 and 208 kW ACPM,RIV,,0.0,,Thu May 02 00:00:00 EDT 2024,Sun Aug 25 00:00:00 EDT 2024,N,0,0,0,,,,,,,,,1
0.1056,0.0,0.0,13.0,80.2542,0,0.0,0.0,41.9978,0.0,0,-1,0.0,0.0,75.7791,0,0.0,44.478,0.0,0.0,,,Part-time 4-Wheel Drive,20,,9,1000,0,Electricity,Electricity,10,-1,70.9441,0,0.0,0.0,47.5092,0.0,0,0,47877,0,0,Rivian,R1T Performance Dual Large (22in),N,False,0,0,341,360.0,0.0,318.0,0.0,Automatic (A1),111.2,0.0,98.3,0.0,Standard Pickup Trucks 4WD,2024,7000,R1T,,,,,EV,,,208 and 208 kW ACPM,RIV,,0.0,,Thu May 02 00:00:00 EDT 2024,Sun Aug 25 00:00:00 EDT 2024,N,0,0,0,,,,,,,,,1
0.096,0.0,0.0,14.5,91.0047,0,0.0,0.0,37.0366,0.0,0,-1,0.0,0.0,84.3798,0,0.0,39.9444,0.0,0.0,,,Part-time 4-Wheel Drive,36,,9,900,0,Electricity,Electricity,10,-1,77.4856,0,0.0,0.0,43.4984,0.0,0,0,47878,0,0,Rivian,R1T Performance Dual Max (21in),N,False,0,0,410,439.0,0.0,374.0,0.0,Automatic (A1),127.9,0.0,108.9,0.0,Standard Pickup Trucks 4WD,2024,7500,R1T,,,,,EV,,,208 and 208 kW ACPM,RIV,,0.0,,Thu May 02 00:00:00 EDT 2024,Sun Aug 25 00:00:00 EDT 2024,N,0,0,0,,,,,,,,,0
0.1032,0.0,0.0,14.5,83.8586,0,0.0,0.0,40.1927,0.0,0,-1,0.0,0.0,77.8207,0,0.0,43.3111,0.0,0.0,,,Part-time 4-Wheel Drive,40,,9,950,0,Electricity,Electricity,10,-1,71.5264,0,0.0,0.0,47.1225,0.0,0,0,47879,0,0,Rivian,R1T Performance Dual Max (22in),N,False,0,0,380,407.0,0.0,347.0,0.0,Automatic (A1),115.6,0.0,98.6,0.0,Standard Pickup Trucks 4WD,2024,7250,R1T,,,,,EV,,,208 and 208 kW ACPM,RIV,,0.0,,Thu May 02 00:00:00 EDT 2024,Sun Aug 25 00:00:00 EDT 2024,N,0,0,0,,,,,,,,,0
0.1056,0.0,0.0,12.5,79.94,0,0.0,0.0,42.1629,0.0,0,-1,0.0,0.0,76.9421,0,0.0,43.8057,0.0,0.0,,,Part-time 4-Wheel Drive,52,,9,1000,0,Electricity,Electricity,10,-1,73.57,0,0.0,0.0,45.8183,0.0,0,0,47880,0,0,Rivian,R1T Performance Dual Standard Plus (21in),N,False,0,0,315,327.0,0.0,301.0,0.0,Automatic (A1),114.2,0.0,105.1,0.0,Standard Pickup Trucks 4WD,2024,7000,R1T,,,,,EV,,,208 and 208 kW ACPM,RIV,,0.0,,Thu May 02 00:00:00 EDT 2024,Sun Aug 25 00:00:00 EDT 2024,N,0,0,0,,,,,,,,,1
0.1128,0.0,0.0,12.5,75.74,0,0.0,0.0,44.5009,0.0,0,-1,0.0,0.0,72.1051,0,0.0,46.7443,0.0,0.0,,,Part-time 4-Wheel Drive,56,,9,1050,0,Electricity,Electricity,10,-1,68.11,0,0.0,0.0,49.4861,0.0,0,0,47881,0,0,Rivian,R1T Performance Dual Standard Plus (22in),N,False,0,0,300,314.0,0.0,283.0,0.0,Automatic (A1),108.2,0.0,97.3,0.0,Standard Pickup Trucks 4WD,2024,6750,R1T,,,,,EV,,,208 and 208 kW ACPM,RIV,,0.0,,Thu May 02 00:00:00 EDT 2024,Sun Aug 25 00:00:00 EDT 2024,N,0,0,0,,,,,,,,,1
0.1248,0.0,0.0,13.0,68.7648,0,0.0,0.0,49.0149,0.0,0,-1,0.0,0.0,64.3506,0,0.0,52.3772,0.0,0.0,,,All-Wheel Drive,4,,9,1200,0,Electricity,Electricity,10,-1,59.6689,0,0.0,0.0,56.4867,0.0,0,0,47882,0,0,Rivian,R1T Quad Large (20in),N,False,0,0,289,307.0,0.0,267.0,0.0,Automatic (A1),94.5,0.0,82.0,0.0,Standard Pickup Trucks 4WD,2024,6000,R1T,,,,,EV,,,"162, 162, 162 and 162 kW AC 3-Phase",RIV,,0.0,,Thu May 02 00:00:00 EDT 2024,Sun Aug 25 00:00:00 EDT 2024,N,0,0,0,,,,,,,,,2
0.1104,0.0,0.0,13.0,76.4177,0,0.0,0.0,44.1063,0.0,0,-1,0.0,0.0,73.0429,0,0.0,46.1441,0.0,0.0,,,All-Wheel Drive,1,,9,1050,0,Electricity,Electricity,10,-1,69.3022,0,0.0,0.0,48.6348,0.0,0,0,47883,0,0,Rivian,R1T Quad Large (21in),N,False,0,0,328,342.0,0.0,310.0,0.0,Automatic (A1),103.1,0.0,93.5,0.0,Standard Pickup Trucks 4WD,2024,6750,R1T,,,,,EV,,,"162, 162, 162 and 162 kW AC 3-Phase",RIV,,0.0,,Thu May 02 00:00:00 EDT 2024,Sun Aug 25 00:00:00 EDT 2024,N,0,0,0,,,,,,,,,2
0.1176,0.0,0.0,13.0,72.9853,0,0.0,0.0,46.1805,0.0,0,-1,0.0,0.0,68.2876,0,0.0,49.3574,0.0,0.0,,,All-Wheel Drive,6,,9,1100,0,Electricity,Electricity,10,-1,63.3073,0,0.0,0.0,53.2403,0.0,0,0,47884,0,0,Rivian,R1T Quad Large (22in),N,False,0,0,303,322.0,0.0,279.0,0.0,Automatic (A1),100.3,0.0,87.0,0.0,Standard Pickup Trucks 4WD,2024,6500,R1T,,,,,EV,,,"162, 162, 162 and 162 kW AC 3-Phase",RIV,,0.0,,Thu May 02 00:00:00 EDT 2024,Sun Aug 25 00:00:00 EDT 2024,N,0,0,0,,,,,,,,,2
0.1176,0.0,0.0,13.0,72.1149,0,0.0,0.0,46.7379,0.0,0,-1,0.0,0.0,68.4496,0,0.0,49.2406,0.0,0.0,,,Part-time 4-Wheel Drive,18,,9,1100,0,Electricity,Electricity,10,-1,64.4461,0,0.0,0.0,52.2995,0.0,0,0,47885,0,0,Rivian,R1S All-Terrain Dual Large (20in),N,False,0,0,307,322.0,0.0,288.0,0.0,Automatic (A1),102.5,0.0,91.6,0.0,Standard Sport Utility Vehicle 4WD,2024,6500,R1S,,,,,EV,,,208 and 208 kW ACPM,RIV,,0.0,,Thu May 02 00:00:00 EDT 2024,Sun Aug 25 00:00:00 EDT 2024,N,0,0,0,,,,,,,,,0
0.1104,0.0,0.0,14.5,78.47,0,0.0,0.0,42.9527,0.0,0,-1,0.0,0.0,73.0748,0,0.0,46.124,0.0,0.0,,,Part-time 4-Wheel Drive,33,,9,1050,0,Electricity,Electricity,10,-1,67.41,0,0.0,0.0,50.0,0.0,0,0,47886,0,0,Rivian,R1S All-Terrain Dual Max (20in),N,False,0,0,355,379.0,0.0,326.0,0.0,Automatic (A1),112.1,0.0,96.3,0.0,Standard Sport Utility Vehicle 4WD,2024,6750,R1S,,,,,EV,,,208 and 208 kW ACPM,RIV,,0.0,,Thu May 02 00:00:00 EDT 2024,Sun Aug 25 00:00:00 EDT 2024,N,0,0,0,,,,,,,,,1
0.1248,0.0,0.0,12.5,68.11,0,0.0,0.0,49.4861,0.0,0,-1,0.0,0.0,65.2626,0,0.0,51.6452,0.0,0.0,,,Part-time 4-Wheel Drive,49,,9,1150,0,Electricity,Electricity,10,-1,62.09,0,0.0,0.0,54.2841,0.0,0,0,47887,0,0,Rivian,R1S All-Terrain Dual Standard Plus (20in),N,False,0,0,277,288.0,0.0,263.0,0.0,Automatic (A1),97.3,0.0,88.7,0.0,Standard Sport Utility Vehicle 4WD,2024,6250,R1S,,,,,EV,,,208 and 208 kW ACPM,RIV,,0.0,,Thu May 02 00:00:00 EDT 2024,Sun Aug 25 00:00:00 EDT 2024,N,0,0,0,,,,,,,,,1
0.1176,0.0,0.0,13.0,72.1149,0,0.0,0.0,46.7379,0.0,0,-1,0.0,0.0,68.4496,0,0.0,49.2406,0.0,0.0,,,Part-time 4-Wheel Drive,24,,9,1100,0,Electricity,Electricity,10,-1,64.4461,0,0.0,0.0,52.2995,0.0,0,0,47888,0,0,Rivian,R1S All-Terrain Performance Dual Large (20in),N,False,0,0,307,322.0,0.0,288.0,0.0,Automatic (A1),102.5,0.0,91.6,0.0,Standard Sport Utility Vehicle 4WD,2024,6500,R1S,,,,,EV,,,208 and 208 kW ACPM,RIV,,0.0,,Thu May 02 00:00:00 EDT 2024,Sun Aug 25 00:00:00 EDT 2024,N,0,0,0,,,,,,,,,3
0.1104,0.0,0.0,14.5,78.47,0,0.0,0.0,42.9527,0.0,0,-1,0.0,0.0,73.0748,0,0.0,46.124,0.0,0.0,,,Part-time 4-Wheel Drive,34,,9,1050,0,Electricity,Electricity,10,-1,67.41,0,0.0,0.0,50.0,0.0,0,0,47889,0,0,Rivian,R1S All-Terrain Performance Dual Max (20in),N,False,0,0,355,379.0,0.0,326.0,0.0,Automatic (A1),112.1,0.0,96.3,0.0,Standard Sport Utility Vehicle 4WD,2024,6750,R1S,,,,,EV,,,208 and 208 kW ACPM,RIV,,0.0,,Thu May 02 00:00:00 EDT 2024,Sun Aug 25 00:00:00 EDT 2024,N,0,0,0,,,,,,,,,1
0.1248,0.0,0.0,12.5,68.11,0,0.0,0.0,49.4861,0.0,0,-1,0.0,0.0,65.2626,0,0.0,51.6452,0.0,0.0,,,Part-time 4-Wheel Drive,50,,9,1150,0,Electricity,Electricity,10,-1,62.09,0,0.0,0.0,54.2841,0.0,0,0,47890,0,0,Rivian,R1S AT Performance Dual Standard Plus (20in),N,False,0,0,277,288.0,0.0,263.0,0.0,Automatic (A1),97.3,0.0,88.7,0.0,Standard Sport Utility Vehicle 4WD,2024,6250,R1S,,,,,EV,,,208 and 208 kW ACPM,RIV,,0.0,,Thu May 02 00:00:00 EDT 2024,Sun Aug 25 00:00:00 EDT 2024,N,0,0,0,,,,,,,,,1
0.1032,0.0,0.0,13.0,81.7384,0,0.0,0.0,41.2352,0.0,0,-1,0.0,0.0,77.9742,0,0.0,43.2259,0.0,0.0,,,Part-time 4-Wheel Drive,12,,9,950,0,Electricity,Electricity,10,-1,73.8192,0,0.0,0.0,45.6589,0.0,0,0,47891,0,0,Rivian,R1S Dual Large (21in),N,False,0,0,352,368.0,0.0,332.0,0.0,Automatic (A1),115.6,0.0,104.4,0.0,Standard Sport Utility Vehicle 4WD,2024,7250,R1S,,,,,EV,,,208 and 208 kW ACPM,RIV,,0.0,,Thu May 02 00:00:00 EDT 2024,Sun Aug 25 00:00:00 EDT 2024,N,0,0,0,,,,,,,,,1
0.108,0.0,0.0,13.0,79.5846,0,0.0,0.0,42.3512,0.0,0,-1,0.0,0.0,75.3343,0,0.0,44.7406,0.0,0.0,,,Part-time 4-Wheel Drive,13,,9,1000,0,Electricity,Electricity,10,-1,70.7182,0,0.0,0.0,47.661,0.0,0,0,47892,0,0,Rivian,R1S Dual Large (22in),N,False,0,0,341,359.0,0.0,319.0,0.0,Automatic (A1),112.2,0.0,99.7,0.0,Standard Sport Utility Vehicle 4WD,2024,7000,R1S,,,,,EV,,,208 and 208 kW ACPM,RIV,,0.0,,Thu May 02 00:00:00 EDT 2024,Sun Aug 25 00:00:00 EDT 2024,N,0,0,0,,,,,,,,,3
0.0984,0.0,0.0,14.5,89.0287,0,0.0,0.0,37.8586,0.0,0,-1,0.0,0.0,82.4693,0,0.0,40.8697,0.0,0.0,,,Part-time 4-Wheel Drive,37,,9,900,0,Electricity,Electricity,10,-1,75.6565,0,0.0,0.0,44.55,0.0,0,0,47893,0,0,Rivian,R1S Dual Max (21in),N,False,0,0,400,429.0,0.0,365.0,0.0,Automatic (A1),124.5,0.0,105.8,0.0,Standard Sport Utility Vehicle 4WD,2024,7500,R1S,,,,,EV,,,208 and 208 kW ACPM,RIV,,0.0,,Thu May 02 00:00:00 EDT 2024,Sun Aug 25 00:00:00 EDT 2024,N,0,0,0,,,,,,,,,3
0.1032,0.0,0.0,14.5,83.8586,0,0.0,0.0,40.1927,0.0,0,-1,0.0,0.0,77.8207,0,0.0,43.3111,0.0,0.0,,,Part-time 4-Wheel Drive,41,,9,950,0,Electricity,Electricity,10,-1,71.5264,0,0.0,0.0,47.1225,0.0,0,0,47894,0,0,Rivian,R1S Dual Max (22in),N,False,0,0,380,407.0,0.0,347.0,0.0,Automatic (A1),115.6,0.0,98.6,0.0,Standard Sport Utility Vehicle 4WD,2024,7250,R1S,,,,,EV,,,208 and 208 kW ACPM,RIV,,0.0,,Thu May 02 00:00:00 EDT 2024,Sun Aug 25 00:00:00 EDT 2024,N,0,0,0,,,,,,,,,3
0.108,0.0,0.0,11.5,78.05,0,0.0,0.0,43.1839,0.0,0,-1,0.0,0.0,74.5618,0,0.0,45.2041,0.0,0.0,,,Part-time 4-Wheel Drive,45,,9,1000,0,Electricity,Electricity,10,-1,70.7,0,0.0,0.0,47.6733,0.0,0,0,47895,0,0,Rivian,R1S Dual Standard (21in),N,False,0,0,270,282.0,0.0,255.0,0.0,Automatic (A1),111.5,0.0,101.0,0.0,Standard Sport Utility Vehicle 4WD,2024,7000,R1S,,,,,EV,,,208 and 208 kW ACPM,RIV,,0.0,,Thu May 02 00:00:00 EDT 2024,Sun Aug 25 00:00:00 EDT 2024,N,0,0,0,,,,,,,,,3
0.1152,0.0,0.0,11.5,73.92,0,0.0,0.0,45.5966,0.0,0,-1,0.0,0.0,70.1735,0,0.0,48.031,0.0,0.0,,,Part-time 4-Wheel Drive,46,,9,1100,0,Electricity,Electricity,10,-1,66.08,0,0.0,0.0,51.0064,0.0,0,0,47896,0,0,Rivian,R1S Dual Standard (22in),N,False,0,0,255,268.0,0.0,239.0,0.0,Automatic (A1),105.6,0.0,94.4,0.0,Standard Sport Utility Vehicle 4WD,2024,6500,R1S,,,,,EV,,,208 and 208 kW ACPM,RIV,,0.0,,Thu May 02 00:00:00 EDT 2024,Sun Aug 25 00:00:00 EDT 2024,N,0,0,0,,,,,,,,,3
0.1056,0.0,0.0,12.5,79.94,0,0.0,0.0,42.1629,0.0,0,-1,0.0,0.0,76.9421,0,0.0,43.8057,0.0,0.0,,,Part-time 4-Wheel Drive,53,,9,1000,0,Electricity,Electricity,10,-1,73.57,0,0.0,0.0,45.8183,0.0,0,0,47897,0,0,Rivian,R1S Dual Standard Plus (21in),N,False,0,0,315,327.0,0.0,301.0,0.0,Automatic (A1),114.2,0.0,105.1,0.0,Standard Sport Utility Vehicle 4WD,2024,7000,R1S,,,,,EV,,,208 and 208 kW ACPM,RIV,,0.0,,Thu May 02 00:00:00 EDT 2024,Sun Aug 25 00:00:00 EDT 2024,N,0,0,0,,,,,,,,,3
0.1128,0.0,0.0,12.5,75.74,0,0.0,0.0,44.5009,0.0,0,-1,0.0,0.0,72.1051,0,0.0,46.7443,0.0,0.0,,,Part-time 4-Wheel Drive,57,,9,1050,0,Electricity,Electricity,10,-1,68.11,0,0.0,0.0,49.4861,0.0,0,0,47898,0,0,Rivian,R1S Dual Standard Plus (22in),N,False,0,0,300,314.0,0.0,283.0,0.0,Automatic (A1),108.2,0.0,97.3,0.0,Standard Sport Utility Vehicle 4WD,2024,6750,R1S,,,,,EV,,,208 and 208 kW ACPM,RIV,,0.0,,Thu May 02 00:00:00 EDT 2024,Sun Aug 25 00:00:00 EDT 2024,N,0,0,0,,,,,,,,,3
0.1032,0.0,0.0,13.0,81.7384,0,0.0,0.0,41.2352,0.0,0,-1,0.0,0.0,77.9742,0,0.0,43.2259,0.0,0.0,,,Part-time 4-Wheel Drive,22,,9,950,0,Electricity,Electricity,10,-1,73.8192,0,0.0,0.0,45.6589,0.0,0,0,47899,0,0,Rivian,R1S Performance Dual Large (21in),N,False,0,0,352,368.0,0.0,332.0,0.0,Automatic (A1),115.6,0.0,104.4,0.0,Standard Sport Utility Vehicle 4WD,2024,7250,R1S,,,,,EV,,,208 and 208 kW ACPM,RIV,,0.0,,Thu May 02 00:00:00 EDT 2024,Sun Aug 25 00:00:00 EDT 2024,N,0,0,0,,,,,,,,,3
0.108,0.0,0.0,13.0,79.5846,0,0.0,0.0,42.3512,0.0,0,-1,0.0,0.0,75.3343,0,0.0,44.7406,0.0,0.0,,,Part-time 4-Wheel Drive,21,,9,1000,0,Electricity,Electricity,10,-1,70.7182,0,0.0,0.0,47.661,0.0,0,0,47900,0,0,Rivian,R1S Performance Dual Large (22in),N,False,0,0,341,359.0,0.0,319.0,0.0,Automatic (A1),112.2,0.0,99.7,0.0,Standard Sport Utility Vehicle 4WD,2024,7000,R1S,,,,,EV,,,208 and 208 kW ACPM,RIV,,0.0,,Thu May 02 00:00:00 EDT 2024,Sun Aug 25 00:00:00 EDT 2024,N,0,0,0,,,,,,,,,3
0.0984,0.0,0.0,14.5,89.0287,0,0.0,0.0,37.8586,0.0,0,-1,0.0,0.0,82.4693,0,0.0,40.8697,0.0,0.0,,,Part-time 4-Wheel Drive,38,,9,900,0,Electricity,Electricity,10,-1,75.6565,0,0.0,0.0,44.55,0.0,0,0,47901,0,0,Rivian,R1S Performance Dual Max (21in),N,False,0,0,400,429.0,0.0,365.0,0.0,Automatic (A1),124.5,0.0,105.8,0.0,Standard Sport Utility Vehicle 4WD,2024,7500,R1S,,,,,EV,,,208 and 208 kW ACPM,RIV,,0.0,,Thu May 02 00:00:00 EDT 2024,Sun Aug 25 00:00:00 EDT 2024,N,0,0,0,,,,,,,,,3
0.1032,0.0,0.0,14.5,83.8586,0,0.0,0.0,40.1927,0.0,0,-1,0.0,0.0,77.8207,0,0.0,43.3111,0.0,0.0,,,Part-time 4-Wheel Drive,42,,9,950,0,Electricity,Electricity,10,-1,71.5264,0,0.0,0.0,47.1225,0.0,0,0,47902,0,0,Rivian,R1S Performance Dual Max (22in),N,False,0,0,380,407.0,0.0,347.0,0.0,Automatic (A1),115.6,0.0,98.6,0.0,Standard Sport Utility Vehicle 4WD,2024,7250,R1S,,,,,EV,,,208 and 208 kW ACPM,RIV,,0.0,,Thu May 02 00:00:00 EDT 2024,Sun Aug 25 00:00:00 EDT 2024,N,0,0,0,,,,,,,,,3
0.1128,0.0,0.0,12.5,75.74,0,0.0,0.0,44.5009,0.0,0,-1,0.0,0.0,72.1051,0,0.0,46.7443,0.0,0.0,,,Part-time 4-Wheel Drive,58,,9,1050,0,Electricity,Electricity,10,-1,68.11,0,0.0,0.0,49.4861,0.0,0,0,47903,0,0,Rivian,R1S Performance Dual Standard (22in),N,False,0,0,300,314.0,0.0,283.0,0.0,Automatic (A1),108.2,0.0,97.3,0.0,Standard Sport Utility Vehicle 4WD,2024,6750,R1S,,,,,EV,,,208 and 208 kW ACPM,RIV,,0.0,,Thu May 02 00:00:00 EDT 2024,Sun Aug 25 00:00:00 EDT 2024,N,0,0,0,,,,,,,,,3
0.1056,0.0,0.0,12.5,79.94,0,0.0,0.0,42.1629,0.0,0,-1,0.0,0.0,76.9421,0,0.0,43.8057,0.0,0.0,,,Part-time 4-Wheel Drive,54,,9,1000,0,Electricity,Electricity,10,-1,73.57,0,0.0,0.0,45.8183,0.0,0,0,47904,0,0,Rivian,R1S Performance Dual Standard Plus (21in),N,False,0,0,315,327.0,0.0,301.0,0.0,Automatic (A1),114.2,0.0,105.1,0.0,Standard Sport Utility Vehicle 4WD,2024,7000,R1S,,,,,EV,,,208 and 208 kW ACPM,RIV,,0.0,,Thu May 02 00:00:00 EDT 2024,Sun Aug 25 00:00:00 EDT 2024,N,0,0,0,,,,,,,,,3
0.1248,0.0,0.0,13.0,68.7648,0,0.0,0.0,49.0149,0.0,0,-1,0.0,0.0,64.3506,0,0.0,52.3772,0.0,0.0,,,All-Wheel Drive,3,,9,1200,0,Electricity,Electricity,10,-1,59.6689,0,0.0,0.0,56.4867,0.0,0,0,47905,0,0,Rivian,R1S Quad Large (20in),N,False,0,0,289,307.0,0.0,267.0,0.0,Automatic (A1),94.5,0.0,82.0,0.0,Standard Sport Utility Vehicle 4WD,2024,6000,R1S,,,,,EV,,,"162, 162, 162 and 162 kW AC 3-Phase",RIV,,0.0,,Thu May 02 00:00:00 EDT 2024,Sun Aug 25 00:00:00 EDT 2024,N,0,0,0,,,,,,,,,3
0.1128,0.0,0.0,13.0,75.4594,0,0.0,0.0,44.6664,0.0,0,-1,0.0,0.0,71.1132,0,0.0,47.3963,0.0,0.0,,,All-Wheel Drive,2,,9,1050,0,Electricity,Electricity,10,-1,66.4363,0,0.0,0.0,50.7328,0.0,0,0,47906,0,0,Rivian,R1S Quad Large (21in),N,False,0,0,321,339.0,0.0,299.0,0.0,Automatic (A1),103.7,0.0,91.3,0.0,Standard Sport Utility Vehicle 4WD,2024,6750,R1S,,,,,EV,,,"162, 162, 162 and 162 kW AC 3-Phase",RIV,,0.0,,Thu May 02 00:00:00 EDT 2024,Sun Aug 25 00:00:00 EDT 2024,N,0,0,0,,,,,,,,,3
0.1176,0.0,0.0,13.0,72.9853,0,0.0,0.0,46.1805,0.0,0,-1,0.0,0.0,68.2876,0,0.0,49.3574,0.0,0.0,,,All-Wheel Drive,5,,9,1100,0,Electricity,Electricity,10,-1,63.3073,0,0.0,0.0,53.2403,0.0,0,0,47907,0,0,Rivian,R1S Quad Large (22in),N,False,0,0,303,322.0,0.0,279.0,0.0,Automatic (A1),100.3,0.0,87.0,0.0,Standard Sport Utility Vehicle 4WD,2024,6500,R1S,,,,,EV,,,"162, 162, 162 and 162 kW AC 3-Phase",RIV,,0.0,,Thu May 02 00:00:00 EDT 2024,Sun Aug 25 00:00:00 EDT 2024,N,0,0,0,,,,,,,,,3
0.0624,0.0,0.0,9.4,136.57,0,0.0,0.0,24.6797,0.0,0,-1,0.0,0.0,130.4569,0,0.0,25.8361,0.0,0.0,,,All-Wheel Drive,35,,10,600,0,Electricity,Electricity,10,-1,123.69,0,0.0,0.0,27.2496,0.0,0,0,47908,0,15,Tesla,Model 3 Long Range AWD,Y,False,0,97,342,357.0,0.0,323.0,0.0,Automatic (A1),195.1,0.0,176.7,0.0,Midsize Cars,2024,9000,Model 3,,,,,EV,,,84 and 191 kW ACPM 3-Phase,TSL,,0.0,,Thu May 02 00:00:00 EDT 2024,Sun Aug 25 00:00:00 EDT 2024,N,0,0,0,75.0,,6.8,,11.0,250.0,NACS,,3
0.06,0.0,0.0,10.5,139.65,0,0.0,0.0,24.1353,0.0,0,-1,0.0,0.0,132.4508,0,0.0,25.4472,0.0,0.0,,,Rear-Wheel Drive,31,,10,550,0,Electricity,Electricity,10,-1,124.6,0,0.0,0.0,27.0506,0.0,0,0,47909,0,15,Tesla,Model 3 RWD,N,False,0,97,272,286.0,0.0,255.0,0.0,Automatic (A1),199.5,0.0,178.0,0.0,Midsize Cars,2024,9250,Model 3,,,,,EV,,,192 kW ACPM 3-Phase,TSL,,0.0,,Thu May 02 00:00:00 EDT 2024,Sun Aug 25 00:00:00 EDT 2024,N,0,0,0,75.0,,6.8,,11.0,250.0,NACS,,3
0.0672,0.0,0.0,15.0,126.8991,0,0.0,0.0,26.5605,0.0,0,-1,0.0,0.0,121.6629,0,0.0,27.7036,0.0,0.0,,,All-Wheel Drive,58,,10,600,0,Electricity,Electricity,10,-1,115.8217,0,0.0,0.0,29.1008,0.0,26,94,47910,0,0,Tesla,Model S,N,False,0,0,402,418.0,0.0,382.0,0.0,Automatic (A1),181.0,0.0,165.2,0.0,Large Cars,2024,9000,Model S,,,,,EV,,,247 and 247 kW ACPM 3-Phase,TSL,,0.0,,Thu May 02 00:00:00 EDT 2024,Sun Aug 25 00:00:00 EDT 2024,N,0,0,0,95.0,,8.6,,11.0,250.0,NACS,,3
0.0744,0.0,0.0,15.0,111.1812,0,0.0,0.0,30.3154,0.0,0,-1,0.0,0.0,107.1188,0,0.0,31.4651,0.0,0.0,,,All-Wheel Drive,60,,10,700,0,Electricity,Electricity,10,-1,102.5394,0,0.0,0.0,32.8703,0.0,26,94,47911,0,0,Tesla,Model S Plaid (19in wheels),N,False,0,0,359,372.0,0.0,343.0,0.0,Automatic (A1),153.1,0.0,141.2,0.0,Large Cars,2024,8500,Model S,,,,,EV,,,"250, 250 and 250 kW ACPM 3-Phase",TSL,,0.0,,Thu May 02 00:00:00 EDT 2024,Sun Aug 25 00:00:00 EDT 2024,N,0,0,0,,,,,,,,,3
0.0839999999999999,0.0,0.0,15.0,99.551,0,0.0,0.0,33.857,0.0,0,-1,0.0,0.0,95.6477,0,0.0,35.2387,0.0,0.0,,,All-Wheel Drive,59,,10,800,0,Electricity,Electricity,10,-1,91.2737,0,0.0,0.0,36.9274,0.0,26,94,47912,0,0,Tesla,Model S Plaid (21in wheels),N,False,0,0,320,332.0,0.0,305.0,0.0,Automatic (A1),133.5,0.0,27.5479,0.0,Large Cars,2024,8000,Model S,,,,,EV,,,"250, 250 and 250 kW ACPM 3-Phase",TSL,,0.0,,Thu May 02 00:00:00 EDT 2024,Sun Aug 25 00:00:00 EDT 2024,N,0,0,0,,,,,,,,,3
0.0696,0.0,0.0,9.0,122.0215,0,0.0,0.0,27.6222,0.0,0,-1,0.0,0.0,117.4468,0,0.0,28.6981,0.0,0.0,,,All-Wheel Drive,45,,10,650,0,Electricity,Electricity,10,-1,112.301,0,0.0,0.0,30.0131,0.0,0,0,47913,0,0,Tesla,Model Y Long Range AWD,N,False,0,0,310,322.0,0.0,296.0,0.0,Automatic (A1),165.7,0.0,152.5,0.0,Small Sport Utility Vehicle 4WD,2024,8750,Model Y,,,,,EV,,,91 and 200 kW AC Induction,TSL,,0.0,,Thu May 02 00:00:00 EDT 2024,Sun Aug 25 00:00:00 EDT 2024,N,0,0,0,79.0,,7.2,,11.0,250.0,NACS,,2
0.0768,0.0,0.0,9.8,110.716,0,0.0,0.0,30.4428,0.0,0,-1,0.0,0.0,104.6277,0,0.0,32.2142,0.0,0.0,,,All-Wheel Drive,47,,10,700,0,Electricity,Electricity,10,-1,98.0386,0,0.0,0.0,34.3793,0.0,0,0,47914,0,0,Tesla,Model Y Performance AWD,N,False,0,0,279,294.0,0.0,260.0,0.0,Automatic (A1),157.2,0.0,139.2,0.0,Small Sport Utility Vehicle 4WD,2024,8500,Model Y,,,,,EV,,,135 and 243 kW AC Induction,TSL,,0.0,,Thu May 02 00:00:00 EDT 2024,Sun Aug 25 00:00:00 EDT 2024,N,0,0,0,79.0,,7.2,,11.0,250.0,NACS,,2
0.0815999999999999,0.0,0.0,14.0,104.4838,0,0.0,0.0,32.2586,0.0,0,-1,0.0,0.0,100.2745,0,0.0,33.6127,0.0,0.0,,,All-Wheel Drive,73,,10,750,0,Electricity,Electricity,10,-1,95.5688,0,0.0,0.0,35.2678,0.0,0,0,47915,0,0,Tesla,Model X,N,False,0,0,335,348.0,0.0,319.0,0.0,Automatic (A1),146.5,0.0,134.0,0.0,Standard Sport Utility Vehicle 4WD,2024,8250,Model X,,,,,EV,,,243 and 243 kW ACPM 3-Phase,TSL,,0.0,,Thu May 02 00:00:00 EDT 2024,Sun Aug 25 00:00:00 EDT 2024,N,0,0,0,95.0,,8.6,,11.0,250.0,NACS,,3
0.0839999999999999,0.0,0.0,14.0,102.284,0,0.0,0.0,32.9524,0.0,0,-1,0.0,0.0,97.6146,0,0.0,34.5286,0.0,0.0,,,All-Wheel Drive,76,,10,800,0,Electricity,Electricity,10,-1,92.456,0,0.0,0.0,36.4552,0.0,0,0,47916,0,0,Tesla,Model X Plaid (20in wheels),N,False,0,0,326,341.0,0.0,308.0,0.0,Automatic (A1),140.5,0.0,127.0,0.0,Standard Sport Utility Vehicle 4WD,2024,8000,Model X,,,,,EV,,,"230, 230 and 230 kW ACPM 3-Phase",TSL,,0.0,,Thu May 02 00:00:00 EDT 2024,Sun Aug 25 00:00:00 EDT 2024,N,0,0,0,,,,,,,,,3
0.0887999999999999,0.0,0.0,14.0,94.382,0,0.0,0.0,35.7113,0.0,0,-1,0.0,0.0,90.4538,0,0.0,37.2621,0.0,0.0,,,All-Wheel Drive,74,,9,850,0,Electricity,Electricity,10,-1,86.0752,0,0.0,0.0,39.1576,0.0,0,0,47917,0,0,Tesla,Model X Plaid (22in wheels),N,False,0,0,300,312.0,0.0,285.0,0.0,Automatic (A1),131.8,0.0,120.2,0.0,Standard Sport Utility Vehicle 4WD,2024,7750,Model X,,,,,EV,,,"230, 230 and 230 kW ACPM 3-Phase",TSL,,0.0,,Thu May 02 00:00:00 EDT 2024,Sun Aug 25 00:00:00 EDT 2024,N,0,0,0,,,,,,,,,3
0.0672,0.0,0.0,11.0,130.62,0,0.0,0.0,25.8039,0.0,0,-1,0.0,0.0,119.0276,0,0.0,28.317,0.0,0.0,,,Front-Wheel Drive,8,,10,650,0,Electricity,Electricity,10,-1,107.38,0,0.0,0.0,31.3885,0.0,0,0,47918,0,0,Toyota,bZ4X,N,False,0,0,252,274.0,0.0,225.0,0.0,Automatic (A1),186.6,0.0,153.4,0.0,Small Sport Utility Vehicle 2WD,2024,8750,bZ4X,,,,,EV,,,150 kW AC Synchronous,TYX,,0.0,,Thu May 02 00:00:00 EDT 2024,Sun Aug 25 00:00:00 EDT 2024,N,0,0,0,71.4,,10.8,,6.6,150.0,CCS,7.1,3
0.072,0.0,0.0,11.0,121.1,0,0.0,0.0,27.8324,0.0,0,-1,0.0,0.0,111.8341,0,0.0,30.1384,0.0,0.0,,,Front-Wheel Drive,10,,10,700,0,Electricity,Electricity,10,-1,102.27,0,0.0,0.0,32.9569,0.0,0,0,47919,0,0,Toyota,bZ4X Limited,N,False,0,0,236,254.0,0.0,214.0,0.0,Automatic (A1),173.0,0.0,146.1,0.0,Small Sport Utility Vehicle 2WD,2024,8500,bZ4X,,,,,EV,,,150 kW AC Synchronous,TYX,,0.0,,Thu May 02 00:00:00 EDT 2024,Sun Aug 25 00:00:00 EDT 2024,N,0,0,0,71.4,,10.8,,6.6,150.0,CCS,7.1,3
0.0768,0.0,0.0,11.0,119.28,0,0.0,0.0,30.0,0.0,0,-1,0.0,0.0,108.8168,0,0.0,32.0,0.0,0.0,,,All-Wheel Drive,9,,10,700,0,Electricity,Electricity,10,-1,98.28,0,0.0,0.0,36.0,0.0,0,0,47920,0,0,Toyota,bZ4X AWD,N,False,0,0,228,248.0,0.0,204.0,0.0,Automatic (A1),170.4,0.0,140.4,0.0,Small Sport Utility Vehicle 4WD,2024,8500,bZ4X,,,,,EV,,,80 and 80 kW AC Synchronous,TYX,,0.0,,Thu May 02 00:00:00 EDT 2024,Sun Aug 25 00:00:00 EDT 2024,N,0,0,0,71.4,,10.8,,6.6,150.0,CCS,7.1,0
0.0791999999999999,0.0,0.0,11.0,116.97,0,0.0,0.0,30.0,0.0,0,-1,0.0,0.0,106.9864,0,0.0,33.0,0.0,0.0,,,All-Wheel Drive,13,,10,750,0,Electricity,Electricity,10,-1,96.88,0,0.0,0.0,36.0,0.0,0,0,47921,0,0,Toyota,bZ4X Limited AWD,Y,False,0,0,222,241.0,0.0,199.0,0.0,Automatic (A1),167.1,0.0,138.4,0.0,Small Sport Utility Vehicle 4WD,2024,8250,bZ4X,,,,,EV,,,80 and 80 kW AC Synchronous,TYX,,0.0,,Thu May 02 00:00:00 EDT 2024,Sun Aug 25 00:00:00 EDT 2024,N,0,0,0,71.4,,10.8,,6.6,150.0,CCS,7.1,0
0.0768,0.0,0.0,6.0,114.8272,0,0.0,0.0,29.3528,0.0,0,-1,0.0,0.0,106.7883,0,0.0,31.5624,0.0,0.0,,,Rear-Wheel Drive,311,,10,700,0,Electricity,Electricity,10,-1,98.3711,0,0.0,0.0,34.2631,0.0,0,0,47922,0,30,Volkswagen,ID.4,N,False,0,100,206,220.0,0.0,189.0,0.0,Automatic (A1),164.0388,0.0,140.5301,0.0,Small Sport Utility Vehicle 2WD,2024,8500,ID.4,,,,,EV,,,210 kW AC 3-Phase,VGA,,0.0,,Thu May 02 00:00:00 EDT 2024,Sun Aug 25 00:00:00 EDT 2024,N,0,0,0,77.0,,7.0,,11.0,135.0,CCS2,,0
0.072,0.0,0.0,8.0,122.5,0,0.0,0.0,27.5143,0.0,0,-1,0.0,0.0,113.1687,0,0.0,29.783,0.0,0.0,,,Rear-Wheel Drive,307,,10,650,0,Electricity,Electricity,10,-1,103.53,0,0.0,0.0,32.5558,0.0,0,0,47923,0,30,Volkswagen,ID.4 Pro S,N,False,0,100,291,313.0,0.0,264.0,0.0,Automatic (A1),175.0,0.0,147.9,0.0,Small Sport Utility Vehicle 2WD,2024,8750,ID.4,,,,,EV,,,210 kW AC 3-Phase,VGA,,0.0,,Thu May 02 00:00:00 EDT 2024,Sun Aug 25 00:00:00 EDT 2024,N,0,0,0,,,,,,,,,0
0.0768,0.0,0.0,6.0,114.8272,0,0.0,0.0,29.3528,0.0,0,-1,0.0,0.0,106.7883,0,0.0,31.5624,0.0,0.0,,,Rear-Wheel Drive,310,,10,700,0,Electricity,Electricity,10,-1,98.3711,0,0.0,0.0,34.2631,0.0,0,0,47924,0,30,Volkswagen,ID.4 S,N,False,0,100,206,220.0,0.0,189.0,0.0,Automatic (A1),164.0388,0.0,140.5301,0.0,Small Sport Utility Vehicle 2WD,2024,8500,ID.4,,,,,EV,,,210 kW AC 3-Phase,VGA,,0.0,,Thu May 02 00:00:00 EDT 2024,Sun Aug 25 00:00:00 EDT 2024,N,0,0,0,,,,,,,,,0
0.0696,0.0,0.0,12.0,124.74,0,0.0,0.0,27.0202,0.0,0,-1,0.0,0.0,114.631,0,0.0,29.4031,0.0,0.0,,,Rear-Wheel Drive,361,,9,650,0,Electricity,Electricity,10,-1,104.3,0,0.0,0.0,32.3154,0.0,0,0,48296,0,26,Audi,Q4 45 e-tron,N,False,0,96,288,311.0,0.0,260.0,0.0,Automatic (A1),178.2,0.0,149.0,0.0,Standard Sport Utility Vehicle 2WD,2025,8750,Q4 e-tron,,,,,EV,,,210 kW PMSM 3-Phase,VGA,,0.0,,Sun Aug 25 00:00:00 EDT 2024,Mon Nov 18 00:00:00 EST 2024,N,0,0,0,,,,,,,,,0
0.0815999999999999,0.0,0.0,14.0,104.51,0,0.0,0.0,32.2505,0.0,0,-1,0.0,0.0,99.0119,0,0.0,34.0414,0.0,0.0,,,All-Wheel Drive,612,,9,750,0,Electricity,Electricity,10,-1,93.03,0,0.0,0.0,36.2302,0.0,0,0,48297,0,0,Audi,Q6 e-tron quattro (19 inch wheels),N,False,0,0,307,323.0,0.0,287.0,0.0,Automatic (A1),149.3,0.0,132.9,0.0,Standard Sport Utility Vehicle 4WD,2025,8250,Q6 e-tron,,,,,EV,,,140 and 280 kW PMSM ECCA 3-Phase,VGA,,0.0,,Sun Aug 25 00:00:00 EDT 2024,Tue Sep 10 00:00:00 EDT 2024,N,0,0,0,,,,,,,,,2
0.0839999999999999,0.0,0.0,14.0,101.85,0,0.0,0.0,33.0928,0.0,0,-1,0.0,0.0,95.475,0,0.0,35.3024,0.0,0.0,,,All-Wheel Drive,622,,9,800,0,Electricity,Electricity,10,-1,88.69,0,0.0,0.0,38.0032,0.0,0,0,48298,0,0,Audi,Q6 e-tron quattro (20 inch wheels),N,False,0,0,295,313.0,0.0,273.0,0.0,Automatic (A1),145.5,0.0,126.7,0.0,Standard Sport Utility Vehicle 4WD,2025,8000,Q6 e-tron,,,,,EV,,,140 and 280 kW Asynchron ECFA 3-Phase,VGA,,0.0,,Sun Aug 25 00:00:00 EDT 2024,Tue Sep 10 00:00:00 EDT 2024,N,0,0,0,,,,,,,,,2
0.1032,0.0,0.0,16.0,76.7816,0,0.0,0.0,43.8971,0.0,0,-1,0.0,0.0,78.0644,0,0.0,43.1758,0.0,0.0,,,All-Wheel Drive,350,,9,950,0,Electricity,Electricity,10,-1,79.6916,0,0.0,0.0,42.2942,0.0,0,0,48299,0,28,Audi,Q8 e-tron quattro (20 inch wheels),N,False,0,103,272,267.0,0.0,278.0,0.0,Automatic (A1),106.9099,0.0,110.9617,0.0,Standard Sport Utility Vehicle 4WD,2025,7250,Q8 e-tron,,,,,EV,,,141 and 172 kW Asynchron 3-Phase,VGA,,0.0,,Sun Aug 25 00:00:00 EDT 2024,Tue Sep 10 00:00:00 EDT 2024,N,0,0,0,,,,,,,,,0
0.1104,0.0,0.0,16.0,73.2494,0,0.0,0.0,46.014,0.0,0,-1,0.0,0.0,74.0194,0,0.0,45.5353,0.0,0.0,,,All-Wheel Drive,370,,9,1000,0,Electricity,Electricity,10,-1,74.9827,0,0.0,0.0,44.9503,0.0,0,0,48300,0,28,Audi,Q8 e-tron quattro (21 inch wheels),N,False,0,103,254,251.0,0.0,257.0,0.0,Automatic (A1),101.9917,0.0,104.4051,0.0,Standard Sport Utility Vehicle 4WD,2025,7000,Q8 e-tron,,,,,EV,,,141 and 172 kW Asynchron 3-Phase,VGA,,0.0,,Sun Aug 25 00:00:00 EDT 2024,Tue Sep 10 00:00:00 EDT 2024,N,0,0,0,,,,,,,,,0
0.1032,0.0,0.0,16.0,76.7816,0,0.0,0.0,43.8971,0.0,0,-1,0.0,0.0,78.0644,0,0.0,43.1758,0.0,0.0,,,All-Wheel Drive,351,,9,950,0,Electricity,Electricity,10,-1,79.6916,0,0.0,0.0,42.2942,0.0,0,0,48301,0,27,Audi,Q8 Sportback e-tron quattro (20 inch wheels),N,False,0,102,272,267.0,0.0,278.0,0.0,Automatic (A1),106.9099,0.0,110.9617,0.0,Standard Sport Utility Vehicle 4WD,2025,7250,Q8 e-tron,,,,,EV,,,141 and 172 kW Asynchron 3-Phase,VGA,,0.0,,Sun Aug 25 00:00:00 EDT 2024,Tue Sep 10 00:00:00 EDT 2024,N,0,0,0,,,,,,,,,0
0.1104,0.0,0.0,16.0,73.2494,0,0.0,0.0,46.014,0.0,0,-1,0.0,0.0,74.0194,0,0.0,45.5353,0.0,0.0,,,All-Wheel Drive,371,,9,1000,0,Electricity,Electricity,10,-1,74.9827,0,0.0,0.0,44.9503,0.0,0,0,48302,0,27,Audi,Q8 Sportback e-tron quattro (21 inch wheels),N,False,0,102,254,251.0,0.0,257.0,0.0,Automatic (A1),101.9917,0.0,104.4051,0.0,Standard Sport Utility Vehicle 4WD,2025,7000,Q8 e-tron,,,,,EV,,,141 and 172 kW Asynchron 3-Phase,VGA,,0.0,,Sun Aug 25 00:00:00 EDT 2024,Tue Sep 10 00:00:00 EDT 2024,N,0,0,0,,,,,,,,,0
0.0911999999999999,0.0,0.0,14.0,96.04,0,0.0,0.0,35.0948,0.0,0,-1,0.0,0.0,89.1536,0,0.0,37.8055,0.0,0.0,,,All-Wheel Drive,613,,9,850,0,Electricity,Electricity,10,-1,81.97,0,0.0,0.0,41.1187,0.0,0,0,48303,0,0,Audi,SQ6 e-tron,N,False,0,0,275,294.0,0.0,251.0,0.0,Automatic (A1),137.2,0.0,117.1,0.0,Standard Sport Utility Vehicle 4WD,2025,7750,SQ6 e-tron,,,,,EV,,,140 and 140 kW Asynchron ECFA 3-Phase,VGA,,0.0,,Sun Aug 25 00:00:00 EDT 2024,Tue Sep 10 00:00:00 EDT 2024,N,0,0,0,,,,,,,,,0
0.1152,0.0,0.0,16.0,68.4781,0,0.0,0.0,49.2201,0.0,0,-1,0.0,0.0,70.0016,0,0.0,48.1489,0.0,0.0,,,All-Wheel Drive,354,,9,1100,0,Electricity,Electricity,10,-1,71.9582,0,0.0,0.0,46.8397,0.0,0,0,48304,0,0,Audi,SQ8 e-tron (20 inch wheels),N,False,0,0,242,237.0,0.0,249.0,0.0,Automatic (A1),93.2983,0.0,98.0397,0.0,Standard Sport Utility Vehicle 4WD,2025,6500,SQ8 e-tron,,,,,EV,,,138 and 157 kW Asynchron 3-Phase,VGA,,0.0,,Sun Aug 25 00:00:00 EDT 2024,Sun Aug 25 00:00:00 EDT 2024,N,0,0,0,,,,,,,,,0
0.1344,0.0,0.0,16.0,59.456,0,0.0,0.0,56.689,0.0,0,-1,0.0,0.0,59.9107,0,0.0,56.2587,0.0,0.0,,,All-Wheel Drive,356,,10,1250,0,Electricity,Electricity,10,-1,60.476,0,0.0,0.0,55.7328,0.0,0,0,48305,0,0,Audi,SQ8 e-tron (21/22 inch wheels),N,False,0,0,208,206.0,0.0,210.0,0.0,Automatic (A1),81.006,0.0,82.3958,0.0,Standard Sport Utility Vehicle 4WD,2025,5750,SQ8 e-tron,,,,,EV,,,138 and 157 kW Asynchron 3-Phase,VGA,,0.0,,Sun Aug 25 00:00:00 EDT 2024,Sun Aug 25 00:00:00 EDT 2024,N,0,0,0,,,,,,,,,0
0.1152,0.0,0.0,16.0,68.4781,0,0.0,0.0,49.2201,0.0,0,-1,0.0,0.0,70.0016,0,0.0,48.1489,0.0,0.0,,,All-Wheel Drive,355,,9,1100,0,Electricity,Electricity,10,-1,71.9582,0,0.0,0.0,46.8397,0.0,0,0,48306,0,0,Audi,SQ8 Sportback e-tron (20 inch wheels),N,False,0,0,242,237.0,0.0,249.0,0.0,Automatic (A1),93.2983,0.0,98.0397,0.0,Standard Sport Utility Vehicle 4WD,2025,6500,SQ8 e-tron,,,,,EV,,,138 and 157 kW Asynchron 3-Phase,VGA,,0.0,,Sun Aug 25 00:00:00 EDT 2024,Sun Aug 25 00:00:00 EDT 2024,N,0,0,0,,,,,,,,,1
0.1344,0.0,0.0,16.0,59.456,0,0.0,0.0,56.689,0.0,0,-1,0.0,0.0,59.9107,0,0.0,56.2587,0.0,0.0,,,All-Wheel Drive,357,,10,1250,0,Electricity,Electricity,10,-1,60.476,0,0.0,0.0,55.7328,0.0,0,0,48307,0,0,Audi,SQ8 Sportback e-tron (21/22 inch wheels),N,False,0,0,208,206.0,0.0,210.0,0.0,Automatic (A1),81.006,0.0,82.3958,0.0,Standard Sport Utility Vehicle 4WD,2025,5750,SQ8 e-tron,,,,,EV,,,138 and 157 kW Asynchron 3-Phase,VGA,,0.0,,Sun Aug 25 00:00:00 EDT 2024,Sun Aug 25 00:00:00 EDT 2024,N,0,0,0,,,,,,,,,2
0.0696,0.0,0.0,8.0,116.9,0,0.0,0.0,28.8323,0.0,0,-1,0.0,0.0,115.5585,0,0.0,29.1671,0.0,0.0,,,Rear-Wheel Drive,430,,9,650,0,Electricity,Electricity,10,-1,113.96,0,0.0,0.0,29.5762,0.0,0,0,48308,0,10,BMW,i4 eDrive35 Gran Coupe (18 inch Wheels),N,False,0,90,266,269.0,0.0,262.0,0.0,Automatic (A1),167.0,0.0,162.8,0.0,Compact Cars,2025,8750,i4,,,,,EV,,,250 kW EESM,BMX,,0.0,,Sun Aug 25 00:00:00 EDT 2024,Mon Dec 16 00:00:00 EST 2024,N,0,0,0,,,,,,,,,1
0.0768,0.0,0.0,8.0,108.22,0,0.0,0.0,31.1449,0.0,0,-1,0.0,0.0,106.223,0,0.0,31.7304,0.0,0.0,,,Rear-Wheel Drive,431,,9,700,0,Electricity,Electricity,10,-1,103.88,0,0.0,0.0,32.4461,0.0,0,0,48309,0,10,BMW,i4 eDrive35 Gran Coupe (19 inch Wheels),N,False,0,90,244,248.0,0.0,239.0,0.0,Automatic (A1),154.6,0.0,148.4,0.0,Compact Cars,2025,8500,i4,,,,,EV,,,250 kW EESM,BMX,,0.0,,Sun Aug 25 00:00:00 EDT 2024,Mon Dec 16 00:00:00 EST 2024,N,0,0,0,,,,,,,,,1
0.072,0.0,0.0,10.0,112.63,0,0.0,0.0,29.9254,0.0,0,-1,0.0,0.0,111.7716,0,0.0,30.1552,0.0,0.0,,,Rear-Wheel Drive,440,,9,700,0,Electricity,Electricity,10,-1,110.74,0,0.0,0.0,30.4362,0.0,0,0,48310,0,10,BMW,i4 eDrive40 Gran Coupe (18 inch wheels),N,False,0,90,318,320.0,0.0,315.0,0.0,Automatic (A1),160.9,0.0,158.2,0.0,Compact Cars,2025,8500,i4,,,,,EV,,,250 kW EESM,BMX,,0.0,,Sun Aug 25 00:00:00 EDT 2024,Tue Sep 10 00:00:00 EDT 2024,N,0,0,0,,,,,,,,,2
0.0768,0.0,0.0,10.0,105.56,0,0.0,0.0,31.9297,0.0,0,-1,0.0,0.0,104.3138,0,0.0,32.3112,0.0,0.0,,,Rear-Wheel Drive,441,,9,750,0,Electricity,Electricity,10,-1,102.83,0,0.0,0.0,32.7774,0.0,0,0,48311,0,10,BMW,i4 eDrive40 Gran Coupe (19 inch Wheels),N,False,0,90,295,298.0,0.0,291.0,0.0,Automatic (A1),150.8,0.0,146.9,0.0,Compact Cars,2025,8250,i4,,,,,EV,,,250 kW EESM,BMX,,0.0,,Sun Aug 25 00:00:00 EDT 2024,Tue Sep 10 00:00:00 EDT 2024,N,0,0,0,,,,,,,,,1
0.0863999999999999,0.0,0.0,10.0,92.6388,0,0.0,0.0,36.3833,0.0,0,-1,0.0,0.0,93.9581,0,0.0,35.8724,0.0,0.0,,,All-Wheel Drive,450,,9,800,0,Electricity,Electricity,10,-1,95.6225,0,0.0,0.0,35.248,0.0,0,0,48312,0,10,BMW,i4 M50 Gran Coupe (19 inch wheels),N,False,0,90,267,263.0,0.0,272.0,0.0,Automatic (A1),130.4,0.0,134.6,0.0,Compact Cars,2025,8000,i4,,,,,EV,,,190 and 230 kW EESM,BMX,,0.0,,Sun Aug 25 00:00:00 EDT 2024,Tue Sep 10 00:00:00 EDT 2024,N,0,0,0,,,,,,,,,1
0.1008,0.0,0.0,10.0,79.7802,0,0.0,0.0,42.2473,0.0,0,-1,0.0,0.0,79.9397,0,0.0,42.1631,0.0,0.0,,,All-Wheel Drive,451,,9,950,0,Electricity,Electricity,10,-1,80.1354,0,0.0,0.0,42.0601,0.0,0,0,48313,0,10,BMW,i4 M50 Gran Coupe (20 inch wheels),N,False,0,90,227,227.0,0.0,228.0,0.0,Automatic (A1),112.3,0.0,112.8,0.0,Compact Cars,2025,7250,i4,,,,,EV,,,190 and 230 kW EESM,BMX,,0.0,,Sun Aug 25 00:00:00 EDT 2024,Tue Sep 10 00:00:00 EDT 2024,N,0,0,0,,,,,,,,,1
0.0791999999999999,0.0,0.0,10.0,99.19,0,0.0,0.0,33.9802,0.0,0,-1,0.0,0.0,100.8863,0,0.0,33.4089,0.0,0.0,,,All-Wheel Drive,445,,9,750,0,Electricity,Electricity,10,-1,103.04,0,0.0,0.0,32.7106,0.0,0,0,48314,0,10,BMW,i4 xDrive40 Gran Coupe (18 inch Wheels),N,False,0,90,287,282.0,0.0,293.0,0.0,Automatic (A1),141.7,0.0,147.2,0.0,Compact Cars,2025,8250,i4,,,,,EV,,,190 and 230 kW EESM,BMX,,0.0,,Sun Aug 25 00:00:00 EDT 2024,Tue Sep 10 00:00:00 EDT 2024,N,0,0,0,,,,,,,,,3
0.0863999999999999,0.0,0.0,10.0,92.82,0,0.0,0.0,36.3122,0.0,0,-1,0.0,0.0,93.6611,0,0.0,35.9861,0.0,0.0,,,All-Wheel Drive,446,,9,800,0,Electricity,Electricity,10,-1,94.71,0,0.0,0.0,35.5876,0.0,0,0,48315,0,10,BMW,i4 xDrive40 Gran Coupe (19 inch Wheels),Y,False,0,90,268,266.0,0.0,271.0,0.0,Automatic (A1),132.6,0.0,135.3,0.0,Compact Cars,2025,8000,i4,,,,,EV,,,190 and 230 kW EESM,BMX,,0.0,,Sun Aug 25 00:00:00 EDT 2024,Tue Sep 10 00:00:00 EDT 2024,N,0,0,0,,,,,,,,,3
0.0768,0.0,0.0,10.0,104.3,0,0.0,0.0,32.3154,0.0,0,-1,0.0,0.0,104.6451,0,0.0,32.2089,0.0,0.0,,,Rear-Wheel Drive,509,,9,700,0,Electricity,Electricity,10,-1,105.07,0,0.0,0.0,32.0786,0.0,0,0,48316,0,11,BMW,i5 eDrive40 Sedan (19 inch Wheels),N,False,0,98,295,294.0,0.0,296.0,0.0,Automatic (A1),149.0,0.0,150.1,0.0,Compact Cars,2025,8500,i5,,,,,EV,,,250 kW EESM,BMX,,0.0,,Sun Aug 25 00:00:00 EDT 2024,Tue Sep 10 00:00:00 EDT 2024,N,0,0,0,,,,,,,,,3
0.0815999999999999,0.0,0.0,10.0,99.26,0,0.0,0.0,33.9563,0.0,0,-1,0.0,0.0,98.529,0,0.0,34.2082,0.0,0.0,,,Rear-Wheel Drive,510,,9,750,0,Electricity,Electricity,10,-1,97.65,0,0.0,0.0,34.5161,0.0,0,0,48317,0,11,BMW,i5 eDrive40 Sedan (20 inch Wheels),N,False,0,98,278,280.0,0.0,276.0,0.0,Automatic (A1),141.8,0.0,139.5,0.0,Compact Cars,2025,8250,i5,,,,,EV,,,250 kW EESM,BMX,,0.0,,Sun Aug 25 00:00:00 EDT 2024,Tue Sep 10 00:00:00 EDT 2024,N,0,0,0,,,,,,,,,3
0.0839999999999999,0.0,0.0,10.0,97.16,0,0.0,0.0,34.6902,0.0,0,-1,0.0,0.0,95.5532,0,0.0,35.2736,0.0,0.0,,,Rear-Wheel Drive,511,,9,800,0,Electricity,Electricity,10,-1,93.66,0,0.0,0.0,35.9865,0.0,0,0,48318,0,11,BMW,i5 eDrive40 Sedan (21 inch Wheels),N,False,0,98,271,275.0,0.0,266.0,0.0,Automatic (A1),138.8,0.0,133.8,0.0,Compact Cars,2025,8000,i5,,,,,EV,,,250 kW EESM,BMX,,0.0,,Sun Aug 25 00:00:00 EDT 2024,Tue Sep 10 00:00:00 EDT 2024,N,0,0,0,,,,,,,,,1
0.0911999999999999,0.0,0.0,10.0,88.55,0,0.0,0.0,38.0632,0.0,0,-1,0.0,0.0,89.8189,0,0.0,37.5255,0.0,0.0,,,All-Wheel Drive,525,,9,850,0,Electricity,Electricity,10,-1,91.42,0,0.0,0.0,36.8683,0.0,0,0,48319,0,11,BMW,i5 M60 xDrive Sedan (19 inch Wheels),N,False,0,98,253,249.0,0.0,257.0,0.0,Automatic (A1),126.5,0.0,130.6,0.0,Compact Cars,2025,7750,i5,,,,,EV,,,190 and 230 kW EESM,BMX,,0.0,,Sun Aug 25 00:00:00 EDT 2024,Tue Sep 10 00:00:00 EDT 2024,N,0,0,0,,,,,,,,,1
0.0911999999999999,0.0,0.0,10.0,87.85,0,0.0,0.0,38.3665,0.0,0,-1,0.0,0.0,88.1324,0,0.0,38.2436,0.0,0.0,,,All-Wheel Drive,526,,9,850,0,Electricity,Electricity,10,-1,88.48,0,0.0,0.0,38.0934,0.0,0,0,48320,0,11,BMW,i5 M60 xDrive Sedan (20 inch Wheels),N,False,0,98,250,249.0,0.0,251.0,0.0,Automatic (A1),125.5,0.0,126.4,0.0,Compact Cars,2025,7750,i5,,,,,EV,,,190 and 230 kW EESM,BMX,,0.0,,Sun Aug 25 00:00:00 EDT 2024,Tue Sep 10 00:00:00 EDT 2024,N,0,0,0,,,,,,,,,0
0.096,0.0,0.0,10.0,83.44,0,0.0,0.0,40.3943,0.0,0,-1,0.0,0.0,84.0023,0,0.0,40.1239,0.0,0.0,,,All-Wheel Drive,527,,9,900,0,Electricity,Electricity,10,-1,84.7,0,0.0,0.0,39.7934,0.0,0,0,48321,0,11,BMW,i5 M60 xDrive Sedan (21 inch Wheels),N,False,0,98,239,237.0,0.0,241.0,0.0,Automatic (A1),119.2,0.0,121.0,0.0,Compact Cars,2025,7500,i5,,,,,EV,,,190 and 230 kW EESM,BMX,,0.0,,Sun Aug 25 00:00:00 EDT 2024,Tue Sep 10 00:00:00 EDT 2024,N,0,0,0,,,,,,,,,1
0.0863999999999999,0.0,0.0,10.0,92.0622,0,0.0,0.0,36.6111,0.0,0,-1,0.0,0.0,93.2513,0,0.0,36.1443,0.0,0.0,,,All-Wheel Drive,515,,9,800,0,Electricity,Electricity,10,-1,94.747,0,0.0,0.0,35.5737,0.0,0,0,48322,0,11,BMW,i5 xDrive40 Sedan (19 inch Wheels),N,False,0,98,266,263.0,0.0,270.0,0.0,Automatic (A1),130.3,0.0,134.1,0.0,Compact Cars,2025,8000,i5,,,,,EV,,,190 and 230 kW EESM,BMX,,0.0,,Sun Aug 25 00:00:00 EDT 2024,Tue Sep 10 00:00:00 EDT 2024,N,0,0,0,,,,,,,,,0
0.0863999999999999,0.0,0.0,10.0,91.9209,0,0.0,0.0,36.6674,0.0,0,-1,0.0,0.0,92.8627,0,0.0,36.2955,0.0,0.0,,,All-Wheel Drive,516,,9,800,0,Electricity,Electricity,10,-1,94.0405,0,0.0,0.0,35.841,0.0,0,0,48323,0,11,BMW,i5 xDrive40 Sedan (20 inch Wheels),N,False,0,98,262,259.0,0.0,265.0,0.0,Automatic (A1),130.1,0.0,133.1,0.0,Compact Cars,2025,8000,i5,,,,,EV,,,192 and 250 kW EESM,BMX,,0.0,,Sun Aug 25 00:00:00 EDT 2024,Tue Sep 10 00:00:00 EDT 2024,N,0,0,0,,,,,,,,,0
0.0936,0.0,0.0,10.0,86.4805,0,0.0,0.0,38.9741,0.0,0,-1,0.0,0.0,86.8285,0,0.0,38.8179,0.0,0.0,,,All-Wheel Drive,517,,9,850,0,Electricity,Electricity,10,-1,87.2577,0,0.0,0.0,38.627,0.0,0,0,48324,0,11,BMW,i5 xDrive40 Sedan (21 inch Wheels),N,False,0,98,248,247.0,0.0,249.0,0.0,Automatic (A1),122.4,0.0,123.5,0.0,Compact Cars,2025,7750,i5,,,,,EV,,,192 and 250 kW EESM,BMX,,0.0,,Sun Aug 25 00:00:00 EDT 2024,Tue Sep 10 00:00:00 EDT 2024,N,0,0,0,,,,,,,,,1
0.0911999999999999,0.0,0.0,12.0,84.63,0,0.0,0.0,39.8263,0.0,0,-1,0.0,0.0,88.2426,0,0.0,38.1958,0.0,0.0,,,Rear-Wheel Drive,709,,9,850,0,Electricity,Electricity,10,-1,93.1,0,0.0,0.0,36.203,0.0,0,0,48325,0,11,BMW,i7 eDrive50 Sedan (19 inch Wheels),N,False,0,109,314,300.0,0.0,331.0,0.0,Automatic (A1),120.9,0.0,133.0,0.0,Large Cars,2025,7750,i7,,,,,EV,,,335 kW EESM,BMX,,0.0,,Sun Aug 25 00:00:00 EDT 2024,Tue Sep 10 00:00:00 EDT 2024,N,0,0,0,,,,,,,,,1
0.096,0.0,0.0,12.0,81.55,0,0.0,0.0,41.3305,0.0,0,-1,0.0,0.0,84.5293,0,0.0,39.8738,0.0,0.0,,,Rear-Wheel Drive,710,,9,900,0,Electricity,Electricity,10,-1,88.48,0,0.0,0.0,38.0934,0.0,0,0,48326,0,11,BMW,i7 eDrive50 Sedan (20 inch Wheels),N,False,0,109,301,290.0,0.0,315.0,0.0,Automatic (A1),116.5,0.0,126.4,0.0,Large Cars,2025,7500,i7,,,,,EV,,,335 kW EESM,BMX,,0.0,,Sun Aug 25 00:00:00 EDT 2024,Tue Sep 10 00:00:00 EDT 2024,N,0,0,0,,,,,,,,,3
0.0936,0.0,0.0,12.0,83.93,0,0.0,0.0,40.1585,0.0,0,-1,0.0,0.0,86.5362,0,0.0,38.949,0.0,0.0,,,Rear-Wheel Drive,711,,9,900,0,Electricity,Electricity,10,-1,89.95,0,0.0,0.0,37.4708,0.0,0,0,48327,0,11,BMW,i7 eDrive50 Sedan (21 inch Wheels),N,False,0,109,307,297.0,0.0,319.0,0.0,Automatic (A1),119.9,0.0,128.5,0.0,Large Cars,2025,7500,i7,,,,,EV,,,335 kW EESM,BMX,,0.0,,Sun Aug 25 00:00:00 EDT 2024,Tue Sep 10 00:00:00 EDT 2024,N,0,0,0,,,,,,,,,0
0.108,0.0,0.0,12.0,72.24,0,0.0,0.0,46.657,0.0,0,-1,0.0,0.0,74.9739,0,0.0,44.9556,0.0,0.0,,,All-Wheel Drive,730,,9,1000,0,Electricity,Electricity,10,-1,78.61,0,0.0,0.0,42.8762,0.0,0,0,48328,0,11,BMW,i7 M70 xDrive Sedan (20 inch Wheels),N,False,0,109,268,258.0,0.0,281.0,0.0,Automatic (A1),103.2,0.0,112.3,0.0,Large Cars,2025,7000,i7,,,,,EV,,,190 and 360 kW EESM,BMX,,0.0,,Sun Aug 25 00:00:00 EDT 2024,Tue Sep 10 00:00:00 EDT 2024,N,0,0,0,,,,,,,,,0
0.1008,0.0,0.0,12.0,76.86,0,0.0,0.0,43.8525,0.0,0,-1,0.0,0.0,79.3992,0,0.0,42.4501,0.0,0.0,,,All-Wheel Drive,731,,9,950,0,Electricity,Electricity,10,-1,82.74,0,0.0,0.0,40.736,0.0,0,0,48329,0,11,BMW,i7 M70 xDrive Sedan (21 inch Wheels),N,False,0,109,285,276.0,0.0,297.0,0.0,Automatic (A1),109.8,0.0,118.2,0.0,Large Cars,2025,7250,i7,,,,,EV,,,190 and 360 kW EESM,BMX,,0.0,,Sun Aug 25 00:00:00 EDT 2024,Tue Sep 10 00:00:00 EDT 2024,N,0,0,0,,,,,,,,,1
0.0911999999999999,0.0,0.0,12.0,85.4,0,0.0,0.0,39.4672,0.0,0,-1,0.0,0.0,87.7442,0,0.0,38.4128,0.0,0.0,,,All-Wheel Drive,719,,9,850,0,Electricity,Electricity,10,-1,90.79,0,0.0,0.0,37.1241,0.0,0,0,48330,0,14,BMW,i7 xDrive60 Sedan (19 inch wheels),N,False,0,109,311,302.0,0.0,321.0,0.0,Automatic (A1),122.0,0.0,129.7,0.0,Large Cars,2025,7750,i7,,,,,EV,,,190 and 230 kW EESM,BMX,,0.0,,Sun Aug 25 00:00:00 EDT 2024,Tue Sep 10 00:00:00 EDT 2024,N,0,0,0,,,,,,,,,1
0.0984,0.0,0.0,12.0,80.57,0,0.0,0.0,41.8332,0.0,0,-1,0.0,0.0,82.7036,0,0.0,40.754,0.0,0.0,,,All-Wheel Drive,720,,9,900,0,Electricity,Electricity,10,-1,85.47,0,0.0,0.0,39.4349,0.0,0,0,48331,0,14,BMW,i7 xDrive60 Sedan (20 inch wheels),N,False,0,109,296,288.0,0.0,306.0,0.0,Automatic (A1),115.1,0.0,122.1,0.0,Large Cars,2025,7500,i7,,,,,EV,,,190 and 230 kW EESM,BMX,,0.0,,Sun Aug 25 00:00:00 EDT 2024,Tue Sep 10 00:00:00 EDT 2024,N,0,0,0,,,,,,,,,1
0.0936,0.0,0.0,12.0,84.98,0,0.0,0.0,39.6623,0.0,0,-1,0.0,0.0,86.9392,0,0.0,38.7685,0.0,0.0,,,All-Wheel Drive,721,,9,850,0,Electricity,Electricity,10,-1,89.46,0,0.0,0.0,37.6761,0.0,0,0,48332,0,14,BMW,i7 xDrive60 Sedan (21inch wheels),N,False,0,109,308,301.0,0.0,317.0,0.0,Automatic (A1),121.4,0.0,127.8,0.0,Large Cars,2025,7750,i7,,,,,EV,,,190 and 230 kW EESM,BMX,,0.0,,Sun Aug 25 00:00:00 EDT 2024,Tue Sep 10 00:00:00 EDT 2024,N,0,0,0,,,,,,,,,1
0.1056,0.0,0.0,13.0,74.83,0,0.0,0.0,45.0421,0.0,0,-1,0.0,0.0,75.913,0,0.0,44.3995,0.0,0.0,,,All-Wheel Drive,131,,9,1000,0,Electricity,Electricity,10,-1,77.28,0,0.0,0.0,43.6141,0.0,0,0,48333,0,0,BMW,iX M60 (21 inch Wheels),N,False,0,0,284,280.0,0.0,289.0,0.0,Automatic (A1),106.9,0.0,110.4,0.0,Standard Sport Utility Vehicle 4WD,2025,7000,iX,,,,,EV,,,190 and 360 kW EESM,BMX,,0.0,,Sun Aug 25 00:00:00 EDT 2024,Tue Sep 10 00:00:00 EDT 2024,N,0,0,0,,,,,,,,,3
0.1056,0.0,0.0,13.0,75.25,0,0.0,0.0,44.7907,0.0,0,-1,0.0,0.0,77.054,0,0.0,43.742,0.0,0.0,,,All-Wheel Drive,132,,9,1000,0,Electricity,Electricity,10,-1,79.38,0,0.0,0.0,42.4603,0.0,0,0,48334,0,0,BMW,iX M60 (22 inch Wheels),N,False,0,0,285,278.0,0.0,293.0,0.0,Automatic (A1),107.5,0.0,113.4,0.0,Standard Sport Utility Vehicle 4WD,2025,7000,iX,,,,,EV,,,190 and 360 kW EESM,BMX,,0.0,,Sun Aug 25 00:00:00 EDT 2024,Tue Sep 10 00:00:00 EDT 2024,N,0,0,0,,,,,,,,,1
0.0936,0.0,0.0,9.0,86.66,0,0.0,0.0,38.8934,0.0,0,-1,0.0,0.0,85.8637,0,0.0,39.2541,0.0,0.0,,,All-Wheel Drive,110,,9,900,0,Electricity,Electricity,10,-1,84.91,0,0.0,0.0,39.695,0.0,0,0,48335,0,0,BMW,iX xDrive40 (20 inch Wheels),N,False,0,0,217,219.0,0.0,215.0,0.0,Automatic (A1),123.8,0.0,121.3,0.0,Standard Sport Utility Vehicle 4WD,2025,7500,iX,,,,,EV,,,190 and 230 kW EESM,BMX,,0.0,,Sun Aug 25 00:00:00 EDT 2024,Mon Nov 18 00:00:00 EST 2024,N,0,0,0,,,,,,,,,1
0.0984,0.0,0.0,9.0,84.28,0,0.0,0.0,39.9917,0.0,0,-1,0.0,0.0,82.9311,0,0.0,40.6422,0.0,0.0,,,All-Wheel Drive,111,,9,900,0,Electricity,Electricity,10,-1,81.34,0,0.0,0.0,41.4372,0.0,0,0,48336,0,0,BMW,iX xDrive40 (21 inch Wheels),N,False,0,0,211,214.0,0.0,207.0,0.0,Automatic (A1),120.4,0.0,116.2,0.0,Standard Sport Utility Vehicle 4WD,2025,7500,iX,,,,,EV,,,190 and 230 kW EESM,BMX,,0.0,,Sun Aug 25 00:00:00 EDT 2024,Mon Nov 18 00:00:00 EST 2024,N,0,0,0,,,,,,,,,1
0.0936,0.0,0.0,9.0,89.11,0,0.0,0.0,37.824,0.0,0,-1,0.0,0.0,87.3684,0,0.0,38.578,0.0,0.0,,,All-Wheel Drive,112,,9,850,0,Electricity,Electricity,10,-1,85.33,0,0.0,0.0,39.4996,0.0,0,0,48337,0,0,BMW,iX xDrive40 (22 inch Wheels),N,False,0,0,219,223.0,0.0,214.0,0.0,Automatic (A1),127.3,0.0,121.9,0.0,Standard Sport Utility Vehicle 4WD,2025,7750,iX,,,,,EV,,,190 and 230 kW EESM,BMX,,0.0,,Sun Aug 25 00:00:00 EDT 2024,Mon Nov 18 00:00:00 EST 2024,N,0,0,0,,,,,,,,,3
0.0984,0.0,0.0,13.0,82.25,0,0.0,0.0,40.9787,0.0,0,-1,0.0,0.0,83.0284,0,0.0,40.5945,0.0,0.0,,,All-Wheel Drive,120,,9,900,0,Electricity,Electricity,10,-1,84.0,0,0.0,0.0,40.125,0.0,0,0,48338,0,0,BMW,iX xDrive50 (20 inch wheels),N,False,0,0,309,306.0,0.0,313.0,0.0,Automatic (A1),117.5,0.0,120.0,0.0,Standard Sport Utility Vehicle 4WD,2025,7500,iX,,,,,EV,,,190 and 230 kW EESM,BMX,,0.0,,Sun Aug 25 00:00:00 EDT 2024,Tue Sep 10 00:00:00 EDT 2024,N,0,0,0,,,,,,,,,3
0.0984,0.0,0.0,13.0,81.62,0,0.0,0.0,41.295,0.0,0,-1,0.0,0.0,81.3353,0,0.0,41.4396,0.0,0.0,,,All-Wheel Drive,121,,9,950,0,Electricity,Electricity,10,-1,80.99,0,0.0,0.0,41.6162,0.0,0,0,48339,0,0,BMW,iX xDrive50 (21 inch wheels),N,False,0,0,303,304.0,0.0,302.0,0.0,Automatic (A1),116.6,0.0,115.7,0.0,Standard Sport Utility Vehicle 4WD,2025,7250,iX,,,,,EV,,,190 and 230 kW EESM,BMX,,0.0,,Sun Aug 25 00:00:00 EDT 2024,Tue Sep 10 00:00:00 EDT 2024,N,0,0,0,,,,,,,,,3
0.0984,0.0,0.0,13.0,81.55,0,0.0,0.0,41.3305,0.0,0,-1,0.0,0.0,81.2335,0,0.0,41.4915,0.0,0.0,,,All-Wheel Drive,122,,9,950,0,Electricity,Electricity,10,-1,80.85,0,0.0,0.0,41.6883,0.0,0,0,48340,0,0,BMW,iX xDrive50 (22 inch wheels),N,False,0,0,302,303.0,0.0,301.0,0.0,Automatic (A1),116.5,0.0,115.5,0.0,Standard Sport Utility Vehicle 4WD,2025,7250,iX,,,,,EV,,,190 and 230 kW EESM,BMX,,0.0,,Sun Aug 25 00:00:00 EDT 2024,Tue Sep 10 00:00:00 EDT 2024,N,0,0,0,,,,,,,,,1
0.1512,0.0,0.0,17.6,52.5,0,0.0,0.0,64.2,0.0,0,-1,0.0,0.0,53.2733,0,0.0,63.2681,0.0,0.0,,,4-Wheel Drive,777,,8,1400,0,Electricity,Electricity,10,-1,54.25,0,0.0,0.0,62.129,0.0,0,0,48341,4,0,Bugatti Rimac,Nevera,N,False,45,0,204,201.0,0.0,208.0,0.0,Automatic (A1),75.0,0.0,77.5,0.0,Two Seaters,2025,5000,Nevera,,,,,EV,,,"226, 226, 450 and 450 kW AC Induction",BGR,,0.0,,Sun Aug 25 00:00:00 EDT 2024,Mon Dec 16 00:00:00 EST 2024,N,0,0,0,,,,,,,,,1
0.0863999999999999,0.0,0.0,9.5,102.12,0,0.0,0.0,33.0021,0.0,0,-1,0.0,0.0,94.5733,0,0.0,35.639,0.0,0.0,,,All-Wheel Drive,401,,9,800,0,Electricity,Electricity,10,-1,86.73,0,0.0,0.0,38.862,0.0,0,0,48342,0,26,Chevrolet,Blazer EV AWD,N,False,0,104,283,304.0,0.0,258.0,0.0,Automatic (A1),145.9,0.0,123.9,0.0,Small Sport Utility Vehicle 4WD,2025,8000,Blazer,,,,,EV,,,67 and 180 kW AC Induction,GMX,,0.0,,Sun Aug 25 00:00:00 EDT 2024,Mon Nov 18 00:00:00 EST 2024,N,0,0,0,97.0,,8.4,,11.5,195.0,CCS,,1
0.1536,0.0,0.0,11.2,59.01,0,0.0,0.0,57.1174,0.0,0,-1,0.0,0.0,52.7468,0,0.0,63.8996,0.0,0.0,,,All-Wheel Drive,486,,8,1450,0,Electricity,Electricity,10,-1,46.69,0,0.0,0.0,72.1889,0.0,0,0,48343,0,0,GMC,Hummer EV Pickup 2X,N,False,0,0,318,351.0,0.0,278.0,0.0,Automatic (A1),84.3,0.0,66.7,0.0,Standard Pickup Trucks 4WD,2025,4750,Hummer EV,,,,,EV,,,195 and 215 kW ACPM,GMX,,0.0,,Sun Aug 25 00:00:00 EDT 2024,Thu Oct 17 00:00:00 EDT 2024,N,0,0,0,,,,,,,,,1
0.156,0.0,0.0,11.2,57.54,0,0.0,0.0,58.5766,0.0,0,-1,0.0,0.0,51.7373,0,0.0,65.1464,0.0,0.0,,,All-Wheel Drive,490,,8,1450,0,Electricity,Electricity,10,-1,46.06,0,0.0,0.0,73.1763,0.0,0,0,48344,0,0,GMC,Hummer EV Pickup 3X,N,False,0,0,312,343.0,0.0,274.0,0.0,Automatic (A1),82.2,0.0,65.8,0.0,Standard Pickup Trucks 4WD,2025,4750,Hummer EV,,,,,EV,,,"195, 195 and 195 kW ACPM",GMX,,0.0,,Sun Aug 25 00:00:00 EDT 2024,Thu Oct 17 00:00:00 EDT 2024,N,0,0,0,,,,,,,,,1
0.1727999999999999,0.0,0.0,11.2,51.73,0,0.0,0.0,65.1556,0.0,0,-1,0.0,0.0,47.0025,0,0.0,71.709,0.0,0.0,,,All-Wheel Drive,488,,8,1600,0,Electricity,Electricity,10,-1,42.28,0,0.0,0.0,79.7185,0.0,0,0,48345,0,0,GMC,Hummer EV Pickup MT Tires 2X,N,False,0,0,282,307.0,0.0,251.0,0.0,Automatic (A1),73.9,0.0,60.4,0.0,Standard Pickup Trucks 4WD,2025,4000,Hummer EV,,,,,EV,,,195 and 215 kW ACPM,GMX,,0.0,,Sun Aug 25 00:00:00 EDT 2024,Thu Oct 17 00:00:00 EDT 2024,N,0,0,0,,,,,,,,,1
0.1679999999999999,0.0,0.0,11.2,52.64,0,0.0,0.0,64.0293,0.0,0,-1,0.0,0.0,47.9604,0,0.0,70.2768,0.0,0.0,,,All-Wheel Drive,492,,8,1600,0,Electricity,Electricity,10,-1,43.26,0,0.0,0.0,77.9126,0.0,0,0,48346,0,0,GMC,Hummer EV Pickup MT Tires 3X,N,False,0,0,289,314.0,0.0,258.0,0.0,Automatic (A1),75.2,0.0,61.8,0.0,Standard Pickup Trucks 4WD,2025,4000,Hummer EV,,,,,EV,,,"195, 195 and 215 kW ACPM",GMX,,0.0,,Sun Aug 25 00:00:00 EDT 2024,Thu Oct 17 00:00:00 EDT 2024,N,0,0,0,,,,,,,,,1
0.1536,0.0,0.0,11.2,59.22,0,0.0,0.0,56.9149,0.0,0,-1,0.0,0.0,52.7176,0,0.0,63.935,0.0,0.0,,,All-Wheel Drive,485,,8,1450,0,Electricity,Electricity,10,-1,46.48,0,0.0,0.0,72.5151,0.0,0,0,48347,0,0,GMC,Hummer EV SUV 2X,N,False,0,0,315,349.0,0.0,274.0,0.0,Automatic (A1),84.6,0.0,66.4,0.0,Standard Sport Utility Vehicle 4WD,2025,4750,Hummer EV,,,,,EV,,,195 and 215 kW ACPM,GMX,,0.0,,Sun Aug 25 00:00:00 EDT 2024,Thu Oct 17 00:00:00 EDT 2024,N,0,0,0,,,,,,,,,1
0.156,0.0,0.0,11.2,57.54,0,0.0,0.0,58.5766,0.0,0,-1,0.0,0.0,51.7373,0,0.0,65.1464,0.0,0.0,,,All-Wheel Drive,489,,8,1450,0,Electricity,Electricity,10,-1,46.06,0,0.0,0.0,73.1763,0.0,0,0,48348,0,0,GMC,Hummer EV SUV 3X,N,False,0,0,312,343.0,0.0,274.0,0.0,Automatic (A1),82.2,0.0,65.8,0.0,Standard Sport Utility Vehicle 4WD,2025,4750,Hummer EV,,,,,EV,,,"195, 195 and 215 kW ACPM",GMX,,0.0,,Sun Aug 25 00:00:00 EDT 2024,Thu Oct 17 00:00:00 EDT 2024,N,0,0,0,,,,,,,,,1
0.1727999999999999,0.0,0.0,11.2,51.73,0,0.0,0.0,65.1556,0.0,0,-1,0.0,0.0,47.0025,0,0.0,71.709,0.0,0.0,,,All-Wheel Drive,487,,8,1600,0,Electricity,Electricity,10,-1,42.28,0,0.0,0.0,79.7185,0.0,0,0,48349,0,0,GMC,Hummer EV SUV MT Tires 2X,N,False,0,0,282,307.0,0.0,251.0,0.0,Automatic (A1),73.9,0.0,60.4,0.0,Standard Sport Utility Vehicle 4WD,2025,4000,Hummer EV,,,,,EV,,,195 and 215 kW ACPM,GMX,,0.0,,Sun Aug 25 00:00:00 EDT 2024,Thu Oct 17 00:00:00 EDT 2024,N,0,0,0,,,,,,,,,3
0.1679999999999999,0.0,0.0,11.2,52.64,0,0.0,0.0,64.0293,0.0,0,-1,0.0,0.0,47.9604,0,0.0,70.2768,0.0,0.0,,,All-Wheel Drive,491,,8,1600,0,Electricity,Electricity,10,-1,43.26,0,0.0,0.0,77.9126,0.0,0,0,48350,0,0,GMC,Hummer EV SUV MT Tires 3X,N,False,0,0,289,314.0,0.0,258.0,0.0,Automatic (A1),75.2,0.0,61.8,0.0,Standard Sport Utility Vehicle 4WD,2025,4000,Hummer EV,,,,,EV,,,"195, 195 and 215 kW ACPM",GMX,,0.0,,Sun Aug 25 00:00:00 EDT 2024,Thu Oct 17 00:00:00 EDT 2024,N,0,0,0,,,,,,,,,1
0.0839999999999999,0.0,0.0,9.0,105.0,0,0.0,0.0,32.0,0.0,0,-1,0.0,0.0,97.0,0,0.0,35.0,0.0,0.0,,,All-Wheel Drive,5,,9,800,0,Electricity,Electricity,10,-1,89.0,0,0.0,0.0,38.0,0.0,0,0,48351,0,13,Genesis,Electrified G80,N,False,0,99,282,304.0,0.0,256.0,0.0,Automatic (A1),154.8,0.0,132.1,0.0,Midsize Cars,2025,8000,G80,,,,,EV,,,136 and 136 kW PMSM,HYX,,0.0,,Sun Aug 25 00:00:00 EDT 2024,Sun Aug 25 00:00:00 EDT 2024,N,0,0,0,80.7,,7.3,,11.0,235.0,CCS,,0
0.072,0.0,0.0,7.2,125.0,0,0.0,0.0,27.0,0.0,0,-1,0.0,0.0,112.0,0,0.0,30.0,0.0,0.0,,,Rear-Wheel Drive,1,,9,700,0,Electricity,Electricity,10,-1,99.0,0,0.0,0.0,34.0,0.0,0,0,48352,0,24,Genesis,GV60 RWD,N,False,0,102,294,324.0,0.0,257.0,0.0,Automatic (A1),187.1,0.0,147.9,0.0,Small Sport Utility Vehicle 2WD,2025,8500,GV60,,,,,EV,,,168 kW PMSM (IPM),HYX,,0.0,,Sun Aug 25 00:00:00 EDT 2024,Thu Oct 17 00:00:00 EDT 2024,N,0,0,0,74.0,,6.7,,11.0,235.0,CCS,,0
0.0887999999999999,0.0,0.0,7.9,98.07,0,0.0,0.0,34.3683,0.0,0,-1,0.0,0.0,90.7108,0,0.0,37.1566,0.0,0.0,,,All-Wheel Drive,68,,9,850,0,Electricity,Electricity,10,-1,83.09,0,0.0,0.0,40.5644,0.0,0,0,48353,0,29,Genesis,Electrified GV70,N,False,0,103,236,253.0,0.0,215.0,0.0,Automatic (A1),140.1,0.0,118.7,0.0,Small Sport Utility Vehicle 4WD,2025,7750,GV70,,,,,EV,,,74 and 160 kW PMSM,HYX,,0.0,,Sun Aug 25 00:00:00 EDT 2024,Sun Aug 25 00:00:00 EDT 2024,N,0,0,0,,,,,,,,,0
0.0839999999999999,0.0,0.0,7.2,103.25,0,0.0,0.0,32.6441,0.0,0,-1,0.0,0.0,94.947,0,0.0,35.4988,0.0,0.0,,,All-Wheel Drive,3,,9,800,0,Electricity,Electricity,10,-1,86.45,0,0.0,0.0,38.9879,0.0,0,0,48354,0,24,Genesis,GV60 AWD Advanced (20 inch Wheels),N,False,0,102,248,268.0,0.0,224.0,0.0,Automatic (A1),147.5,0.0,123.5,0.0,Small Sport Utility Vehicle 4WD,2025,8000,GV60,,,,,EV,,,74 and 160 kW PMSM,HYX,,0.0,,Sun Aug 25 00:00:00 EDT 2024,Thu Oct 17 00:00:00 EDT 2024,N,0,0,0,,,,,,,,,0
0.0887999999999999,0.0,0.0,7.2,97.0,0,0.0,0.0,35.0,0.0,0,-1,0.0,0.0,90.0,0,0.0,36.8341,0.0,0.0,,,All-Wheel Drive,4,,9,850,0,Electricity,Electricity,10,-1,82.0,0,0.0,0.0,41.0,0.0,0,0,48355,0,24,Genesis,GV60 AWD Performance,N,False,0,102,235,252.0,0.0,215.0,0.0,Automatic (A1),141.6,0.0,119.5,0.0,Small Sport Utility Vehicle 4WD,2025,7750,GV60,,,,,EV,,,74 and 160 kW PMSM,HYX,,0.0,,Sun Aug 25 00:00:00 EDT 2024,Thu Oct 17 00:00:00 EDT 2024,N,0,0,0,74.0,,6.7,,11.0,235.0,CCS,,0
0.0815999999999999,0.0,0.0,7.2,110.0,0,0.0,0.0,31.0,0.0,0,-1,0.0,0.0,100.0,0,0.0,34.0,0.0,0.0,,,All-Wheel Drive,2,,9,750,0,Electricity,Electricity,10,-1,90.0,0,0.0,0.0,38.0,0.0,0,0,48356,0,24,Genesis,GV60 AWD (19 inch Wheels),N,False,0,102,264,288.0,0.0,235.0,0.0,Automatic (A1),160.4,0.0,130.3,0.0,Small Sport Utility Vehicle 4WD,2025,8250,GV60,,,,,EV,,,74 and 160 kW PMSM,HYX,,0.0,,Sun Aug 25 00:00:00 EDT 2024,Thu Oct 17 00:00:00 EDT 2024,N,0,0,0,,,,,,,,,0
0.0696,0.0,0.0,6.7,128.8,0,0.0,0.0,26.1685,0.0,0,-1,0.0,0.0,115.8945,0,0.0,29.0825,0.0,0.0,,,Front-Wheel Drive,72,,9,650,0,Electricity,Electricity,10,-1,103.25,0,0.0,0.0,32.6441,0.0,0,0,48357,0,0,Hyundai,Kona Electric (17 inch Wheels),N,False,0,0,261,287.0,0.0,230.0,0.0,Automatic (A1),184.0,0.0,147.5,0.0,Small Sport Utility Vehicle 2WD,2025,8750,Kona,,,,,EV,,,150 kW PMSM (IPM),HYX,,0.0,,Sun Aug 25 00:00:00 EDT 2024,Sun Aug 25 00:00:00 EDT 2024,N,0,0,0,,,,,,,,,0
0.0744,0.0,0.0,6.9,113.0,0,0.0,0.0,28.0,0.0,0,-1,0.0,0.0,103.0,0,0.0,31.0,0.0,0.0,,,Front-Wheel Drive,74,,9,700,0,Electricity,Electricity,10,-1,93.0,0,0.0,0.0,34.0,0.0,0,0,48358,0,0,Hyundai,Kona Electric (19 inch Wheels),N,False,0,0,230,249.0,0.0,206.0,0.0,Automatic (A1),171.6,0.0,142.0,0.0,Small Sport Utility Vehicle 2WD,2025,8500,Kona,,,,,EV,,,150 kW PMSM (IPM),HYX,,0.0,,Sun Aug 25 00:00:00 EDT 2024,Sun Aug 25 00:00:00 EDT 2024,N,0,0,0,,,,,,,,,0
0.0696,0.0,0.0,5.1,131.32,0,0.0,0.0,25.6663,0.0,0,-1,0.0,0.0,118.1279,0,0.0,28.5326,0.0,0.0,,,Front-Wheel Drive,71,,9,650,0,Electricity,Electricity,10,-1,105.21,0,0.0,0.0,32.0359,0.0,0,0,48359,0,0,Hyundai,Kona Electric Standard Range,N,False,0,0,200,220.0,0.0,176.0,0.0,Automatic (A1),187.6,0.0,150.3,0.0,Small Sport Utility Vehicle 2WD,2025,8750,Kona,,,,,EV,,,99 kW PMSM (IPM),HYX,,0.0,,Sun Aug 25 00:00:00 EDT 2024,Sun Aug 25 00:00:00 EDT 2024,N,0,0,0,,,,,,,,,0
0.1032,0.0,0.0,8.7,84.0,0,0.0,0.0,40.0,0.0,0,-1,0.0,0.0,78.0,0,0.0,43.0,0.0,0.0,,,All-Wheel Drive,73,,9,950,0,Electricity,Electricity,10,-1,72.0,0,0.0,0.0,47.0,0.0,0,0,48360,0,0,Hyundai,Ioniq 5 N,N,False,0,0,221,237.0,0.0,202.0,0.0,Automatic (A1),125.8,0.0,108.3,0.0,Small Sport Utility Vehicle 4WD,2025,7250,Ioniq 5,,,,,EV,,,166 and 282 kW PMSM,HYX,,0.0,,Sun Aug 25 00:00:00 EDT 2024,Sun Aug 25 00:00:00 EDT 2024,N,0,0,0,,,,,,,,,0
0.0672,0.0,0.0,7.5,130.0,0,0.0,0.0,26.0,0.0,0,-1,0.0,0.0,121.0,0,0.0,28.0,0.0,0.0,,,All-Wheel Drive,62,,10,650,0,Electricity,Electricity,10,-1,111.0,0,0.0,0.0,29.6125,0.0,0,0,48361,0,11,Hyundai,Ioniq 6 AWD (18 inch Wheels),N,False,0,105,316,334.0,0.0,294.0,0.0,Automatic (A1),190.5,0.0,162.6,0.0,Midsize Cars,2025,8750,Ioniq 6,,,,,EV,,,74 and 165 kW PMSM,HYX,,0.0,,Sun Aug 25 00:00:00 EDT 2024,Thu Oct 17 00:00:00 EDT 2024,N,0,0,0,,,,,,,,,0
0.0624,0.0,0.0,7.5,144.0,0,0.0,0.0,23.0825,0.0,0,-1,0.0,0.0,132.0,0,0.0,26.0,0.0,0.0,,,Rear-Wheel Drive,60,,10,600,0,Electricity,Electricity,10,-1,120.0,0,0.0,0.0,27.6883,0.0,0,0,48362,0,11,Hyundai,Ioniq 6 RWD (18 inch Wheels),N,False,0,105,342,370.0,0.0,308.0,0.0,Automatic (A1),208.6,0.0,173.9,0.0,Midsize Cars,2025,9000,Ioniq 6,,,,,EV,,,168 kW PMSM,HYX,,0.0,,Sun Aug 25 00:00:00 EDT 2024,Thu Oct 17 00:00:00 EDT 2024,N,0,0,0,,,,,,,,,0
0.072,0.0,0.0,7.5,123.0,0,0.0,0.0,26.9597,0.0,0,-1,0.0,0.0,111.0,0,0.0,29.7709,0.0,0.0,,,Rear-Wheel Drive,61,,9,650,0,Electricity,Electricity,10,-1,100.0,0,0.0,0.0,34.0,0.0,0,0,48363,0,11,Hyundai,Ioniq 6 RWD (20 inch Wheels),N,False,0,105,291,321.0,0.0,254.0,0.0,Automatic (A1),178.6,0.0,145.0,0.0,Midsize Cars,2025,8750,Ioniq 6,,,,,EV,,,168 kW PMSM,HYX,,0.0,,Sun Aug 25 00:00:00 EDT 2024,Thu Oct 17 00:00:00 EDT 2024,N,0,0,0,,,,,,,,,0
0.06,0.0,0.0,6.1,151.0,0,0.0,0.0,21.7381,0.0,0,-1,0.0,0.0,135.0,0,0.0,25.0,0.0,0.0,,,Rear-Wheel Drive,59,,10,550,0,Electricity,Electricity,10,-1,120.0,0,0.0,0.0,28.0,0.0,0,0,48364,0,11,Hyundai,Ioniq 6 Standard Range,N,False,0,105,240,267.0,0.0,207.0,0.0,Automatic (A1),221.5,0.0,176.3,0.0,Midsize Cars,2025,9250,Ioniq 6,,,,,EV,,,111 kW PMSM,HYX,,0.0,,Sun Aug 25 00:00:00 EDT 2024,Thu Oct 17 00:00:00 EDT 2024,N,0,0,0,,,,,,,,,0
0.0791999999999999,0.0,0.0,7.5,111.0,0,0.0,0.0,31.0,0.0,0,-1,0.0,0.0,103.0,0,0.0,32.5202,0.0,0.0,,,All-Wheel Drive,63,,9,750,0,Electricity,Electricity,10,-1,94.0,0,0.0,0.0,35.5088,0.0,0,0,48365,0,11,Hyundai,Ioniq 6 AWD (20 inch Wheels),N,False,0,105,270,286.0,0.0,250.0,0.0,Automatic (A1),160.1,0.0,135.6,0.0,Midsize Cars,2025,8250,Ioniq 6,,,,,EV,,,74 and 165 kW PMSM,HYX,,0.0,,Sun Aug 25 00:00:00 EDT 2024,Thu Oct 17 00:00:00 EDT 2024,N,0,0,0,,,,,,,,,0
0.0911999999999999,0.0,0.0,15.2,100.0,0,0.0,0.0,34.0,0.0,0,-1,0.0,0.0,89.0,0,0.0,38.0,0.0,0.0,,,Rear-Wheel Drive,44,,9,850,0,Electricity,Electricity,10,-1,78.0,0,0.0,0.0,43.0,0.0,0,0,48366,0,0,Kia,EV9 Long Range RWD,N,False,0,0,304,336.0,0.0,265.0,0.0,Automatic (A1),148.7,0.0,116.1,0.0,Standard Sport Utility Vehicle 2WD,2025,7750,EV9,,,,,EV,,,160 kW PMSM (IPM),KMX,,0.0,,Sun Aug 25 00:00:00 EDT 2024,Tue Sep 10 00:00:00 EDT 2024,N,0,0,0,,,,,,,,,0
0.0911999999999999,0.0,0.0,11.4,99.0,0,0.0,0.0,34.0,0.0,0,-1,0.0,0.0,88.0,0,0.0,38.0,0.0,0.0,,,Rear-Wheel Drive,43,,9,850,0,Electricity,Electricity,10,-1,77.0,0,0.0,0.0,44.0,0.0,0,0,48367,0,0,Kia,EV9 Standard Range RWD,N,False,0,0,230,256.0,0.0,198.0,0.0,Automatic (A1),147.6,0.0,115.2,0.0,Standard Sport Utility Vehicle 2WD,2025,7750,EV9,,,,,EV,,,160 kW PMSM (IPM),KMX,,0.0,,Sun Aug 25 00:00:00 EDT 2024,Tue Sep 10 00:00:00 EDT 2024,N,0,0,0,,,,,,,,,1
0.0984,0.0,0.0,14.5,91.0,0,0.0,0.0,37.0,0.0,0,-1,0.0,0.0,83.0,0,0.0,41.0,0.0,0.0,,,All-Wheel Drive,45,,9,900,0,Electricity,Electricity,10,-1,75.0,0,0.0,0.0,45.0,0.0,0,0,48368,0,0,Kia,EV9 Long Range AWD,N,False,0,0,280,304.0,0.0,250.0,0.0,Automatic (A1),134.7,0.0,110.5,0.0,Standard Sport Utility Vehicle 4WD,2025,7500,EV9,,,,,EV,,,141 and 141 kW PMSM (IPM),KMX,,0.0,,Sun Aug 25 00:00:00 EDT 2024,Tue Sep 10 00:00:00 EDT 2024,N,0,0,0,,,,,,,,,1
0.1008,0.0,0.0,15.2,88.0,0,0.0,0.0,38.0,0.0,0,-1,0.0,0.0,80.0,0,0.0,42.0,0.0,0.0,,,All-Wheel Drive,46,,9,950,0,Electricity,Electricity,10,-1,72.0,0,0.0,0.0,47.0,0.0,0,0,48369,0,0,Kia,EV9 Long Range AWD GT-Line,N,False,0,0,270,295.0,0.0,239.0,0.0,Automatic (A1),131.2,0.0,108.1,0.0,Standard Sport Utility Vehicle 4WD,2025,7250,EV9,,,,,EV,,,141 and 141 kW PMSM (IPM),KMX,,0.0,,Sun Aug 25 00:00:00 EDT 2024,Tue Sep 10 00:00:00 EDT 2024,N,0,0,0,,,,,,,,,0
0.072,0.0,0.0,7.5,126.0,0,0.0,0.0,27.0,0.0,0,-1,0.0,0.0,113.0,0,0.0,30.0,0.0,0.0,,,Front-Wheel Drive,30,,9,700,0,Electricity,Electricity,10,-1,101.0,0,0.0,0.0,32.8445,0.0,0,0,48370,0,23,Kia,Niro Electric,N,False,0,100,253,275.0,0.0,226.0,0.0,Automatic (A1),183.0,0.0,146.6,0.0,Small Sport Utility Vehicle 2WD,2025,8500,Niro,,,,,EV,,,150 kW PMSM (IPM),KMX,,0.0,,Sun Aug 25 00:00:00 EDT 2024,Mon Dec 16 00:00:00 EST 2024,N,0,0,0,,,,,,,,,1
0.0624,0.0,0.0,13.0,128.6285,0,0.0,0.0,26.2034,0.0,0,-1,0.0,0.0,127.5338,0,0.0,26.4283,0.0,0.0,,,All-Wheel Drive,10,,10,600,0,Electricity,Electricity,10,-1,126.2208,0,0.0,0.0,26.7032,0.0,0,0,48371,0,32,Lucid,Air G Touring XR AWD with 19 inch wheels,N,False,0,99,512,516.0,0.0,507.0,0.0,Automatic (A1),176.3,0.0,173.0,0.0,Large Cars,2025,9000,Air,,,,,EV,,,178 and 433 kW ACPM,LMU,,0.0,,Sun Aug 25 00:00:00 EDT 2024,Mon Nov 18 00:00:00 EST 2024,N,0,0,0,,,,,,,,,1
0.0672,0.0,0.0,13.0,121.6973,0,0.0,0.0,27.6958,0.0,0,-1,0.0,0.0,119.6876,0,0.0,28.1608,0.0,0.0,,,All-Wheel Drive,11,,10,650,0,Electricity,Electricity,10,-1,117.3197,0,0.0,0.0,28.7292,0.0,0,0,48372,0,32,Lucid,Air G Touring XR AWD with 20 inch wheels,N,False,0,99,480,488.0,0.0,470.0,0.0,Automatic (A1),166.8,0.0,160.8,0.0,Large Cars,2025,8750,Air,,,,,EV,,,178 and 433 kW ACPM,LMU,,0.0,,Sun Aug 25 00:00:00 EDT 2024,Mon Nov 18 00:00:00 EST 2024,N,0,0,0,,,,,,,,,1
0.072,0.0,0.0,13.0,113.9635,0,0.0,0.0,29.5753,0.0,0,-1,0.0,0.0,111.8825,0,0.0,30.1254,0.0,0.0,,,All-Wheel Drive,12,,10,700,0,Electricity,Electricity,10,-1,109.44,0,0.0,0.0,30.7977,0.0,0,0,48373,0,32,Lucid,Air G Touring XR AWD with 21 inch wheels,N,False,0,99,446,454.0,0.0,436.0,0.0,Automatic (A1),156.2,0.0,150.0,0.0,Large Cars,2025,8500,Air,,,,,EV,,,178 and 433 kW ACPM,LMU,,0.0,,Sun Aug 25 00:00:00 EDT 2024,Mon Nov 18 00:00:00 EST 2024,N,0,0,0,,,,,,,,,3
0.0552,0.0,0.0,10.0,149.0465,0,0.0,0.0,22.6138,0.0,0,-1,0.0,0.0,145.6506,0,0.0,23.141,0.0,0.0,,,Rear-Wheel Drive,16,,10,500,0,Electricity,Electricity,10,-1,141.7046,0,0.0,0.0,23.7854,0.0,0,0,48374,0,32,Lucid,Air Pure RWD with 19 inch wheels,N,False,0,101,420,430.0,0.0,408.0,0.0,Automatic (A1),209.1,0.0,198.8,0.0,Large Cars,2025,9500,Air,,,,,EV,,,330 kW ACPM,LMU,,0.0,,Sun Aug 25 00:00:00 EDT 2024,Mon Nov 18 00:00:00 EST 2024,N,0,0,0,,,,,,,,,0
0.0624,0.0,0.0,10.0,132.367,0,0.0,0.0,25.4633,0.0,0,-1,0.0,0.0,129.1296,0,0.0,26.1017,0.0,0.0,,,Rear-Wheel Drive,17,,10,600,0,Electricity,Electricity,10,-1,125.3815,0,0.0,0.0,26.882,0.0,0,0,48375,0,32,Lucid,Air Pure RWD with 20 inch wheels,N,False,0,101,372,381.0,0.0,361.0,0.0,Automatic (A1),185.7,0.0,175.9,0.0,Large Cars,2025,9000,Air,,,,,EV,,,330 kW ACPM,LMU,,0.0,,Sun Aug 25 00:00:00 EDT 2024,Mon Nov 18 00:00:00 EST 2024,N,0,0,0,,,,,,,,,2
0.0768,0.0,0.0,13.0,107.9611,0,0.0,0.0,31.2196,0.0,0,-1,0.0,0.0,104.8952,0,0.0,32.1321,0.0,0.0,,,All-Wheel Drive,19,,10,700,0,Electricity,Electricity,10,-1,101.3764,0,0.0,0.0,33.2474,0.0,0,0,48376,0,32,Lucid,Air Sapphire AWD,N,False,0,99,427,439.0,0.0,412.0,0.0,Automatic (A1),149.2,0.0,140.1,0.0,Large Cars,2025,8500,Air,,,,,EV,,,"310, 310 and 310 kW ACPM",LMU,,0.0,,Sun Aug 25 00:00:00 EDT 2024,Mon Nov 18 00:00:00 EST 2024,N,0,0,0,,,,,,,,,0
0.0624,0.0,0.0,10.0,133.3709,0,0.0,0.0,25.2719,0.0,0,-1,0.0,0.0,131.738,0,0.0,25.5849,0.0,0.0,,,All-Wheel Drive,13,,10,600,0,Electricity,Electricity,10,-1,129.7958,0,0.0,0.0,25.9677,0.0,0,0,48377,0,32,Lucid,Air Touring AWD with 19 inch wheels,N,False,0,101,406,411.0,0.0,400.0,0.0,Automatic (A1),182.8,0.0,177.9,0.0,Large Cars,2025,9000,Air,,,,,EV,,,178 and 433 kW ACPM,LMU,,0.0,,Sun Aug 25 00:00:00 EDT 2024,Mon Nov 18 00:00:00 EST 2024,N,0,0,0,,,,,,,,,0
0.0672,0.0,0.0,10.0,123.5942,0,0.0,0.0,27.2707,0.0,0,-1,0.0,0.0,121.4484,0,0.0,27.7525,0.0,0.0,,,All-Wheel Drive,14,,10,600,0,Electricity,Electricity,10,-1,118.9248,0,0.0,0.0,28.3414,0.0,0,0,48378,0,32,Lucid,Air Touring AWD with 20 inch wheels,N,False,0,101,377,384.0,0.0,369.0,0.0,Automatic (A1),169.4,0.0,163.0,0.0,Large Cars,2025,9000,Air,,,,,EV,,,178 and 433 kW ACPM,LMU,,0.0,,Sun Aug 25 00:00:00 EDT 2024,Mon Nov 18 00:00:00 EST 2024,N,0,0,0,,,,,,,,,0
0.0696,0.0,0.0,10.0,119.3626,0,0.0,0.0,28.2375,0.0,0,-1,0.0,0.0,116.455,0,0.0,28.9425,0.0,0.0,,,All-Wheel Drive,15,,10,650,0,Electricity,Electricity,10,-1,113.088,0,0.0,0.0,29.8042,0.0,0,0,48379,0,32,Lucid,Air Touring AWD with 21 inch wheels,N,False,0,101,361,370.0,0.0,350.0,0.0,Automatic (A1),163.6,0.0,155.0,0.0,Large Cars,2025,8750,Air,,,,,EV,,,178 and 433 kW ACPM,LMU,,0.0,,Sun Aug 25 00:00:00 EDT 2024,Mon Nov 18 00:00:00 EST 2024,N,0,0,0,,,,,,,,,0
0.108,0.0,0.0,11.0,80.2886,0,0.0,0.0,41.9798,0.0,0,-1,0.0,0.0,75.0568,0,0.0,44.906,0.0,0.0,,,All-Wheel Drive,63,,9,1000,0,Electricity,Electricity,10,-1,69.5199,0,0.0,0.0,48.4825,0.0,0,0,48380,0,0,Maserati,Grecale Folgore (20 inch Wheels),N,False,0,0,245,261.0,0.0,226.0,0.0,Automatic (A1),109.6,0.0,94.9,0.0,Small Sport Utility Vehicle 4WD,2025,7000,Grecale,,,,,EV,,,205 and 205 kW DCPM,MAX,,0.0,,Sun Aug 25 00:00:00 EDT 2024,Wed Jun 25 00:00:00 EDT 2025,N,0,0,0,,,,,,,,,3
0.1296,0.0,0.0,11.0,64.9781,0,0.0,0.0,51.8713,0.0,0,-1,0.0,0.0,62.3851,0,0.0,54.0273,0.0,0.0,,,All-Wheel Drive,64,,8,1200,0,Electricity,Electricity,10,-1,59.4839,0,0.0,0.0,56.6624,0.0,0,0,48381,0,0,Maserati,Grecale Folgore (21 inch Wheels),N,False,0,0,206,214.0,0.0,196.0,0.0,Automatic (A1),88.7,0.0,81.2,0.0,Small Sport Utility Vehicle 4WD,2025,6000,Grecale,,,,,EV,,,205 and 205 kW DCPM,MAX,,0.0,,Sun Aug 25 00:00:00 EDT 2024,Wed Jun 25 00:00:00 EDT 2025,N,0,0,0,,,,,,,,,1
0.1152,0.0,0.0,10.75,69.0,0,0.0,0.0,49.0,0.0,0,-1,0.0,0.0,70.0,0,0.0,48.0,0.0,0.0,,,All-Wheel Drive,909,,9,1100,0,Electricity,Electricity,10,-1,71.0,0,0.0,0.0,48.0,0.0,0,0,48382,0,11,Mercedes-Benz,AMG EQE 4matic Plus,N,False,0,101,220,218.0,0.0,222.0,0.0,Automatic (A1),100.8,0.0,102.7,0.0,Midsize Cars,2025,6500,EQE,,,,,EV,,,165 and 165 kW ACPM 3-Phase,MBX,,0.0,,Sun Aug 25 00:00:00 EDT 2024,Mon Jan 27 00:00:00 EST 2025,Y,0,0,0,,,,,,,,,3
0.0936,0.0,0.0,10.75,87.0,0,0.0,0.0,39.0,0.0,0,-1,0.0,0.0,86.0,0,0.0,39.0,0.0,0.0,,,All-Wheel Drive,911,,10,900,0,Electricity,Electricity,10,-1,85.0,0,0.0,0.0,38.52,0.0,0,0,48383,0,11,Mercedes-Benz,EQE 350 4matic,N,False,0,101,267,266.0,0.0,269.0,0.0,Automatic (A1),126.7,0.0,125.0,0.0,Midsize Cars,2025,7500,EQE,,,,,EV,,,71 and 144 kW ACPM 3-Phase,MBX,,0.0,,Sun Aug 25 00:00:00 EDT 2024,Mon Jan 27 00:00:00 EST 2025,Y,0,0,0,,,,,,,,,3
0.0863999999999999,0.0,0.0,11.5,94.0,0,0.0,0.0,36.0,0.0,0,-1,0.0,0.0,94.0,0,0.0,36.0,0.0,0.0,,,Rear-Wheel Drive,910,,10,800,0,Electricity,Electricity,10,-1,94.0,0,0.0,0.0,36.0,0.0,0,0,48384,0,11,Mercedes-Benz,EQE 350 Plus,N,False,0,101,308,308.0,0.0,308.0,0.0,Automatic (A1),135.2,0.0,135.1,0.0,Midsize Cars,2025,8000,EQE,,,,,EV,,,215 kW ACPM 6-Phase,MBX,,0.0,,Sun Aug 25 00:00:00 EDT 2024,Mon Jan 27 00:00:00 EST 2025,Y,0,0,0,,,,,,,,,0
0.096,0.0,0.0,11.5,85.0,0,0.0,0.0,39.0,0.0,0,-1,0.0,0.0,85.0,0,0.0,40.0,0.0,0.0,,,All-Wheel Drive,914,,10,900,0,Electricity,Electricity,10,-1,84.0,0,0.0,0.0,40.0,0.0,0,0,48385,0,11,Mercedes-Benz,EQE 500 4matic,N,False,0,101,266,269.0,0.0,262.0,0.0,Automatic (A1),125.6,0.0,124.2,0.0,Midsize Cars,2025,7500,EQE,,,,,EV,,,71 and 144 kW ACPM 6-Phase,MBX,,0.0,,Sun Aug 25 00:00:00 EDT 2024,Mon Jan 27 00:00:00 EST 2025,Y,0,0,0,,,,,,,,,0
0.1032,0.0,0.0,12.75,76.2756,0,0.0,0.0,45.0,0.0,0,-1,0.0,0.0,78.0,0,0.0,42.8479,0.0,0.0,,,All-Wheel Drive,900,,9,950,0,Electricity,Electricity,10,-1,81.0,0,0.0,0.0,42.0,0.0,0,0,48386,0,35,Mercedes-Benz,AMG EQS 4matic Plus,N,False,0,103,315,305.0,0.0,327.0,0.0,Automatic (A1),107.9,0.0,115.7,0.0,Large Cars,2025,7250,EQS,,,,,EV,,,174 and 310 kW ACPM 3-Phase,MBX,,0.0,,Sun Aug 25 00:00:00 EDT 2024,Mon Jan 27 00:00:00 EST 2025,Y,0,0,0,,,,,,,,,0
0.0887999999999999,0.0,0.0,12.75,91.0,0,0.0,0.0,37.0,0.0,0,-1,0.0,0.0,92.0,0,0.0,37.0,0.0,0.0,,,All-Wheel Drive,905,,10,850,0,Electricity,Electricity,10,-1,93.0,0,0.0,0.0,36.0,0.0,0,0,48387,0,35,Mercedes-Benz,EQS 450 4matic,N,False,0,103,367,362.0,0.0,373.0,0.0,Automatic (A1),132.6,0.0,136.4,0.0,Large Cars,2025,7750,EQS,,,,,EV,,,174 and 310 kW ACPM 3-Phase,MBX,,0.0,,Sun Aug 25 00:00:00 EDT 2024,Mon Jan 27 00:00:00 EST 2025,Y,0,0,0,,,,,,,,,0
0.0815999999999999,0.0,0.0,14.0,98.0,0,0.0,0.0,34.0,0.0,0,-1,0.0,0.0,98.0,0,0.0,34.0,0.0,0.0,,,Rear-Wheel Drive,901,,9,750,0,Electricity,Electricity,10,-1,98.0,0,0.0,0.0,34.0,0.0,0,0,48388,0,35,Mercedes-Benz,EQS 450 Plus,N,False,0,103,390,390.0,0.0,390.0,0.0,Automatic (A1),141.7,0.0,141.4,0.0,Large Cars,2025,8250,EQS,,,,,EV,,,265 kW ACPM 6-Phase,MBX,,0.0,,Sun Aug 25 00:00:00 EDT 2024,Mon Jan 27 00:00:00 EST 2025,Y,0,0,0,,,,,,,,,0
0.0863999999999999,0.0,0.0,11.5,93.0,0,0.0,0.0,36.0,0.0,0,-1,0.0,0.0,93.0,0,0.0,36.0,0.0,0.0,,,All-Wheel Drive,902,,10,800,0,Electricity,Electricity,10,-1,93.0,0,0.0,0.0,36.0,0.0,0,0,48389,0,35,Mercedes-Benz,EQS 580 4matic,N,False,0,103,371,370.0,0.0,372.0,0.0,Automatic (A1),134.9,0.0,135.5,0.0,Large Cars,2025,8000,EQS,,,,,EV,,,310 kW ACPM 6-Phase,MBX,,0.0,,Sun Aug 25 00:00:00 EDT 2024,Mon Jan 27 00:00:00 EST 2025,Y,0,0,0,,,,,,,,,0
0.0863999999999999,0.0,0.0,11.5,98.0,0,0.0,0.0,34.1006,0.0,0,-1,0.0,0.0,93.4291,0,0.0,36.0755,0.0,0.0,,,Rear-Wheel Drive,915,,10,800,0,Electricity,Electricity,10,-1,87.0,0,0.0,0.0,39.0,0.0,0,0,48390,0,23,Mercedes-Benz,EQE 350 Plus (SUV),N,False,0,107,302,320.0,0.0,280.0,0.0,Automatic (A1),141.2,0.0,125.1,0.0,Midsize Station Wagons,2025,8000,EQE,,,,,EV,,,215 kW ACPM 6-Phase,MBX,,0.0,,Sun Aug 25 00:00:00 EDT 2024,Mon Jan 27 00:00:00 EST 2025,Y,0,0,0,,,,,,,,,0
0.1008,0.0,0.0,11.5,83.0,0,0.0,0.0,41.0,0.0,0,-1,0.0,0.0,81.0,0,0.0,42.0,0.0,0.0,,,All-Wheel Drive,919,,10,950,0,Electricity,Electricity,10,-1,78.0,0,0.0,0.0,42.5353,0.0,0,0,48391,0,23,Mercedes-Benz,EQE 500 4matic (SUV),N,False,0,107,264,268.0,0.0,259.0,0.0,Automatic (A1),120.1,0.0,113.2,0.0,Midsize Station Wagons,2025,7250,EQE,,,,,EV,,,71 and 144 kW ACPM 3-Phase,MBX,,0.0,,Sun Aug 25 00:00:00 EDT 2024,Mon Jan 27 00:00:00 EST 2025,Y,0,0,0,,,,,,,,,0
0.0984,0.0,0.0,14.0,84.0,0,0.0,0.0,40.0,0.0,0,-1,0.0,0.0,82.0,0,0.0,41.0,0.0,0.0,,,Rear-Wheel Drive,903,,9,900,0,Electricity,Electricity,10,-1,79.0,0,0.0,0.0,41.6883,0.0,0,0,48392,0,0,Mercedes-Benz,EQS 450 Plus (SUV),N,False,0,0,323,329.0,0.0,316.0,0.0,Automatic (A1),122.3,0.0,115.5,0.0,Standard Sport Utility Vehicle 2WD,2025,7500,EQS,,,,,EV,,,265 kW ACPM 6-Phase,MBX,,0.0,,Sun Aug 25 00:00:00 EDT 2024,Mon Jan 27 00:00:00 EST 2025,Y,0,0,0,,,,,,,,,0
0.1104,0.0,0.0,10.75,75.88,0,0.0,0.0,44.4188,0.0,0,-1,0.0,0.0,74.031,0,0.0,45.5282,0.0,0.0,,,All-Wheel Drive,922,,9,1000,0,Electricity,Electricity,10,-1,71.89,0,0.0,0.0,46.8841,0.0,0,0,48393,0,23,Mercedes-Benz,AMG EQE 4matic Plus (SUV),N,False,0,107,230,236.0,0.0,223.0,0.0,Automatic (A1),108.4,0.0,102.7,0.0,Standard Sport Utility Vehicle 4WD,2025,7000,EQE,,,,,EV,,,165 and 295 kW ACPM 3-Phase,MBX,,0.0,,Sun Aug 25 00:00:00 EDT 2024,Mon Jan 27 00:00:00 EST 2025,Y,0,0,0,,,,,,,,,1
0.1008,0.0,0.0,10.75,84.0,0,0.0,0.0,40.0,0.0,0,-1,0.0,0.0,81.0,0,0.0,42.0,0.0,0.0,,,All-Wheel Drive,916,,10,950,0,Electricity,Electricity,10,-1,78.0,0,0.0,0.0,43.0,0.0,0,0,48394,0,23,Mercedes-Benz,EQE 350 4matic (SUV),N,False,0,107,253,261.0,0.0,243.0,0.0,Automatic (A1),123.2,0.0,114.5,0.0,Standard Sport Utility Vehicle 4WD,2025,7250,EQE,,,,,EV,,,71 and 144 kW ACPM 6-Phase,MBX,,0.0,,Sun Aug 25 00:00:00 EDT 2024,Mon Jan 27 00:00:00 EST 2025,Y,0,0,0,,,,,,,,,1
0.1032,0.0,0.0,14.0,80.0,0,0.0,0.0,41.6522,0.0,0,-1,0.0,0.0,79.0,0,0.0,43.0,0.0,0.0,,,All-Wheel Drive,917,,9,950,0,Electricity,Electricity,10,-1,78.4,0,0.0,0.0,42.9911,0.0,0,0,48395,0,0,Mercedes-Benz,EQS 450 4matic (SUV),N,False,0,0,312,316.0,0.0,307.0,0.0,Automatic (A1),115.6,0.0,112.0,0.0,Standard Sport Utility Vehicle 4WD,2025,7250,EQS,,,,,EV,,,174 and 310 kW ACPM 6-Phase,MBX,,0.0,,Sun Aug 25 00:00:00 EDT 2024,Mon Jan 27 00:00:00 EST 2025,Y,0,0,0,,,,,,,,,1
0.1008,0.0,0.0,14.0,82.0,0,0.0,0.0,41.0,0.0,0,-1,0.0,0.0,80.0,0,0.0,42.0,0.0,0.0,,,All-Wheel Drive,918,,9,950,0,Electricity,Electricity,10,-1,78.0,0,0.0,0.0,43.0,0.0,0,0,48396,0,0,Mercedes-Benz,EQS 580 4matic (SUV),N,False,0,0,317,324.0,0.0,309.0,0.0,Automatic (A1),118.9,0.0,113.3,0.0,Standard Sport Utility Vehicle 4WD,2025,7250,EQS,,,,,EV,,,174 and 310 kW ACPM 6-Phase,MBX,,0.0,,Sun Aug 25 00:00:00 EDT 2024,Mon Jan 27 00:00:00 EST 2025,Y,0,0,0,,,,,,,,,1
0.1056,0.0,0.0,14.0,76.0,0,0.0,0.0,43.6684,0.0,0,-1,0.0,0.0,76.0,0,0.0,43.559,0.0,0.0,,,All-Wheel Drive,920,,9,1000,0,Electricity,Electricity,10,-1,76.0,0,0.0,0.0,44.0,0.0,0,0,48397,0,0,Mercedes-Benz,EQS 680 4matic Maybach (SUV),N,False,0,0,302,303.0,0.0,301.0,0.0,Automatic (A1),107.2,0.0,107.8,0.0,Standard Sport Utility Vehicle 4WD,2025,7000,EQS,,,,,EV,,,174 and 310 kW ACPM 6-Phase,MBX,,0.0,,Sun Aug 25 00:00:00 EDT 2024,Mon Jan 27 00:00:00 EST 2025,Y,0,0,0,,,,,,,,,1
0.0839999999999999,0.0,0.0,8.0,98.56,0,0.0,0.0,34.1974,0.0,0,-1,0.0,0.0,96.3263,0,0.0,34.9904,0.0,0.0,,,All-Wheel Drive,98,,9,800,0,Electricity,Electricity,10,-1,93.73,0,0.0,0.0,35.9597,0.0,26,96,48398,0,0,MINI,Countryman SE ALL4 (18 inch Wheels),N,False,0,0,212,217.0,0.0,206.0,0.0,Automatic (A1),140.8,0.0,133.9,0.0,Small Sport Utility Vehicle 4WD,2025,8000,Countryman,,,,,EV,,,140 and 140 kW EESM,BMX,,0.0,,Sun Aug 25 00:00:00 EDT 2024,Tue Sep 10 00:00:00 EDT 2024,N,0,0,0,,,,,,,,,1
0.0887999999999999,0.0,0.0,8.0,94.22,0,0.0,0.0,35.7727,0.0,0,-1,0.0,0.0,91.4462,0,0.0,36.8577,0.0,0.0,,,All-Wheel Drive,99,,9,850,0,Electricity,Electricity,10,-1,88.27,0,0.0,0.0,38.184,0.0,26,96,48399,0,0,MINI,Countryman SE ALL4 (19 inch Wheels),N,False,0,0,204,210.0,0.0,197.0,0.0,Automatic (A1),134.6,0.0,126.1,0.0,Small Sport Utility Vehicle 4WD,2025,7750,Countryman,,,,,EV,,,140 and 140 kW EESM,BMX,,0.0,,Sun Aug 25 00:00:00 EDT 2024,Tue Sep 10 00:00:00 EDT 2024,N,0,0,0,,,,,,,,,1
0.072,0.0,0.0,8.0,122.92,0,0.0,0.0,27.4203,0.0,0,-1,0.0,0.0,110.7755,0,0.0,30.4264,0.0,0.0,,,Front-Wheel Drive,902,,10,700,0,Electricity,Electricity,10,-1,98.84,0,0.0,0.0,34.1006,0.0,24,92,48400,0,0,Nissan,LEAF,N,False,0,0,149,163.0,0.0,131.0,0.0,Automatic (A1),175.6,0.0,141.2,0.0,Midsize Cars,2025,8500,LEAF,,,,,EV,,,110 kW DCPM,NSX,,0.0,,Sun Aug 25 00:00:00 EDT 2024,Tue Sep 10 00:00:00 EDT 2024,N,0,0,0,40.0,,6.1,,6.6,50.0,CHAdeMO,,2
0.0744,0.0,0.0,11.0,121.03,0,0.0,0.0,27.8485,0.0,0,-1,0.0,0.0,109.4944,0,0.0,30.7824,0.0,0.0,,,Front-Wheel Drive,904,,10,700,0,Electricity,Electricity,10,-1,98.07,0,0.0,0.0,34.3683,0.0,24,92,48401,0,0,Nissan,LEAF SV,N,False,0,0,212,232.0,0.0,188.0,0.0,Automatic (A1),172.9,0.0,140.1,0.0,Midsize Cars,2025,8500,LEAF,,,,,EV,,,160 kW DCPM,NSX,,0.0,,Sun Aug 25 00:00:00 EDT 2024,Tue Sep 10 00:00:00 EDT 2024,N,0,0,0,,,,,,,,,2
0.0815999999999999,0.0,0.0,8.0,105.28,0,0.0,0.0,32.0146,0.0,0,-1,0.0,0.0,100.562,0,0.0,33.5166,0.0,0.0,,,All-Wheel Drive,248,,9,750,0,Electricity,Electricity,10,-1,95.34,0,0.0,0.0,35.3524,0.0,26,89,48402,0,0,Polestar,2 Dual Motor (19 Inch Wheels),N,False,0,0,278,290.0,0.0,263.0,0.0,Automatic (A1),150.4,0.0,136.2,0.0,Midsize Cars,2025,8250,2,,,,,EV,,,200 and 215 kW PMSM,VVX,,0.0,,Sun Aug 25 00:00:00 EDT 2024,Tue Sep 10 00:00:00 EDT 2024,N,0,0,0,,,,,,,,,2
0.0839999999999999,0.0,0.0,8.0,101.0,0,0.0,0.0,33.0,0.0,0,-1,0.0,0.0,97.0,0,0.0,35.0,0.0,0.0,,,All-Wheel Drive,257,,9,800,0,Electricity,Electricity,10,-1,92.0,0,0.0,0.0,37.0,0.0,26,89,48403,0,0,Polestar,2 Dual Motor (20 Inch Wheels),N,False,0,0,268,282.0,0.0,251.0,0.0,Automatic (A1),150.4,0.0,136.2,0.0,Midsize Cars,2025,8000,2,,,,,EV,,,190 and 215 kW PMSM,VVX,,0.0,,Sun Aug 25 00:00:00 EDT 2024,Tue Sep 10 00:00:00 EDT 2024,N,0,0,0,,,,,,,,,2
0.0887999999999999,0.0,0.0,8.0,94.99,0,0.0,0.0,35.4827,0.0,0,-1,0.0,0.0,91.3978,0,0.0,36.8773,0.0,0.0,,,All-Wheel Drive,267,,9,850,0,Electricity,Electricity,10,-1,87.36,0,0.0,0.0,38.5817,0.0,26,89,48404,0,0,Polestar,2 Dual Motor Performance Pack,N,False,0,0,254,264.0,0.0,242.0,0.0,Automatic (A1),135.7,0.0,124.8,0.0,Midsize Cars,2025,7750,2,,,,,EV,,,190 and 215 kW PMSM,VVX,,0.0,,Sun Aug 25 00:00:00 EDT 2024,Tue Sep 10 00:00:00 EDT 2024,N,0,0,0,,,,,,,,,3
0.072,0.0,0.0,8.0,122.92,0,0.0,0.0,27.4203,0.0,0,-1,0.0,0.0,113.7044,0,0.0,29.6426,0.0,0.0,,,Rear-Wheel Drive,250,,9,650,0,Electricity,Electricity,10,-1,104.16,0,0.0,0.0,32.3589,0.0,26,89,48405,0,0,Polestar,2 Single Motor (19 Inch Wheels),N,False,0,0,314,337.0,0.0,286.0,0.0,Automatic (A1),175.6,0.0,148.8,0.0,Midsize Cars,2025,8750,2,,,,,EV,,,185 and 220 kW PMSM,VVX,,0.0,,Sun Aug 25 00:00:00 EDT 2024,Tue Sep 10 00:00:00 EDT 2024,N,0,0,0,,,,,,,,,3
0.0744,0.0,0.0,8.0,117.32,0,0.0,0.0,28.7291,0.0,0,-1,0.0,0.0,109.3359,0,0.0,30.827,0.0,0.0,,,Rear-Wheel Drive,258,,9,700,0,Electricity,Electricity,10,-1,100.94,0,0.0,0.0,33.3911,0.0,26,89,48406,0,0,Polestar,2 Single Motor (20 Inch Wheels),N,False,0,0,300,320.0,0.0,275.0,0.0,Automatic (A1),167.6,0.0,144.2,0.0,Midsize Cars,2025,8500,2,,,,,EV,,,185 and 220 kW PMSM,VVX,,0.0,,Sun Aug 25 00:00:00 EDT 2024,Tue Sep 10 00:00:00 EDT 2024,N,0,0,0,,,,,,,,,3
0.0887999999999999,0.0,0.0,11.0,93.0,0,0.0,0.0,36.0,0.0,0,-1,0.0,0.0,90.0,0,0.0,37.0,0.0,0.0,,,Rear-Wheel Drive,274,,9,850,0,Electricity,Electricity,10,-1,87.0,0,0.0,0.0,39.0,0.0,25,104,48407,0,0,Polestar,4 Long Range Single Motor,N,False,0,0,300,311.0,0.0,287.0,0.0,Automatic (A1),137.4,0.0,128.3,0.0,Standard Sport Utility Vehicle 2WD,2025,7750,4,,,,,EV,,,200 kW PMSM,VVX,,0.0,,Sun Aug 25 00:00:00 EDT 2024,Tue Sep 10 00:00:00 EDT 2024,N,0,0,0,,,,,,,,,3
0.0936,0.0,0.0,10.0,91.0,0,0.0,0.0,38.0,0.0,0,-1,0.0,0.0,87.0,0,0.0,39.0,0.0,0.0,,,All-Wheel Drive,271,,9,900,0,Electricity,Electricity,10,-1,82.0,0,0.0,0.0,41.0,0.0,0,0,48408,0,0,Polestar,3 Long Range Dual Motor (20 Inch Wheels),N,False,0,0,310,321.0,0.0,297.0,0.0,Automatic (A1),131.1,0.0,119.3,0.0,Standard Sport Utility Vehicle 4WD,2025,7500,3,,,,,EV,,,173 and 180 kW PMSM,VVX,,0.0,,Sun Aug 25 00:00:00 EDT 2024,Tue Sep 10 00:00:00 EDT 2024,N,0,0,0,,,,,,,,,2
0.0911999999999999,0.0,0.0,10.0,91.77,0,0.0,0.0,36.7277,0.0,0,-1,0.0,0.0,87.8594,0,0.0,38.3624,0.0,0.0,,,All-Wheel Drive,253,,9,850,0,Electricity,Electricity,10,-1,83.51,0,0.0,0.0,40.3604,0.0,0,0,48409,0,0,Polestar,3 Long Range Dual Motor (21 Inch Wheels),N,False,0,0,315,328.0,0.0,299.0,0.0,Automatic (A1),131.1,0.0,119.3,0.0,Standard Sport Utility Vehicle 4WD,2025,7750,3,,,,,EV,,,127 and 180 kW PMSM,VVX,,0.0,,Sun Aug 25 00:00:00 EDT 2024,Tue Sep 10 00:00:00 EDT 2024,N,0,0,0,,,,,,,,,2
0.1008,0.0,0.0,10.0,84.0,0,0.0,0.0,40.0,0.0,0,-1,0.0,0.0,80.0,0,0.0,42.0,0.0,0.0,,,All-Wheel Drive,255,,9,950,0,Electricity,Electricity,10,-1,76.0,0,0.0,0.0,44.0,0.0,0,0,48410,0,0,Polestar,3 Long Range Dual Motor (22 Inch Wheels),N,False,0,0,287,299.0,0.0,272.0,0.0,Automatic (A1),131.1,0.0,119.3,0.0,Standard Sport Utility Vehicle 4WD,2025,7250,3,,,,,EV,,,173 and 200 kW PMSM,VVX,,0.0,,Sun Aug 25 00:00:00 EDT 2024,Tue Sep 10 00:00:00 EDT 2024,N,0,0,0,,,,,,,,,3
0.1056,0.0,0.0,10.0,80.78,0,0.0,0.0,41.7244,0.0,0,-1,0.0,0.0,77.0531,0,0.0,43.7426,0.0,0.0,,,All-Wheel Drive,268,,9,1000,0,Electricity,Electricity,10,-1,72.94,0,0.0,0.0,46.2092,0.0,0,0,48411,0,0,Polestar,3 Long Range Dual Motor Performance Pack,N,False,0,0,279,292.0,0.0,263.0,0.0,Automatic (A1),115.4,0.0,104.2,0.0,Standard Sport Utility Vehicle 4WD,2025,7000,3,,,,,EV,,,127 and 200 kW PMSM,VVX,,0.0,,Sun Aug 25 00:00:00 EDT 2024,Tue Sep 10 00:00:00 EDT 2024,N,0,0,0,,,,,,,,,3
0.0984,0.0,0.0,11.0,86.0,0,0.0,0.0,39.0,0.0,0,-1,0.0,0.0,83.0,0,0.0,41.0,0.0,0.0,,,All-Wheel Drive,273,,9,900,0,Electricity,Electricity,10,-1,80.0,0,0.0,0.0,42.0,0.0,25,104,48412,0,0,Polestar,4 Long Range Dual Motor,N,False,0,0,272,281.0,0.0,261.0,0.0,Automatic (A1),125.1,0.0,116.9,0.0,Standard Sport Utility Vehicle 4WD,2025,7500,4,,,,,EV,,,200 kW PMSM,VVX,,0.0,,Sun Aug 25 00:00:00 EDT 2024,Tue Sep 10 00:00:00 EDT 2024,N,0,0,0,,,,,,,,,2
0.0863999999999999,0.0,0.0,13.0,94.22,0,0.0,0.0,35.7727,0.0,0,-1,0.0,0.0,93.0041,0,0.0,36.2403,0.0,0.0,,,All-Wheel Drive,722,,9,800,0,Electricity,Electricity,10,-1,91.56,0,0.0,0.0,36.8119,0.0,0,0,48413,0,12,Porsche,Taycan 4S Perf Battery Plus 19 inch Wheels,N,False,0,89,315,319.0,0.0,310.0,0.0,Automatic (A2),134.6,0.0,130.8,0.0,Compact Cars,2025,8000,Taycan,,,,,EV,,,201 and 235 kW ACPM,PRX,,0.0,,Sun Aug 25 00:00:00 EDT 2024,Wed Jun 25 00:00:00 EDT 2025,N,0,0,0,,,,,,,,,1
0.0887999999999999,0.0,0.0,13.0,94.15,0,0.0,0.0,35.7993,0.0,0,-1,0.0,0.0,92.0798,0,0.0,36.6041,0.0,0.0,,,Rear-Wheel Drive,702,,9,800,0,Electricity,Electricity,10,-1,89.67,0,0.0,0.0,37.5878,0.0,0,0,48414,0,12,Porsche,Taycan Perf Battery Plus,N,False,0,90,318,325.0,0.0,309.0,0.0,Automatic (A2),134.5,0.0,128.1,0.0,Compact Cars,2025,8000,Taycan,,,,,EV,,,300 and 320 kW ACPM,PRX,,0.0,,Sun Aug 25 00:00:00 EDT 2024,Wed Jun 25 00:00:00 EDT 2025,N,0,0,0,,,,,,,,,1
0.0887999999999999,0.0,0.0,11.5,93.66,0,0.0,0.0,35.9865,0.0,0,-1,0.0,0.0,90.9194,0,0.0,37.0713,0.0,0.0,,,Rear-Wheel Drive,701,,9,850,0,Electricity,Electricity,10,-1,87.78,0,0.0,0.0,38.3971,0.0,0,0,48415,0,12,Porsche,Taycan Performance Battery,N,False,0,90,274,282.0,0.0,264.0,0.0,Automatic (A2),133.8,0.0,125.4,0.0,Compact Cars,2025,7750,Taycan,,,,,EV,,,300 and 320 kW ACPM,PRX,,0.0,,Sun Aug 25 00:00:00 EDT 2024,Wed Jun 25 00:00:00 EDT 2025,N,0,0,0,,,,,,,,,3
0.1128,0.0,0.0,12.0,76.16,0,0.0,0.0,44.2555,0.0,0,-1,0.0,0.0,71.885,0,0.0,46.8874,0.0,0.0,,,4-Wheel Drive,77,,9,1050,0,Electricity,Electricity,10,-1,67.27,0,0.0,0.0,50.1041,0.0,0,0,48416,0,0,Rivian,R1T All-Terrain Dual Large Plus (20in),N,False,0,0,292,308.0,0.0,272.0,0.0,Automatic (A1),108.8,0.0,96.1,0.0,Standard Pickup Trucks 4WD,2025,6750,R1T,,,,,EV,,,264 and 264 kW ACPM,RIV,,0.0,,Sun Aug 25 00:00:00 EDT 2024,Wed Jun 25 00:00:00 EDT 2025,N,0,0,0,,,,,,,,,3
0.1032,0.0,0.0,15.0,82.1475,0,0.0,0.0,41.0298,0.0,0,-1,0.0,0.0,77.976,0,0.0,43.2248,0.0,0.0,,,Part-time 4-Wheel Drive,67,,9,950,0,Electricity,Electricity,10,-1,73.4193,0,0.0,0.0,45.9075,0.0,0,0,48417,0,0,Rivian,R1T All-Terrain Dual Max (20in),N,False,0,0,370,389.0,0.0,347.0,0.0,Automatic (A1),112.0,0.0,100.1,0.0,Standard Pickup Trucks 4WD,2025,7250,R1T,,,,,EV,,,264 and 264 kW ACPM,RIV,,0.0,,Sun Aug 25 00:00:00 EDT 2024,Wed Jun 25 00:00:00 EDT 2025,N,0,0,0,,,,,,,,,3
0.1128,0.0,0.0,12.0,76.16,0,0.0,0.0,44.2555,0.0,0,-1,0.0,0.0,71.885,0,0.0,46.8874,0.0,0.0,,,4-Wheel Drive,81,,9,1050,0,Electricity,Electricity,10,-1,67.27,0,0.0,0.0,50.1041,0.0,0,0,48418,0,0,Rivian,R1T All-Terrain Performance Dual Large Plus (20in),N,False,0,0,292,308.0,0.0,272.0,0.0,Automatic (A1),108.8,0.0,96.1,0.0,Standard Pickup Trucks 4WD,2025,6750,R1T,,,,,EV,,,264 and 264 kW ACPM,RIV,,0.0,,Sun Aug 25 00:00:00 EDT 2024,Wed Jun 25 00:00:00 EDT 2025,N,0,0,0,,,,,,,,,3
0.1032,0.0,0.0,15.0,82.1475,0,0.0,0.0,41.0298,0.0,0,-1,0.0,0.0,77.976,0,0.0,43.2248,0.0,0.0,,,Part-time 4-Wheel Drive,73,,9,950,0,Electricity,Electricity,10,-1,73.4193,0,0.0,0.0,45.9075,0.0,0,0,48419,0,0,Rivian,R1T All-Terrain Performance Dual Max (20in),N,False,0,0,370,389.0,0.0,347.0,0.0,Automatic (A1),112.0,0.0,100.1,0.0,Standard Pickup Trucks 4WD,2025,7250,R1T,,,,,EV,,,264 and 264 kW ACPM,RIV,,0.0,,Sun Aug 25 00:00:00 EDT 2024,Wed Jun 25 00:00:00 EDT 2025,N,0,0,0,,,,,,,,,3
0.0984,0.0,0.0,12.0,89.11,0,0.0,0.0,37.824,0.0,0,-1,0.0,0.0,82.4024,0,0.0,40.9029,0.0,0.0,,,4-Wheel Drive,75,,9,900,0,Electricity,Electricity,10,-1,75.46,0,0.0,0.0,44.666,0.0,0,0,48420,0,0,Rivian,R1T Dual Large Plus (22in),N,False,0,0,330,354.0,0.0,300.0,0.0,Automatic (A1),127.3,0.0,107.8,0.0,Standard Pickup Trucks 4WD,2025,7500,R1T,,,,,EV,,,264 and 264 kW ACPM,RIV,,0.0,,Sun Aug 25 00:00:00 EDT 2024,Wed Jun 25 00:00:00 EDT 2025,N,0,0,0,,,,,,,,,3
0.1008,0.0,0.0,15.0,86.4347,0,0.0,0.0,38.9947,0.0,0,-1,0.0,0.0,80.3018,0,0.0,41.9729,0.0,0.0,,,Part-time 4-Wheel Drive,63,,9,950,0,Electricity,Electricity,10,-1,73.8935,0,0.0,0.0,45.6129,0.0,0,0,48421,0,0,Rivian,R1T Dual Max (20in),N,False,0,0,380,407.0,0.0,348.0,0.0,Automatic (A1),121.3,0.0,103.7,0.0,Standard Pickup Trucks 4WD,2025,7250,R1T,,,,,EV,,,264 and 264 kW ACPM,RIV,,0.0,,Sun Aug 25 00:00:00 EDT 2024,Wed Jun 25 00:00:00 EDT 2025,N,0,0,0,,,,,,,,,1
0.0936,0.0,0.0,15.0,92.9982,0,0.0,0.0,36.2426,0.0,0,-1,0.0,0.0,86.7778,0,0.0,38.8406,0.0,0.0,,,Part-time 4-Wheel Drive,65,,9,850,0,Electricity,Electricity,10,-1,80.2198,0,0.0,0.0,42.0158,0.0,0,0,48422,0,0,Rivian,R1T Dual Max (22in),N,False,0,0,420,448.0,0.0,386.0,0.0,Automatic (A1),131.0,0.0,113.0,0.0,Standard Pickup Trucks 4WD,2025,7750,R1T,,,,,EV,,,264 and 264 kW ACPM,RIV,,0.0,,Sun Aug 25 00:00:00 EDT 2024,Wed Jun 25 00:00:00 EDT 2025,N,0,0,0,,,,,,,,,1
0.1032,0.0,0.0,9.5,85.0281,0,0.0,0.0,39.6399,0.0,0,-1,0.0,0.0,78.6245,0,0.0,42.8683,0.0,0.0,,,Part-time 4-Wheel Drive,61,,9,950,0,Electricity,Electricity,10,-1,71.9972,0,0.0,0.0,46.8143,0.0,0,0,48423,0,0,Rivian,R1T Dual Standard (20in),N,False,0,0,258,277.0,0.0,235.0,0.0,Automatic (A1),116.8,0.0,98.9,0.0,Standard Pickup Trucks 4WD,2025,7250,R1T,,,,,EV,,,208 and 208 kW ACPM,RIV,,0.0,,Sun Aug 25 00:00:00 EDT 2024,Wed Jun 25 00:00:00 EDT 2025,N,0,0,0,,,,,,,,,1
0.096,0.0,0.0,9.5,91.8189,0,0.0,0.0,36.7081,0.0,0,-1,0.0,0.0,84.5046,0,0.0,39.8854,0.0,0.0,,,Part-time 4-Wheel Drive,59,,9,900,0,Electricity,Electricity,10,-1,77.007,0,0.0,0.0,43.7687,0.0,0,0,48424,0,0,Rivian,R1T Dual Standard (22in),N,False,0,0,270,291.0,0.0,244.0,0.0,Automatic (A1),127.7,0.0,107.1,0.0,Standard Pickup Trucks 4WD,2025,7500,R1T,,,,,EV,,,208 and 208 kW ACPM,RIV,,0.0,,Sun Aug 25 00:00:00 EDT 2024,Wed Jun 25 00:00:00 EDT 2025,N,0,0,0,,,,,,,,,1
0.0984,0.0,0.0,12.0,89.11,0,0.0,0.0,37.824,0.0,0,-1,0.0,0.0,82.4024,0,0.0,40.9029,0.0,0.0,,,4-Wheel Drive,79,,9,900,0,Electricity,Electricity,10,-1,75.46,0,0.0,0.0,44.666,0.0,0,0,48425,0,0,Rivian,R1T Performance Dual Large Plus (22in),N,False,0,0,330,354.0,0.0,300.0,0.0,Automatic (A1),127.3,0.0,107.8,0.0,Standard Pickup Trucks 4WD,2025,7500,R1T,,,,,EV,,,264 and 264 kW ACPM,RIV,,0.0,,Sun Aug 25 00:00:00 EDT 2024,Wed Jun 25 00:00:00 EDT 2025,N,0,0,0,,,,,,,,,3
0.1008,0.0,0.0,15.0,86.4347,0,0.0,0.0,38.9947,0.0,0,-1,0.0,0.0,80.3018,0,0.0,41.9729,0.0,0.0,,,Part-time 4-Wheel Drive,69,,9,950,0,Electricity,Electricity,10,-1,73.8935,0,0.0,0.0,45.6129,0.0,0,0,48426,0,0,Rivian,R1T Performance Dual Max (20in),N,False,0,0,380,407.0,0.0,348.0,0.0,Automatic (A1),121.3,0.0,103.7,0.0,Standard Pickup Trucks 4WD,2025,7250,R1T,,,,,EV,,,264 and 264 kW ACPM,RIV,,0.0,,Sun Aug 25 00:00:00 EDT 2024,Wed Jun 25 00:00:00 EDT 2025,N,0,0,0,,,,,,,,,3
0.0936,0.0,0.0,15.0,92.9982,0,0.0,0.0,36.2426,0.0,0,-1,0.0,0.0,86.7778,0,0.0,38.8406,0.0,0.0,,,Part-time 4-Wheel Drive,71,,9,850,0,Electricity,Electricity,10,-1,80.2198,0,0.0,0.0,42.0158,0.0,0,0,48427,0,0,Rivian,R1T Performance Dual Max (22in),N,False,0,0,420,448.0,0.0,386.0,0.0,Automatic (A1),131.0,0.0,113.0,0.0,Standard Pickup Trucks 4WD,2025,7750,R1T,,,,,EV,,,264 and 264 kW ACPM,RIV,,0.0,,Sun Aug 25 00:00:00 EDT 2024,Wed Jun 25 00:00:00 EDT 2025,N,0,0,0,,,,,,,,,3
0.1128,0.0,0.0,12.0,76.16,0,0.0,0.0,44.2555,0.0,0,-1,0.0,0.0,71.885,0,0.0,46.8874,0.0,0.0,,,4-Wheel Drive,78,,9,1050,0,Electricity,Electricity,10,-1,67.27,0,0.0,0.0,50.1041,0.0,0,0,48428,0,0,Rivian,R1S All-Terrain Dual Large Plus (20in),N,False,0,0,292,308.0,0.0,272.0,0.0,Automatic (A1),108.8,0.0,96.1,0.0,Standard Sport Utility Vehicle 4WD,2025,6750,R1S,,,,,EV,,,264 and 264 kW ACPM,RIV,,0.0,,Sun Aug 25 00:00:00 EDT 2024,Wed Jun 25 00:00:00 EDT 2025,N,0,0,0,,,,,,,,,0
0.1032,0.0,0.0,15.0,82.1475,0,0.0,0.0,41.0298,0.0,0,-1,0.0,0.0,77.976,0,0.0,43.2248,0.0,0.0,,,Part-time 4-Wheel Drive,68,,9,950,0,Electricity,Electricity,10,-1,73.4193,0,0.0,0.0,45.9075,0.0,0,0,48429,0,0,Rivian,R1S All-Terrain Dual Max (20in),N,False,0,0,370,389.0,0.0,347.0,0.0,Automatic (A1),112.0,0.0,100.1,0.0,Standard Sport Utility Vehicle 4WD,2025,7250,R1S,,,,,EV,,,264 and 264 kW ACPM,RIV,,0.0,,Sun Aug 25 00:00:00 EDT 2024,Wed Jun 25 00:00:00 EDT 2025,N,0,0,0,,,,,,,,,0
0.1032,0.0,0.0,15.0,82.1475,0,0.0,0.0,41.0298,0.0,0,-1,0.0,0.0,77.976,0,0.0,43.2248,0.0,0.0,,,Part-time 4-Wheel Drive,74,,9,950,0,Electricity,Electricity,10,-1,73.4193,0,0.0,0.0,45.9075,0.0,0,0,48430,0,0,Rivian,R1S All-Terrain Performance  Dual Max (20in),N,False,0,0,370,389.0,0.0,347.0,0.0,Automatic (A1),112.0,0.0,100.1,0.0,Standard Sport Utility Vehicle 4WD,2025,7250,R1S,,,,,EV,,,264 and 264 kW ACPM,RIV,,0.0,,Sun Aug 25 00:00:00 EDT 2024,Wed Jun 25 00:00:00 EDT 2025,N,0,0,0,,,,,,,,,0
0.1128,0.0,0.0,12.0,76.16,0,0.0,0.0,44.2555,0.0,0,-1,0.0,0.0,71.885,0,0.0,46.8874,0.0,0.0,,,4-Wheel Drive,82,,9,1050,0,Electricity,Electricity,10,-1,67.27,0,0.0,0.0,50.1041,0.0,0,0,48431,0,0,Rivian,R1S All-Terrain Performance Dual Large Plus (20in),N,False,0,0,292,308.0,0.0,272.0,0.0,Automatic (A1),108.8,0.0,96.1,0.0,Standard Sport Utility Vehicle 4WD,2025,6750,R1S,,,,,EV,,,264 and 264 kW ACPM,RIV,,0.0,,Sun Aug 25 00:00:00 EDT 2024,Wed Jun 25 00:00:00 EDT 2025,N,0,0,0,,,,,,,,,0
0.0984,0.0,0.0,12.0,89.11,0,0.0,0.0,37.824,0.0,0,-1,0.0,0.0,82.4024,0,0.0,40.9029,0.0,0.0,,,4-Wheel Drive,76,,9,900,0,Electricity,Electricity,10,-1,75.46,0,0.0,0.0,44.666,0.0,0,0,48432,0,0,Rivian,R1S Dual Large Plus (22in),N,False,0,0,330,354.0,0.0,300.0,0.0,Automatic (A1),127.3,0.0,107.8,0.0,Standard Sport Utility Vehicle 4WD,2025,7500,R1S,,,,,EV,,,264 and 264 kW ACPM,RIV,,0.0,,Sun Aug 25 00:00:00 EDT 2024,Wed Jun 25 00:00:00 EDT 2025,N,0,0,0,,,,,,,,,0
0.1008,0.0,0.0,15.0,86.4347,0,0.0,0.0,38.9947,0.0,0,-1,0.0,0.0,80.3018,0,0.0,41.9729,0.0,0.0,,,Part-time 4-Wheel Drive,64,,9,950,0,Electricity,Electricity,10,-1,73.8935,0,0.0,0.0,45.6129,0.0,0,0,48433,0,0,Rivian,R1S Dual Max (20in),N,False,0,0,380,407.0,0.0,348.0,0.0,Automatic (A1),121.3,0.0,103.7,0.0,Standard Sport Utility Vehicle 4WD,2025,7250,R1S,,,,,EV,,,264 and 264 kW ACPM,RIV,,0.0,,Sun Aug 25 00:00:00 EDT 2024,Wed Jun 25 00:00:00 EDT 2025,N,0,0,0,,,,,,,,,1
0.096,0.0,0.0,15.0,91.3191,0,0.0,0.0,36.909,0.0,0,-1,0.0,0.0,84.3922,0,0.0,39.9385,0.0,0.0,,,Part-time 4-Wheel Drive,66,,9,900,0,Electricity,Electricity,10,-1,77.2319,0,0.0,0.0,43.6413,0.0,0,0,48434,0,0,Rivian,R1S Dual Max (22in),N,False,0,0,410,441.0,0.0,373.0,0.0,Automatic (A1),129.0,0.0,109.1,0.0,Standard Sport Utility Vehicle 4WD,2025,7500,R1S,,,,,EV,,,264 and 264 kW ACPM,RIV,,0.0,,Sun Aug 25 00:00:00 EDT 2024,Wed Jun 25 00:00:00 EDT 2025,N,0,0,0,,,,,,,,,1
0.1032,0.0,0.0,9.5,85.0281,0,0.0,0.0,39.6399,0.0,0,-1,0.0,0.0,78.6245,0,0.0,42.8683,0.0,0.0,,,Part-time 4-Wheel Drive,62,,9,950,0,Electricity,Electricity,10,-1,71.9972,0,0.0,0.0,46.8143,0.0,0,0,48435,0,0,Rivian,R1S Dual Standard (20in),N,False,0,0,258,277.0,0.0,235.0,0.0,Automatic (A1),116.8,0.0,98.9,0.0,Standard Sport Utility Vehicle 4WD,2025,7250,R1S,,,,,EV,,,208 and 208 kW ACPM,RIV,,0.0,,Sun Aug 25 00:00:00 EDT 2024,Wed Jun 25 00:00:00 EDT 2025,N,0,0,0,,,,,,,,,3
0.096,0.0,0.0,9.5,91.8189,0,0.0,0.0,36.7081,0.0,0,-1,0.0,0.0,84.5046,0,0.0,39.8854,0.0,0.0,,,Part-time 4-Wheel Drive,60,,9,900,0,Electricity,Electricity,10,-1,77.007,0,0.0,0.0,43.7687,0.0,0,0,48436,0,0,Rivian,R1S Dual Standard (22in),N,False,0,0,270,291.0,0.0,244.0,0.0,Automatic (A1),127.7,0.0,107.1,0.0,Standard Sport Utility Vehicle 4WD,2025,7500,R1S,,,,,EV,,,208 and 208 kW ACPM,RIV,,0.0,,Sun Aug 25 00:00:00 EDT 2024,Wed Jun 25 00:00:00 EDT 2025,N,0,0,0,,,,,,,,,3
0.0984,0.0,0.0,12.0,89.11,0,0.0,0.0,37.824,0.0,0,-1,0.0,0.0,82.4024,0,0.0,40.9029,0.0,0.0,,,4-Wheel Drive,80,,9,900,0,Electricity,Electricity,10,-1,75.46,0,0.0,0.0,44.666,0.0,0,0,48437,0,0,Rivian,R1S Performance Dual Large Plus (22in),N,False,0,0,330,354.0,0.0,300.0,0.0,Automatic (A1),127.3,0.0,107.8,0.0,Standard Sport Utility Vehicle 4WD,2025,7500,R1S,,,,,EV,,,208 and 208 kW ACPM,RIV,,0.0,,Sun Aug 25 00:00:00 EDT 2024,Wed Jun 25 00:00:00 EDT 2025,N,0,0,0,,,,,,,,,3
0.1008,0.0,0.0,15.0,86.4347,0,0.0,0.0,38.9947,0.0,0,-1,0.0,0.0,80.3018,0,0.0,41.9729,0.0,0.0,,,Part-time 4-Wheel Drive,70,,9,950,0,Electricity,Electricity,10,-1,73.8935,0,0.0,0.0,45.6129,0.0,0,0,48438,0,0,Rivian,R1S Performance Dual Max (20in),N,False,0,0,380,407.0,0.0,348.0,0.0,Automatic (A1),121.3,0.0,103.7,0.0,Standard Sport Utility Vehicle 4WD,2025,7250,R1S,,,,,EV,,,208 and 208 kW ACPM,RIV,,0.0,,Sun Aug 25 00:00:00 EDT 2024,Wed Jun 25 00:00:00 EDT 2025,N,0,0,0,,,,,,,,,2
0.096,0.0,0.0,15.0,91.3191,0,0.0,0.0,36.909,0.0,0,-1,0.0,0.0,84.3922,0,0.0,39.9385,0.0,0.0,,,Part-time 4-Wheel Drive,72,,9,900,0,Electricity,Electricity,10,-1,77.2319,0,0.0,0.0,43.6413,0.0,0,0,48439,0,0,Rivian,R1S Performance Dual Max (22in),N,False,0,0,410,441.0,0.0,373.0,0.0,Automatic (A1),129.0,0.0,109.1,0.0,Standard Sport Utility Vehicle 4WD,2025,7500,R1S,,,,,EV,,,208 and 208 kW ACPM,RIV,,0.0,,Sun Aug 25 00:00:00 EDT 2024,Wed Jun 25 00:00:00 EDT 2025,N,0,0,0,,,,,,,,,2
0.108,0.0,0.0,12.0,70.21,0,0.0,0.0,48.006,0.0,0,-1,0.0,0.0,74.1967,0,0.0,45.4265,0.0,0.0,,,All-Wheel Drive,25,,9,1000,0,Electricity,Electricity,10,-1,79.73,0,0.0,0.0,42.2739,0.0,0,0,48440,10,0,Rolls-Royce,Spectre Black Badge (22 inch wheels),N,False,94,0,266,251.0,0.0,285.0,0.0,Automatic (A1),100.3,0.0,113.9,0.0,Compact Cars,2025,7000,Spectre,,,,,EV,,,190 and 360 kW EESM,RRG,,0.0,,Sun Aug 25 00:00:00 EDT 2024,Wed Jun 25 00:00:00 EDT 2025,N,0,0,0,,,,,,,,,2
0.1152,0.0,0.0,12.0,67.06,0,0.0,0.0,50.261,0.0,0,-1,0.0,0.0,69.8126,0,0.0,48.2792,0.0,0.0,,,All-Wheel Drive,26,,9,1100,0,Electricity,Electricity,10,-1,73.5,0,0.0,0.0,45.8571,0.0,0,0,48441,10,0,Rolls-Royce,Spectre Black Badge (23 inch wheels),N,False,94,0,251,241.0,0.0,264.0,0.0,Automatic (A1),95.8,0.0,105.0,0.0,Compact Cars,2025,6500,Spectre,,,,,EV,,,190 and 360 kW EESM,RRG,,0.0,,Sun Aug 25 00:00:00 EDT 2024,Wed Jun 25 00:00:00 EDT 2025,N,0,0,0,,,,,,,,,0
0.1056,0.0,0.0,12.0,73.64,0,0.0,0.0,45.77,0.0,0,-1,0.0,0.0,77.2247,0,0.0,43.6454,0.0,0.0,,,All-Wheel Drive,17,,9,1000,0,Electricity,Electricity,10,-1,82.11,0,0.0,0.0,41.0486,0.0,0,0,48442,10,0,Rolls-Royce,Spectre (22 inch wheels),N,False,94,0,277,263.0,0.0,294.0,0.0,Automatic (A1),105.2,0.0,117.3,0.0,Compact Cars,2025,7000,Spectre,,,,,EV,,,190 and 360 kW EESM,RRG,,0.0,,Sun Aug 25 00:00:00 EDT 2024,Wed Jun 25 00:00:00 EDT 2025,N,0,0,0,,,,,,,,,1
0.1152,0.0,0.0,12.0,67.06,0,0.0,0.0,50.261,0.0,0,-1,0.0,0.0,70.4582,0,0.0,47.8369,0.0,0.0,,,All-Wheel Drive,18,,9,1100,0,Electricity,Electricity,10,-1,75.11,0,0.0,0.0,44.8742,0.0,0,0,48443,10,0,Rolls-Royce,Spectre (23 inch Wheels),N,False,94,0,253,240.0,0.0,269.0,0.0,Automatic (A1),95.8,0.0,107.3,0.0,Compact Cars,2025,6500,Spectre,,,,,EV,,,190 and 360 kW EESM,RRG,,0.0,,Sun Aug 25 00:00:00 EDT 2024,Wed Jun 25 00:00:00 EDT 2025,N,0,0,0,,,,,,,,,1
0.0984,0.0,0.0,9.0,90.09,0,0.0,0.0,37.4126,0.0,0,-1,0.0,0.0,82.6705,0,0.0,40.7703,0.0,0.0,,,Rear-Wheel Drive,395,,9,900,0,Electricity,Electricity,10,-1,75.11,0,0.0,0.0,44.8742,0.0,0,0,48444,0,0,Volkswagen,ID. Buzz,N,False,0,0,234,253.0,0.0,211.0,0.0,Automatic (A1),128.7,0.0,107.3,0.0,Minivan - 2WD,2025,7500,ID. Buzz,,,,,EV,,,210 kW AC 3-Phase,VGA,,0.0,,Sun Aug 25 00:00:00 EDT 2024,Thu Oct 17 00:00:00 EDT 2024,N,0,0,0,77.0,,7.0,,11.0,135.0,CCS2,,1
0.1008,0.0,0.0,9.0,86.59,0,0.0,0.0,38.9248,0.0,0,-1,0.0,0.0,80.3149,0,0.0,41.9661,0.0,0.0,,,All-Wheel Drive,397,,9,950,0,Electricity,Electricity,10,-1,73.78,0,0.0,0.0,45.6831,0.0,0,0,48445,0,0,Volkswagen,ID. Buzz 4motion,N,False,0,0,231,247.0,0.0,211.0,0.0,Automatic (A1),123.7,0.0,105.4,0.0,Minivan - 4WD,2025,7250,ID. Buzz,,,,,EV,,,80 and 210 kW AC 3-Phase,VGA,,0.0,,Sun Aug 25 00:00:00 EDT 2024,Thu Oct 17 00:00:00 EDT 2024,N,0,0,0,,,,,,,,,1
0.0839999999999999,0.0,0.0,8.0,105.07,0,0.0,0.0,32.0786,0.0,0,-1,0.0,0.0,96.7432,0,0.0,34.8397,0.0,0.0,,,All-Wheel Drive,262,,9,800,0,Electricity,Electricity,10,-1,88.2,0,0.0,0.0,38.2143,0.0,0,0,48446,0,0,Volvo,EC40 Twin,N,False,0,0,268,289.0,0.0,242.0,0.0,Automatic (A1),150.1,0.0,126.0,0.0,Small Sport Utility Vehicle 4WD,2025,8000,EC40,,,,,EV,,,135 and 215 kW PMSM,VVX,,0.0,,Sun Aug 25 00:00:00 EDT 2024,Sun Aug 25 00:00:00 EDT 2024,N,0,0,0,,,,,,,,,1
0.0863999999999999,0.0,0.0,8.0,102.76,0,0.0,0.0,32.7997,0.0,0,-1,0.0,0.0,93.6861,0,0.0,35.9765,0.0,0.0,,,All-Wheel Drive,261,,9,800,0,Electricity,Electricity,10,-1,84.56,0,0.0,0.0,39.8593,0.0,0,0,48447,0,0,Volvo,EX40 Twin,N,False,0,0,260,283.0,0.0,232.0,0.0,Automatic (A1),146.8,0.0,120.8,0.0,Small Sport Utility Vehicle 4WD,2025,8000,EX40,,,,,EV,,,190 and 210 kW PMSM,VVX,,0.0,,Sun Aug 25 00:00:00 EDT 2024,Wed Feb 19 00:00:00 EST 2025,N,0,0,0,,,,,,,,,0
0.0768,0.0,0.0,8.0,117.6,0,0.0,0.0,28.6607,0.0,0,-1,0.0,0.0,106.3797,0,0.0,31.6837,0.0,0.0,,,Rear-Wheel Drive,266,,9,700,0,Electricity,Electricity,10,-1,95.3,0,0.0,0.0,35.3784,0.0,0,0,48448,0,0,Volvo,EC40,N,False,0,0,298,326.0,0.0,264.0,0.0,Automatic (A1),168.0,0.0,136.1,0.0,Small Sport Utility Vehicle 2WD,2025,8500,EC40,,,,,EV,,,185 and 220 kW PMSM,VVX,,0.0,,Sun Aug 25 00:00:00 EDT 2024,Sun Aug 25 00:00:00 EDT 2024,N,0,0,0,69.0,,6.3,,11.0,150.0,CCS2,,0
0.072,0.0,0.0,8.0,124.18,0,0.0,0.0,27.1421,0.0,0,-1,0.0,0.0,113.5691,0,0.0,29.678,0.0,0.0,,,Rear-Wheel Drive,264,,9,650,0,Electricity,Electricity,10,-1,102.83,0,0.0,0.0,32.7774,0.0,0,0,48449,0,0,Volvo,EX30 Single Motor extended range (18 Inch Wheels),N,False,0,0,257,279.0,0.0,231.0,0.0,Automatic (A1),177.4,0.0,146.9,0.0,Small Sport Utility Vehicle 2WD,2025,8750,EX30,,,,,EV,,,185 kW PMSM,VVX,,0.0,,Sun Aug 25 00:00:00 EDT 2024,Thu Oct 17 00:00:00 EDT 2024,N,0,0,0,,,,,,,,,0
0.0696,0.0,0.0,8.0,126.77,0,0.0,0.0,26.5875,0.0,0,-1,0.0,0.0,115.5663,0,0.0,29.1651,0.0,0.0,,,Rear-Wheel Drive,275,,9,650,0,Electricity,Electricity,10,-1,104.3,0,0.0,0.0,32.3154,0.0,0,0,48450,0,0,Volvo,EX30 Single Motor extended range (19/20 Inch Wheels),N,False,0,0,261,284.0,0.0,233.0,0.0,Automatic (A1),181.1,0.0,149.0,0.0,Small Sport Utility Vehicle 2WD,2025,8750,EX30,,,,,EV,,,185 kW PMSM,VVX,,0.0,,Sun Aug 25 00:00:00 EDT 2024,Thu Oct 17 00:00:00 EDT 2024,N,0,0,0,,,,,,,,,0
0.0768,0.0,0.0,8.0,118.44,0,0.0,0.0,28.4574,0.0,0,-1,0.0,0.0,106.3196,0,0.0,31.7016,0.0,0.0,,,Rear-Wheel Drive,265,,9,700,0,Electricity,Electricity,10,-1,94.5,0,0.0,0.0,35.6667,0.0,0,0,48451,0,0,Volvo,EX40,N,False,0,0,296,326.0,0.0,260.0,0.0,Automatic (A1),169.2,0.0,135.0,0.0,Small Sport Utility Vehicle 2WD,2025,8500,EX40,,,,,EV,,,185 and 220 kW PMSM,VVX,,0.0,,Sun Aug 25 00:00:00 EDT 2024,Wed Feb 19 00:00:00 EST 2025,N,0,0,0,69.0,,6.3,,11.0,150.0,CCS2,,0
0.1512,0.0,0.0,17.6,52.5,0,0.0,0.0,64.2,0.0,0,-1,0.0,0.0,53.2733,0,0.0,63.2681,0.0,0.0,,,4-Wheel Drive,777,,8,1400,0,Electricity,Electricity,10,-1,54.25,0,0.0,0.0,62.129,0.0,0,0,48469,4,0,Bugatti Rimac,Nevera,N,False,45,0,204,201.0,0.0,208.0,0.0,Automatic (A1),75.0,0.0,77.5,0.0,Two Seaters,2024,5000,Nevera,,,,,EV,,,226 kW AC Induction,BGR,,0.0,,Sun Aug 25 00:00:00 EDT 2024,Mon Nov 18 00:00:00 EST 2024,N,0,0,0,,,,,,,,,0
0.0887999999999999,0.0,0.0,12.0,103.88,0,0.0,0.0,32.4461,0.0,0,-1,0.0,0.0,92.0774,0,0.0,36.6051,0.0,0.0,,,Front-Wheel Drive,130,,10,800,0,Electricity,Electricity,10,-1,80.85,0,0.0,0.0,41.6883,0.0,0,0,48470,0,0,Fisker,Ocean Sport 20in,N,False,0,0,231,257.0,0.0,200.0,0.0,Automatic (A1),148.4,0.0,115.5,0.0,Standard Sport Utility Vehicle 2WD,2024,8000,Ocean,,,,,EV,,,207 kW AC PMSM,FGI,,0.0,,Sun Aug 25 00:00:00 EDT 2024,Thu Oct 17 00:00:00 EDT 2024,N,0,0,0,,,,,,,,,2
0.1032,0.0,0.0,12.0,82.46,0,0.0,0.0,40.8744,0.0,0,-1,0.0,0.0,78.8773,0,0.0,42.7309,0.0,0.0,,,Front-Wheel Drive,132,,9,950,0,Electricity,Electricity,10,-1,74.9,0,0.0,0.0,45.0,0.0,0,0,48471,0,0,Fisker,Ocean Sport 22in,N,False,0,0,194,202.0,0.0,184.0,0.0,Automatic (A1),117.8,0.0,107.0,0.0,Standard Sport Utility Vehicle 2WD,2024,7250,Ocean,,,,,EV,,,207 kW AC PMSM,FGI,,0.0,,Sun Aug 25 00:00:00 EDT 2024,Thu Oct 17 00:00:00 EDT 2024,N,0,0,0,,,,,,,,,2
0.0936,0.0,0.0,8.32,89.3093,0,0.0,0.0,37.7396,0.0,0,-1,0.0,0.0,87.1365,0,0.0,38.6807,0.0,0.0,,,All-Wheel Drive,907,,9,850,0,Electricity,Electricity,10,-1,84.6202,0,0.0,0.0,39.8309,0.0,0,0,48472,0,12,Mercedes-Benz,EQB 300 4matic,N,False,0,102,205,210.0,0.0,199.0,0.0,Automatic (A1),123.8,0.0,117.3,0.0,Small Sport Utility Vehicle 4WD,2024,7750,EQB,,,,,EV,,,72 kW ACPM,MBX,,0.0,,Sun Aug 25 00:00:00 EDT 2024,Mon Jan 27 00:00:00 EST 2025,Y,0,0,0,,,,,,,,,3
0.0624,0.0,0.0,10.0,133.35,0,0.0,0.0,25.2756,0.0,0,-1,0.0,0.0,127.7882,0,0.0,26.3757,0.0,0.0,,,All-Wheel Drive,36,,10,600,0,Electricity,Electricity,10,-1,121.59,0,0.0,0.0,27.7202,0.0,0,0,48473,0,15,Tesla,Model 3 Long Range AWD-E,N,False,0,97,341,355.0,0.0,324.0,0.0,Automatic (A1),190.5,0.0,173.7,0.0,Midsize Cars,2024,9000,Model 3,,,,,EV,,,191 kW ACPM 3-Phase,TSL,,0.0,,Sun Aug 25 00:00:00 EDT 2024,Sun Aug 25 00:00:00 EDT 2024,N,0,0,0,,,,,,,,,1
0.0696,0.0,0.0,9.0,123.2354,0,0.0,0.0,27.3501,0.0,0,-1,0.0,0.0,117.7026,0,0.0,28.6357,0.0,0.0,,,All-Wheel Drive,46,,10,650,0,Electricity,Electricity,10,-1,111.5799,0,0.0,0.0,30.2071,0.0,0,0,48474,0,0,Tesla,Model Y Long Range AWD-I,N,False,0,0,308,322.0,0.0,291.0,0.0,Automatic (A1),173.4,0.0,157.0,0.0,Small Sport Utility Vehicle 4WD,2024,8750,Model Y,,,,,EV,,,200 kW ACPM 3-Phase,TSL,,0.0,,Sun Aug 25 00:00:00 EDT 2024,Sun Aug 25 00:00:00 EDT 2024,N,0,0,0,,,,,,,,,1
0.0672,0.0,0.0,11.0,127.68,0,0.0,0.0,26.398,0.0,0,-1,0.0,0.0,120.1129,0,0.0,28.0611,0.0,0.0,,,Rear-Wheel Drive,42,,10,650,0,Electricity,Electricity,10,-1,112.0,0,0.0,0.0,30.0938,0.0,0,0,48475,0,0,Tesla,Model Y Long Range RWD,N,False,0,0,320,339.0,0.0,297.0,0.0,Automatic (A1),182.4,0.0,160.0,0.0,Small Sport Utility Vehicle 2WD,2024,8750,Model Y,,,,,EV,,,221 kW ACPM 3-Phase,TSL,,0.0,,Sun Aug 25 00:00:00 EDT 2024,Sun Aug 25 00:00:00 EDT 2024,N,0,0,0,79.0,,7.2,,11.0,250.0,NACS,,2
0.0672,0.0,0.0,9.0,128.17,0,0.0,0.0,26.2971,0.0,0,-1,0.0,0.0,120.3509,0,0.0,28.0056,0.0,0.0,,,Rear-Wheel Drive,41,,10,650,0,Electricity,Electricity,10,-1,112.0,0,0.0,0.0,30.0938,0.0,0,0,48476,0,0,Tesla,Model Y RWD,N,False,0,0,260,276.0,0.0,241.0,0.0,Automatic (A1),183.1,0.0,160.0,0.0,Small Sport Utility Vehicle 2WD,2024,8750,Model Y,,,,,EV,,,203 kW ACPM 3-Phase,TSL,,0.0,,Sun Aug 25 00:00:00 EDT 2024,Sun Aug 25 00:00:00 EDT 2024,N,0,0,0,79.0,,7.2,,11.0,250.0,NACS,,2
4.038860509655172,3.863766233766234,0.0,4.0,28.8818,77,76.6279,0.0,44.0,0.613,120,-1,0.0,120.0,28.8764,77,76.8044,44.0,0.0,0.612,4.0,1.3,All-Wheel Drive,401,SIDI; PHEV,8,2350,0,Regular Gas and Electricity,Regular Gasoline,9,-1,28.8699,77,77.0212,0.0,43.0,0.612,0,0,48652,0,0,Alfa Romeo,Tonale eAWD,N,True,0,0,360,0.0,32.58,0.0,32.55,Automatic 6-spd,38.2,109.2,45.2,110.0,Small Sport Utility Vehicle 4WD,2025,4500,Tonale eAWD,,,T,,Plug-in Hybrid,Electricity,33.0,89 kW AC Induction,CRX,,0.0,,Mon Nov 18 00:00:00 EST 2024,Mon Nov 18 00:00:00 EST 2024,N,46,47,47,,,,,,,,,0
4.986607140000001,5.12948275862069,0.0,3.0,25.0648,55,55.0,0.0,60.0,0.573,149,-1,0.0,149.0,25.8877,58,58.0,58.0,0.0,0.574,4.0,2.0,All-Wheel Drive,334,SIDI; PHEV,7,3150,0,Premium and Electricity,Premium Gasoline,9,10,26.9699,61,61.0,0.0,55.0,0.574,0,0,48653,0,0,Audi,Q5 Plug-In Hybrid quattro,N,True,0,0,390,0.0,28.85,0.0,28.92,Automatic (AM-S7),32.4,86.0,38.2,90.0,Small Sport Utility Vehicle 4WD,2025,1500,Q5,,,T,,Plug-in Hybrid,Electricity,23.0,105 kW AC PMSM,VGA,,0.0,,Mon Nov 18 00:00:00 EST 2024,Mon Dec 16 00:00:00 EST 2024,Y,36,39,38,,,,,,,,,1
6.778688517940504,7.083571428571429,0.0,3.0,19.0736,41,41.0,0.0,71.0,0.523,203,-1,0.0,203.0,20.7725,42,42.0,67.0,0.0,0.538,6.0,3.0,All-Wheel Drive,600,SIDI; PHEV,6,3900,0,Premium and Electricity,Premium Gasoline,7,-1,23.3102,43,43.0,0.0,62.0,0.556,0,0,48654,0,0,Bentley,Bentayga Hybrid,N,True,0,0,440,0.0,24.67,0.0,27.36,Automatic (S8),24.0,66.6,32.6,75.1,Standard Sport Utility Vehicle 4WD,2025,-1250,Bentayga,,,T,,Plug-in Hybrid,Electricity,20.0,100 kW AC Induction,VGA,,0.0,,Mon Nov 18 00:00:00 EST 2024,Mon Nov 18 00:00:00 EST 2024,Y,27,33,29,,,,,,,,,1
8.721478975882354,6.467608695652174,0.0,5.0,11.8085,46,46.2914,0.0,73.0,0.602,244,-1,0.0,244.0,13.6563,46,46.1325,73.0,0.0,0.599,8.0,4.4,All-Wheel Drive,900,SIDI; PHEV,5,5850,0,Premium and Electricity,Premium Gasoline,7,-1,16.8858,46,45.9397,0.0,73.0,0.595,0,0,48655,0,0,BMW,XM,N,True,0,0,300,0.0,31.16,0.0,30.8,Automatic (S8),14.9,65.7,23.1,65.5,Standard Sport Utility Vehicle 4WD,2025,-4750,XM,,,T,,Plug-in Hybrid,Electricity,31.0,145 kW PMSM,BMX,,0.0,,Mon Nov 18 00:00:00 EST 2024,Mon Dec 16 00:00:00 EST 2024,Y,22,27,24,,,,,,,,,3
4.022632882758621,3.6281707317073177,0.0,2.0,29.4158,87,86.6743,0.0,39.0,0.63,119,-1,0.0,119.0,29.5207,82,81.9715,41.0,0.0,0.609,6.0,3.6,Front-Wheel Drive,518,PHEV,8,2250,0,Regular Gas and Electricity,Regular Gasoline,9,-1,29.6499,77,76.8735,0.0,45.0,0.58,0,0,48656,0,0,Chrysler,Pacifica Hybrid,N,True,0,0,520,0.0,34.41,0.0,29.49,Automatic (variable gear ratios),42.7429,123.6,42.7998,109.8,Minivan - 2WD,2025,4750,Pacifica,,,,,Plug-in Hybrid,Electricity,32.0,89 kW AC Induction,CRX,,0.0,,Mon Nov 18 00:00:00 EST 2024,Mon Nov 18 00:00:00 EST 2024,N,50,46,48,,,,,,,,,3
4.038860509655172,3.863766233766234,0.0,4.0,28.8818,77,76.6279,0.0,44.0,0.613,120,-1,0.0,120.0,28.8764,77,76.8044,44.0,0.0,0.612,4.0,1.3,All-Wheel Drive,400,SIDI; PHEV,8,2350,0,Regular Gas and Electricity,Regular Gasoline,9,10,28.8699,77,77.0212,0.0,43.0,0.612,0,0,48657,0,0,Dodge,Hornet PHEV AWD,N,True,0,0,360,0.0,32.58,0.0,32.55,Automatic 6-spd,38.2,109.2,45.2,110.0,Small Sport Utility Vehicle 4WD,2025,4500,Hornet,,,T,,Plug-in Hybrid,Electricity,33.0,89 kW AC Induction,CRX,,0.0,,Mon Nov 18 00:00:00 EST 2024,Wed Jun 25 00:00:00 EDT 2025,N,46,47,47,,,,,,,,,3
12.735905528522729,6.330000000000001,0.0,2.5,15.5008,45,45.0445,0.0,76.0,0.219,398,-1,0.0,398.0,17.8517,47,46.8795,72.0,0.0,0.222,6.0,2.9,Rear-Wheel Drive,171,SIDI; PHEV,4,4550,0,Premium and Electricity,Premium Gasoline,5,-1,21.9137,49,49.3359,0.0,68.0,0.226,0,0,48658,5,0,Ferrari,296 GTB,N,True,61,0,350,0.0,7.73,0.0,8.05,Automatic (AM-S8),19.2,61.2,30.5,70.2,Two Seaters,2025,-7250,296 GTB,,,T,,Plug-in Hybrid,Electricity,8.0,137 kW PMSM,FEX,,0.0,,Mon Nov 18 00:00:00 EST 2024,Mon Dec 16 00:00:00 EST 2024,Y,18,24,20,6.5,,0.9,,7.4,,Type 2,,3
13.508126162857144,6.198125,0.0,2.5,15.3495,48,47.7656,0.0,71.0,0.221,404,-1,0.0,404.0,17.5805,48,48.0888,71.0,0.0,0.221,6.0,2.9,Rear-Wheel Drive,172,SIDI; PHEV,4,4550,0,Premium and Electricity,Premium Gasoline,5,10,21.3781,48,48.4897,0.0,71.0,0.22,0,0,48659,5,0,Ferrari,296 GTS,N,True,61,0,330,0.0,7.83,0.0,7.79,Automatic (AM-S8),19.0,65.4,29.7,69.1,Two Seaters,2025,-8250,296 GTS,,,T,,Plug-in Hybrid,Electricity,7.0,137 kW PMSM,FEX,,0.0,,Mon Nov 18 00:00:00 EST 2024,Mon Dec 16 00:00:00 EST 2024,Y,17,24,20,,,,,,,,,3
13.41465088282895,6.76159090909091,0.0,2.5,16.1041,42,42.1819,0.0,79.0,0.227,413,-1,0.0,413.0,17.1659,44,43.7135,77.0,0.0,0.225,8.0,3.9,All-Wheel Drive,178,SIDI; PHEV,4,4800,0,Premium and Electricity,Premium Gasoline,4,-1,18.6704,46,45.7435,0.0,73.0,0.224,0,0,48660,0,0,Ferrari,SF90 Spider,N,True,0,0,330,0.0,8.06,0.0,7.94,Automatic (AM8),20.0,56.8,25.7,65.1,Two Seaters,2025,-8250,SF90,G,,T,,Plug-in Hybrid,Electricity,8.0,99 and 150 kW PMSM,FEX,,0.0,,Mon Nov 18 00:00:00 EST 2024,Mon Dec 16 00:00:00 EST 2024,Y,18,21,19,7.0,,0.9,,7.4,,Type 2,,3
13.213061846842104,6.6113333333333335,0.0,2.5,15.5008,45,45.244,0.0,74.0,0.24,403,-1,0.0,403.0,16.9779,45,44.6822,76.0,0.0,0.237,8.0,3.9,All-Wheel Drive,181,SIDI; PHEV,4,4800,0,Premium and Electricity,Premium Gasoline,4,-1,19.216,44,44.0143,0.0,78.0,0.234,0,0,48661,0,0,Ferrari,SF90 XX Spider,N,True,0,0,330,0.0,8.62,0.0,8.37,Automatic (AM8),19.2,61.3,26.5,62.7,Two Seaters,2025,-8000,SF90,G,,T,,Plug-in Hybrid,Electricity,8.0,99 and 150 kW PMSM,FEX,,0.0,,Mon Nov 18 00:00:00 EST 2024,Mon Dec 16 00:00:00 EST 2024,Y,19,22,20,,,,,,,,,3
13.213061846842104,6.6113333333333335,0.0,2.5,15.5008,45,45.244,0.0,74.0,0.24,403,-1,0.0,403.0,16.9779,45,44.6822,76.0,0.0,0.237,8.0,3.9,All-Wheel Drive,180,SIDI; PHEV,4,4800,0,Premium and Electricity,Premium Gasoline,4,-1,19.216,44,44.0143,0.0,78.0,0.234,0,0,48662,0,0,Ferrari,SF90 XX Stradale,N,True,0,0,330,0.0,8.62,0.0,8.37,Automatic (AM8),19.2,61.3,26.5,62.7,Two Seaters,2025,-8000,SF90,G,,T,,Plug-in Hybrid,Electricity,8.0,99 and 150 kW PMSM,FEX,,0.0,,Mon Nov 18 00:00:00 EST 2024,Mon Dec 16 00:00:00 EST 2024,Y,19,22,20,,,,,,,,,3
2.676412906100386,2.945643564356436,0.0,3.4,41.9805,111,111.2426,0.0,30.0,0.682,78,-1,0.0,78.0,39.7408,101,101.1863,33.0,0.0,0.655,4.0,2.5,Front-Wheel Drive,30,PHEV,8,1700,0,Regular Gas and Electricity,Regular Gasoline,9,10,37.308,91,91.1188,0.0,37.0,0.617,0,0,48663,0,0,Ford,Escape FWD PHEV,Y,True,0,0,560,0.0,40.6,0.0,33.08,Automatic (variable gear ratios),58.8,158.9,55.9,130.2,Small Sport Utility Vehicle 2WD,2025,6500,Escape,,,,,Plug-in Hybrid,Electricity,37.0,78 kW DCPM,FMX,,0.0,,Mon Nov 18 00:00:00 EST 2024,Thu Aug 21 00:00:00 EDT 2025,Y,72,58,65,,,,,,,,,3
7.72046571,6.071632653061224,0.0,2.4,20.3076,52,51.8439,0.0,65.0,0.498,404,-1,0.0,404.0,20.0927,49,48.7766,68.0,0.0,0.487,4.0,2.0,4-Wheel Drive,539,SIDI; PHEV,6,3400,0,Regular Gas and Electricity,Regular Gasoline,7,-1,19.8362,45,45.4873,0.0,71.0,0.472,0,0,48664,0,0,Jeep,Wrangler 4dr 4xe,N,True,0,0,370,0.0,22.85,0.0,21.0,Automatic 8-spd,27.6,73.4,29.8,65.0,Small Sport Utility Vehicle 4WD,2025,-250,Wrangler,,,T,,Plug-in Hybrid,Electricity,22.0,100 kW AC Induction,CRX,,0.0,,Mon Nov 18 00:00:00 EST 2024,Mon Dec 16 00:00:00 EST 2024,Y,29,27,28,,,,,,,,,3
5.960971404130435,5.312678571428571,0.0,3.4,22.8474,57,56.7442,0.0,58.0,0.538,404,-1,0.0,404.0,23.4786,56,56.4231,58.0,0.0,0.536,4.0,2.0,4-Wheel Drive,548,SIDI; PHEV,7,2950,0,Regular Gas and Electricity,Regular Gasoline,8,-1,24.299,56,56.0356,0.0,58.0,0.534,0,0,48665,0,0,Jeep,Grand Cherokee 4xe,N,True,0,0,470,0.0,25.87,0.0,25.58,Automatic 8-spd,30.3,81.1,37.4,80.1,Standard Sport Utility Vehicle 4WD,2025,1750,Grand Cherokee,,,T,,Plug-in Hybrid,Electricity,26.0,100 kW AC Induction,CRX,,0.0,,Mon Nov 18 00:00:00 EST 2024,Mon Dec 16 00:00:00 EST 2024,N,33,35,34,,,,,,,,,3
2.39209800122449,2.754722222222222,0.0,2.8,49.2424,113,112.8985,0.0,30.0,0.638,71,-1,0.0,71.0,48.2673,108,107.5179,31.0,0.0,0.622,4.0,1.6,Front-Wheel Drive,32,SIDI; PHEV,9,1400,0,Regular Gas and Electricity,Regular Gasoline,10,10,47.1267,102,101.5997,0.0,33.0,0.601,0,0,48666,0,19,Kia,Niro Plug-in Hybrid,N,True,0,105,510,0.0,35.27,0.0,31.44,Automatic (AM-S6),67.9,161.3,65.3,145.1,Small Sport Utility Vehicle 2WD,2025,7250,Niro,,,,,Plug-in Hybrid,Electricity,33.0,62 kW AC PMSM,KMX,,0.0,,Mon Nov 18 00:00:00 EST 2024,Mon Dec 16 00:00:00 EST 2024,Y,76,69,73,,,,,,,,,3
3.2338802057142857,3.5417857142857145,0.0,2.0,35.6335,88,87.979,0.0,38.0,0.64,55,-1,0.0,55.0,35.3676,84,83.5833,40.0,0.0,0.622,4.0,1.6,All-Wheel Drive,22,SIDI; PHEV,8,1950,0,Regular Gas and Electricity,Regular Gasoline,9,10,35.0479,79,78.773,0.0,43.0,0.598,0,0,48667,0,0,Kia,Sportage Plug-in Hybrid,Y,True,0,0,430,0.0,35.453,0.0,31.133,Automatic (AM-S6),48.5,125.7,46.2,112.5,Small Sport Utility Vehicle 4WD,2025,5500,Sportage,,,T,,Plug-in Hybrid,Electricity,34.0,67 kW AC PMSM,KMX,,0.0,,Mon Nov 18 00:00:00 EST 2024,Mon Dec 16 00:00:00 EST 2024,Y,57,52,55,,,,,,,,,3
3.4506868541558444,5.6133962264150945,0.0,4.0,20.5924,51,51.217,0.0,65.0,0.749,102,-1,0.0,102.0,21.3034,53,53.3498,63.0,0.0,0.76,6.0,3.0,4-Wheel Drive,279,SIDI; PHEV,7,3900,0,Premium and Electricity,Premium Gasoline,9,-1,22.2419,56,56.2107,0.0,59.0,0.773,0,0,48668,0,0,Land Rover,Range Rover P550 PHEV,N,True,0,0,420,0.0,50.93,0.0,55.85,Automatic (S8),26.1,72.8,34.9,80.3,Standard Sport Utility Vehicle 4WD,2025,2000,Range Rover,,,T,,Plug-in Hybrid,Electricity,21.0,105 kW DCPM,JLX,,0.0,,Mon Nov 18 00:00:00 EST 2024,Mon Dec 16 00:00:00 EST 2024,Y,37,41,39,,,,,,,,,3
3.4506868541558444,5.6133962264150945,0.0,4.0,20.5924,51,51.217,0.0,65.0,0.749,102,-1,0.0,102.0,21.3034,53,53.3498,63.0,0.0,0.76,6.0,3.0,4-Wheel Drive,48,SIDI; PHEV,7,3900,0,Premium and Electricity,Premium Gasoline,9,-1,22.2419,56,56.2107,0.0,59.0,0.773,0,0,48669,0,0,Land Rover,Range Rover Sport P460 PHEV,N,True,0,0,420,0.0,50.93,0.0,55.85,Automatic (S8),26.1,72.8,34.9,80.3,Standard Sport Utility Vehicle 4WD,2025,2000,Range Rover,,,T,,Plug-in Hybrid,Electricity,21.0,105 kW DCPM,JLX,,0.0,,Mon Nov 18 00:00:00 EST 2024,Mon Dec 16 00:00:00 EST 2024,Y,37,41,39,,,,,,,,,3
2.964494814258374,3.5417857142857145,0.0,4.5,37.5894,93,92.8124,0.0,36.0,0.686,404,-1,0.0,404.0,35.517,84,84.0132,40.0,0.0,0.657,4.0,2.5,All-Wheel Drive,7,SIDI & PFI; PHEV,8,2250,0,Premium and Electricity,Premium Gasoline,9,-1,33.2748,75,75.2892,0.0,45.0,0.618,0,0,48670,0,0,Lexus,NX 450h Plus AWD,N,True,0,0,550,0.0,41.08,0.0,33.1,Automatic (AV-S6),49.6499,132.6,47.5499,107.6,Small Sport Utility Vehicle 4WD,2025,5000,NX,,,,,Plug-in Hybrid,Electricity,37.0,40 and 134 kW AC Induction,TYX,,0.0,,Mon Nov 18 00:00:00 EST 2024,Mon Dec 16 00:00:00 EST 2024,Y,63,50,57,,,,,,,,,3
4.096315619889706,3.914605263157895,3.2,3.2,33.9615,83,83.0735,0.0,41.0,0.574,122,-1,0.0,122.0,32.9987,76,76.1078,44.0,0.0,0.552,4.0,2.5,Part-time 4-Wheel Drive,72,PHEV,6,2050,0,Regular Gas and Electricity,Regular Gasoline,6,10,31.8936,69,69.033,0.0,49.0,0.525,0,0,48671,0,0,Lincoln,Corsair AWD PHEV,Y,True,0,0,450,0.0,28.88,0.0,24.8,Automatic (variable gear ratios),45.8,118.5,46.0,98.6,Small Sport Utility Vehicle 4WD,2025,4750,Corsair,,,,,Plug-in Hybrid,Electricity,27.0,50 and 96 kW DCPM,FMX,,0.0,,Mon Nov 18 00:00:00 EST 2024,Mon Dec 16 00:00:00 EST 2024,Y,51,44,47,,,,,,,,,3
5.5379565875,5.312678571428571,0.0,2.1,23.6674,53,52.5728,0.1,60.0,0.531,168,-1,0.0,168.0,25.1224,56,56.0407,58.0,0.1,0.536,4.0,2.5,4-Wheel Drive,908,SIDI; PHEV,7,3250,0,Premium and Electricity,Premium Gasoline,8,-1,27.1633,61,60.955,0.0,55.0,0.543,0,0,48672,0,0,Mazda,CX-70 4WD PHEV,Y,True,0,0,490,0.0,25.31,0.0,25.31,Automatic (S8),30.4,74.6,38.5,87.1,Standard Sport Utility Vehicle 4WD,2025,1000,CX-70,,,,,Plug-in Hybrid,Electricity,26.0,68 kW DCPM,TKX,,0.0,,Mon Nov 18 00:00:00 EST 2024,Mon Dec 16 00:00:00 EST 2024,Y,33,38,35,,,,,,,,,3
5.5379565875,5.312678571428571,0.0,2.1,23.6674,53,52.5728,0.1,60.0,0.531,168,-1,0.0,168.0,25.1224,56,56.0407,58.0,0.1,0.536,4.0,2.5,4-Wheel Drive,905,SIDI; PHEV,7,3250,0,Premium and Electricity,Premium Gasoline,8,-1,27.1633,61,60.955,0.0,55.0,0.543,0,0,48673,0,0,Mazda,CX-90 4WD PHEV,Y,True,0,0,490,0.0,25.31,0.0,25.31,Automatic (S8),30.4,74.6,38.5,87.1,Standard Sport Utility Vehicle 4WD,2025,1000,CX-90,,,,,Plug-in Hybrid,Electricity,26.0,68 kW DCPM,TKX,,0.0,,Mon Nov 18 00:00:00 EST 2024,Mon Dec 16 00:00:00 EST 2024,Y,33,38,35,,,,,,,,,3
2.9051487867391304,4.64859375,0.0,3.0,23.0221,60,60.4184,0.0,56.0,0.751,84,-1,0.0,84.0,24.9371,64,64.253,52.0,0.0,0.766,4.0,2.0,All-Wheel Drive,113,SIDI; PHEV,8,3250,0,Premium and Electricity,Premium Gasoline,9,10,27.7592,70,69.6564,0.0,48.0,0.783,0,0,48674,0,0,Mercedes-Benz,GLC350e 4matic with EQ Hybrid Tech,N,True,0,0,380,0.0,51.45,0.0,57.95,Automatic 9-spd,30.0,86.2,39.6,99.5,Small Sport Utility Vehicle 4WD,2025,3750,GLC-Class,,,T,,Plug-in Hybrid,Electricity,54.0,100 kW PMSM,MBX,,0.0,,Mon Nov 18 00:00:00 EST 2024,Mon Dec 16 00:00:00 EST 2024,Y,43,52,46,,,,,,,,,3
3.448210287032967,4.9585,0.0,3.0,21.147,57,57.3546,0.0,59.0,0.733,99,-1,0.0,99.0,23.0877,60,59.7198,56.0,0.0,0.743,4.0,2.0,All-Wheel Drive,407,SIDI; PHEV,7,3550,0,Premium and Electricity,Premium Gasoline,9,-1,26.0045,63,62.8896,0.0,54.0,0.754,0,0,48675,0,0,Mercedes-Benz,GLE450e 4matic,N,True,0,0,450,0.0,48.24,0.0,52.0,Automatic 9-spd,28.1,81.7,36.3,89.8,Standard Sport Utility Vehicle 4WD,2025,2750,GLE-Class,,,T,,Plug-in Hybrid,Electricity,50.0,100 kW PMSM,MBX,,0.0,,Mon Nov 18 00:00:00 EST 2024,Mon Dec 16 00:00:00 EST 2024,Y,39,46,42,,,,,,,,,3
3.9810098,4.64859375,0.0,6.5,25.0,67,66.8429,0.0,50.0,0.674,115,-1,0.0,115.0,26.0,64,64.1916,52.0,0.0,0.661,4.0,2.4,All-Wheel Drive,217,PHEV,7,2600,0,Regular Gas and Electricity,Regular Gasoline,9,-1,27.0982,61,61.2235,0.0,54.0,0.644,0,0,48676,0,0,Mitsubishi,Outlander PHEV,N,True,0,0,420,0.0,39.51,0.0,35.91,Automatic (A1),37.7603,95.2,39.4039,87.5,Standard Sport Utility Vehicle 4WD,2025,3750,Outlander,,,,,Plug-in Hybrid,Electricity,38.0,85 and 100 kW DCPM,MTX,,0.0,,Mon Nov 18 00:00:00 EST 2024,Mon Dec 16 00:00:00 EST 2024,Y,43,42,43,,,,,,,,,2
3.1058686781818183,4.0204054054054055,0.0,5.0,29.5533,74,74.0,0.1,44.0,0.684,99,-1,0.0,99.0,30.8507,74,74.0,44.0,0.1,0.681,4.0,2.0,All-Wheel Drive,209,SIDI; PHEV,8,2650,0,Premium and Electricity,Premium Gasoline,9,10,32.5998,73,73.0,0.0,44.0,0.677,0,0,48677,0,12,Volvo,S60 T8 AWD,N,True,0,93,530,0.0,40.85,0.0,39.97,Automatic (S8),39.0,110.8,47.1,110.3,Compact Cars,2025,4250,S60,,,T,,Plug-in Hybrid,Electricity,40.0,34 and 107 kW 3-phase Sync.,VVX,,0.0,,Mon Nov 18 00:00:00 EST 2024,Mon Dec 16 00:00:00 EST 2024,Y,50,53,52,,,,,,,,,2
3.1058686781818183,4.0204054054054055,0.0,5.0,29.5533,74,74.0,0.1,44.0,0.684,99,-1,0.0,99.0,30.8507,74,74.0,44.0,0.1,0.681,4.0,2.0,All-Wheel Drive,214,SIDI; PHEV,8,2650,0,Premium and Electricity,Premium Gasoline,9,10,32.5998,73,73.0,0.0,44.0,0.677,0,0,48678,0,29,Volvo,V60 T8 AWD,N,True,0,94,530,0.0,40.85,0.0,39.97,Automatic (S8),39.0,110.8,47.1,110.3,Small Station Wagons,2025,4250,V60,,,T,,Plug-in Hybrid,Electricity,40.0,34 and 107 kW 3-phase Sync.,VVX,,0.0,,Mon Nov 18 00:00:00 EST 2024,Mon Dec 16 00:00:00 EST 2024,Y,50,53,52,,,,,,,,,3
3.9003225,4.722380952380953,0.0,5.0,27.6039,66,66.0,0.1,49.0,0.651,122,-1,0.0,122.0,27.6946,63,63.0,50.0,0.1,0.64,4.0,2.0,All-Wheel Drive,226,SIDI; PHEV,7,2900,0,Premium and Electricity,Premium Gasoline,9,10,27.8062,60,60.0,0.0,52.0,0.627,0,0,48679,0,0,Volvo,XC60 T8 AWD,N,True,0,0,560,0.0,36.61,0.0,33.83,Automatic (S8),36.1,99.1,39.5,90.4,Small Sport Utility Vehicle 4WD,2025,3000,XC60,,,T,,Plug-in Hybrid,Electricity,36.0,34 and 107 kW 3-phase Sync.,VVX,,0.0,,Mon Nov 18 00:00:00 EST 2024,Mon Dec 16 00:00:00 EST 2024,Y,45,42,44,,,,,,,,,3
4.442686733076924,5.12948275862069,0.0,5.0,25.9637,59,59.0,0.1,54.0,0.619,132,-1,0.0,132.0,26.5451,58,58.0,55.0,0.1,0.613,4.0,2.0,All-Wheel Drive,232,SIDI; PHEV,7,3050,0,Premium and Electricity,Premium Gasoline,9,-1,27.2921,57,57.0,0.0,57.0,0.604,0,0,48680,0,0,Volvo,XC90 T8 AWD,N,True,0,0,530,0.0,32.37,0.0,31.95,Automatic (S8),33.7,88.7,38.7,85.4,Standard Sport Utility Vehicle 4WD,2025,2000,XC90,,,T,,Plug-in Hybrid,Electricity,33.0,34 and 107 kW 3-phase Sync.,VVX,,0.0,,Mon Nov 18 00:00:00 EST 2024,Mon Dec 16 00:00:00 EST 2024,Y,40,40,40,,,,,,,,,3
0.0815999999999999,0.0,0.0,12.0,107.1329,0,0.0,0.0,31.4609,0.0,0,-1,0.0,0.0,99.9166,0,0.0,33.7331,0.0,0.0,,,All-Wheel Drive,362,,9,750,0,Electricity,Electricity,10,-1,92.3164,0,0.0,0.0,36.5103,0.0,0,0,48681,0,26,Audi,Q4 55 e-tron quattro,N,False,0,96,258,275.0,0.0,237.0,0.0,Automatic (A1),153.0469,0.0,131.8805,0.0,Standard Sport Utility Vehicle 4WD,2025,8250,Q4 e-tron,,,,,EV,,,80 and 170 kW Asynchron 3-Phase,VGA,,0.0,,Mon Dec 16 00:00:00 EST 2024,Mon Dec 16 00:00:00 EST 2024,N,0,0,0,,,,,,,,,3
0.0815999999999999,0.0,0.0,12.0,107.1329,0,0.0,0.0,31.4609,0.0,0,-1,0.0,0.0,99.9166,0,0.0,33.7331,0.0,0.0,,,All-Wheel Drive,363,,9,750,0,Electricity,Electricity,10,-1,92.3164,0,0.0,0.0,36.5103,0.0,0,0,48682,0,26,Audi,Q4 Sportback 55 e-tron quattro,N,False,0,96,258,275.0,0.0,237.0,0.0,Automatic (A1),153.0469,0.0,131.8805,0.0,Standard Sport Utility Vehicle 4WD,2025,8250,Q4 e-tron,,,,,EV,,,80 and 170 kW Asynchron 3-Phase,VGA,,0.0,,Mon Dec 16 00:00:00 EST 2024,Wed Jun 25 00:00:00 EDT 2025,N,0,0,0,,,,,,,,,3
0.0815999999999999,0.0,0.0,14.0,106.33,0,0.0,0.0,31.6985,0.0,0,-1,0.0,0.0,99.8665,0,0.0,33.7501,0.0,0.0,,,Rear-Wheel Drive,610,,9,750,0,Electricity,Electricity,10,-1,92.96,0,0.0,0.0,36.2575,0.0,0,0,48683,0,0,Audi,Q6 e-tron (19 inch wheels),N,False,0,0,310,329.0,0.0,287.0,0.0,Automatic (A1),151.9,0.0,132.8,0.0,Standard Sport Utility Vehicle 2WD,2025,8250,Q6 e-tron,,,,,EV,,,225 kW PMSM ECCA 3-Phase,VGA,,0.0,,Mon Dec 16 00:00:00 EST 2024,Mon Dec 16 00:00:00 EST 2024,N,0,0,0,,,,,,,,,3
0.0839999999999999,0.0,0.0,14.0,102.97,0,0.0,0.0,32.7328,0.0,0,-1,0.0,0.0,95.7171,0,0.0,35.2131,0.0,0.0,,,Rear-Wheel Drive,620,,9,800,0,Electricity,Electricity,10,-1,88.13,0,0.0,0.0,38.2446,0.0,0,0,48684,0,0,Audi,Q6 e-tron (20 inch wheels),N,False,0,0,298,319.0,0.0,273.0,0.0,Automatic (A1),147.1,0.0,125.9,0.0,Standard Sport Utility Vehicle 2WD,2025,8000,Q6 e-tron,,,,,EV,,,225 kW PMSM ECCA 3-Phase,VGA,,0.0,,Mon Dec 16 00:00:00 EST 2024,Mon Dec 16 00:00:00 EST 2024,N,0,0,0,,,,,,,,,3
0.0768,0.0,0.0,14.0,111.51,0,0.0,0.0,30.226,0.0,0,-1,0.0,0.0,103.7514,0,0.0,32.4863,0.0,0.0,,,Rear-Wheel Drive,611,,9,750,0,Electricity,Electricity,10,-1,95.62,0,0.0,0.0,35.2489,0.0,0,0,48685,0,0,Audi,Q6 e-tron ultra,N,False,0,0,321,343.0,0.0,294.0,0.0,Automatic (A1),159.3,0.0,136.6,0.0,Standard Sport Utility Vehicle 2WD,2025,8250,Q6 e-tron,,,,,EV,,,225 kW PMSM ECCA 3-Phase,VGA,,0.0,,Mon Dec 16 00:00:00 EST 2024,Mon Dec 16 00:00:00 EST 2024,N,0,0,0,94.9,,8.6,,11.0,270.0,CCS2,,3
0.0791999999999999,0.0,0.0,14.0,108.85,0,0.0,0.0,30.9646,0.0,0,-1,0.0,0.0,103.081,0,0.0,32.6976,0.0,0.0,,,All-Wheel Drive,615,,9,750,0,Electricity,Electricity,10,-1,96.81,0,0.0,0.0,34.8156,0.0,0,0,48686,0,0,Audi,Q6 Sportback e-tron quattro (19 inch wheels),N,False,0,0,319,336.0,0.0,299.0,0.0,Automatic (A1),155.5,0.0,138.3,0.0,Standard Sport Utility Vehicle 4WD,2025,8250,Q6 e-tron,,,,,EV,,,140 and 280 kW Asynchron ECFA 3-Phase,VGA,,0.0,,Mon Dec 16 00:00:00 EST 2024,Mon Dec 16 00:00:00 EST 2024,N,0,0,0,,,,,,,,,3
0.0815999999999999,0.0,0.0,14.0,104.37,0,0.0,0.0,32.2938,0.0,0,-1,0.0,0.0,98.3329,0,0.0,34.2764,0.0,0.0,,,All-Wheel Drive,625,,9,750,0,Electricity,Electricity,10,-1,91.84,0,0.0,0.0,36.6997,0.0,0,0,48687,0,0,Audi,Q6 Sportback e-tron quattro (20 inch wheels),N,False,0,0,305,322.0,0.0,284.0,0.0,Automatic (A1),149.1,0.0,131.2,0.0,Standard Sport Utility Vehicle 4WD,2025,8250,Q6 e-tron,,,,,EV,,,140 and 280 kW Asynchron ECFA 3-Phase,VGA,,0.0,,Mon Dec 16 00:00:00 EST 2024,Mon Dec 16 00:00:00 EST 2024,N,0,0,0,,,,,,,,,3
0.0911999999999999,0.0,0.0,15.5,91.0349,0,0.0,0.0,37.0243,0.0,0,-1,0.0,0.0,89.5236,0,0.0,37.6493,0.0,0.0,,,All-Wheel Drive,352,,9,850,0,Electricity,Electricity,10,-1,87.7433,0,0.0,0.0,38.4132,0.0,0,0,48688,0,11,Audi,S e-tron GT (20 inch wheels),N,False,0,89,300,305.0,0.0,294.0,0.0,Automatic (A1),130.0498,0.0,125.3476,0.0,Subcompact Cars,2025,7750,S e-tron,,,,,EV,,,"176, 176 and 415 kW PSM 3-Phase",VGA,,0.0,,Mon Dec 16 00:00:00 EST 2024,Mon Dec 16 00:00:00 EST 2024,N,0,0,0,,,,,,,,,3
0.0911999999999999,0.0,0.0,15.5,89.32,0,0.0,0.0,37.7351,0.0,0,-1,0.0,0.0,87.5454,0,0.0,38.5,0.0,0.0,,,All-Wheel Drive,452,,9,850,0,Electricity,Electricity,10,-1,85.47,0,0.0,0.0,39.4349,0.0,0,0,48689,0,11,Audi,S e-tron GT (21 inch wheels),N,False,0,89,294,300.0,0.0,287.0,0.0,Automatic (A1),127.6,0.0,122.1,0.0,Subcompact Cars,2025,7750,S e-tron,,,,,EV,,,"252, 252 and 415 kW PSM 3-Phase",VGA,,0.0,,Mon Dec 16 00:00:00 EST 2024,Mon Dec 16 00:00:00 EST 2024,N,0,0,0,,,,,,,,,3
0.0887999999999999,0.0,0.0,14.0,97.3,0,0.0,0.0,34.6403,0.0,0,-1,0.0,0.0,91.4138,0,0.0,36.8708,0.0,0.0,,,All-Wheel Drive,614,,9,850,0,Electricity,Electricity,10,-1,85.12,0,0.0,0.0,39.597,0.0,0,0,48690,0,0,Audi,SQ6 Sportback e-tron,N,False,0,0,283,300.0,0.0,262.0,0.0,Automatic (A1),139.0,0.0,121.6,0.0,Standard Sport Utility Vehicle 4WD,2025,7750,SQ6 e-tron,,,,,EV,,,280 and 280 kW PMSM ECCA 3-Phase,VGA,,0.0,,Mon Dec 16 00:00:00 EST 2024,Fri Mar 14 00:00:00 EDT 2025,N,0,0,0,,,,,,,,,3
0.0863999999999999,0.0,0.0,11.2,99.953,0,0.0,0.0,33.3385,0.0,0,-1,0.0,0.0,92.3029,0,0.0,36.008,0.0,0.0,,,Rear-Wheel Drive,420,,9,800,0,Electricity,Electricity,10,-1,82.9527,0,0.0,0.0,39.2708,0.0,0,0,48691,0,24,Cadillac,LYRIQ,N,False,0,105,326,350.0,0.0,297.0,0.0,Automatic (A1),142.9242,0.0,118.4357,0.0,Small Sport Utility Vehicle 2WD,2025,8000,LYRIQ,,,,,EV,,,255 kW ACPM,GMX,,0.0,,Mon Dec 16 00:00:00 EST 2024,Mon Dec 16 00:00:00 EST 2024,N,0,0,0,95.0,,8.3,,11.5,190.0,NACS,,3
0.0911999999999999,0.0,0.0,11.2,97.72,0,0.0,0.0,34.1271,0.0,0,-1,0.0,0.0,88.7125,0,0.0,37.6053,0.0,0.0,,,All-Wheel Drive,421,,9,850,0,Electricity,Electricity,10,-1,79.73,0,0.0,0.0,41.8565,0.0,0,0,48692,0,24,Cadillac,LYRIQ AWD (11 kW Charger),N,False,0,105,319,348.0,0.0,284.0,0.0,Automatic (A1),139.6,0.0,113.9,0.0,Small Sport Utility Vehicle 4WD,2025,7750,LYRIQ,,,,,EV,,,155 and 220 kW ACPM,GMX,,0.0,,Mon Dec 16 00:00:00 EST 2024,Mon Dec 16 00:00:00 EST 2024,N,0,0,0,,,,,,,,,3
0.096,0.0,0.0,7.0,92.8814,0,0.0,0.0,36.4327,0.0,0,-1,0.0,0.0,85.6949,0,0.0,39.7563,0.0,0.0,,,All-Wheel Drive,422,,9,900,0,Electricity,Electricity,10,-1,76.9114,0,0.0,0.0,43.8185,0.0,0,0,48693,0,24,Cadillac,LYRIQ AWD (19 kW Charger),N,False,0,105,303,328.0,0.0,273.0,0.0,Automatic (A1),132.1378,0.0,109.8607,0.0,Small Sport Utility Vehicle 4WD,2025,7500,LYRIQ,,,,,EV,,,155 and 220 kW ACPM,GMX,,0.0,,Mon Dec 16 00:00:00 EST 2024,Mon Dec 16 00:00:00 EST 2024,N,0,0,0,,,,,,,,,3
0.0839999999999999,0.0,0.0,11.2,105.63,0,0.0,0.0,31.9085,0.0,0,-1,0.0,0.0,95.3759,0,0.0,35.3391,0.0,0.0,,,Rear-Wheel Drive,400,,9,800,0,Electricity,Electricity,10,-1,85.26,0,0.0,0.0,39.532,0.0,0,0,48694,0,26,Chevrolet,Blazer EV RWD,N,False,0,105,334,366.0,0.0,295.0,0.0,Automatic (A1),150.9,0.0,121.8,0.0,Small Sport Utility Vehicle 2WD,2025,8000,Blazer,,,,,EV,,,255 kW ACPM,GMX,,0.0,,Mon Dec 16 00:00:00 EST 2024,Mon Dec 16 00:00:00 EST 2024,N,0,0,0,97.0,,8.4,,11.5,195.0,CCS,,3
0.0791999999999999,0.0,0.0,9.5,111.65,0,0.0,0.0,30.1881,0.0,0,-1,0.0,0.0,103.333,0,0.0,32.6179,0.0,0.0,,,All-Wheel Drive,411,,9,750,0,Electricity,Electricity,10,-1,94.71,0,0.0,0.0,35.5876,0.0,0,0,48695,0,0,Chevrolet,Equinox EV AWD (11 kW Charger),N,False,0,0,307,329.0,0.0,280.0,0.0,Automatic (A1),159.5,0.0,135.3,0.0,Small Sport Utility Vehicle 4WD,2025,8250,Equinox,,,,,EV,,,180 kW ACPM,GMX,,0.0,,Mon Dec 16 00:00:00 EST 2024,Mon Dec 16 00:00:00 EST 2024,N,0,0,0,,,,,,,,,3
0.0839999999999999,0.0,0.0,9.5,103.0,0,0.0,0.0,32.6216,0.0,0,-1,0.0,0.0,96.1629,0,0.0,35.1701,0.0,0.0,,,All-Wheel Drive,412,,9,800,0,Electricity,Electricity,10,-1,87.8064,0,0.0,0.0,38.2849,0.0,0,0,48696,0,0,Chevrolet,Equinox EV AWD (19 kW Charger),N,False,0,0,307,329.0,0.0,280.0,0.0,Automatic (A1),147.6046,0.0,125.7696,0.0,Small Sport Utility Vehicle 4WD,2025,8000,Equinox,,,,,EV,,,67 and 180 kW AC Induction,GMX,,0.0,,Mon Dec 16 00:00:00 EST 2024,Mon Dec 16 00:00:00 EST 2024,N,0,0,0,,,,,,,,,3
0.0744,0.0,0.0,9.5,117.0042,0,0.0,0.0,28.9443,0.0,0,-1,0.0,0.0,109.1326,0,0.0,31.2399,0.0,0.0,,,Front-Wheel Drive,410,,10,700,0,Electricity,Electricity,10,-1,99.5117,0,0.0,0.0,34.0457,0.0,0,0,48697,0,0,Chevrolet,Equinox EV FWD,Y,False,0,0,319,342.0,0.0,291.0,0.0,Automatic (A1),167.2,0.0,142.2,0.0,Small Sport Utility Vehicle 2WD,2025,8500,Equinox,,,,,EV,,,67 and 180 kW ACPM,GMX,,0.0,,Mon Dec 16 00:00:00 EST 2024,Mon Dec 16 00:00:00 EST 2024,N,0,0,0,80.0,,7.0,,11.5,150.0,CCS,,3
0.12,0.0,0.0,13.3,73.5547,0,0.0,0.0,45.823,0.0,0,-1,0.0,0.0,67.5708,0,0.0,49.881,0.0,0.0,,,4-Wheel Drive,470,,9,1100,0,Electricity,Electricity,10,-1,61.4597,0,0.0,0.0,54.8408,0.0,0,0,48698,0,0,Chevrolet,Silverado EV 8WT,N,False,0,0,492,531.0,0.0,444.0,0.0,Automatic (A1),104.6,0.0,87.4,0.0,Standard Pickup Trucks 4WD,2025,6500,Silverado,,,,,EV,,,189 and 189 kW ACPM,GMX,,0.0,,Mon Dec 16 00:00:00 EST 2024,Mon Dec 16 00:00:00 EST 2024,N,0,0,0,,,,,,,,,3
0.1152,0.0,0.0,18.6,76.86,0,0.0,0.0,43.8525,0.0,0,-1,0.0,0.0,69.7417,0,0.0,48.3284,0.0,0.0,,,4-Wheel Drive,471,,9,1100,0,Electricity,Electricity,10,-1,62.65,0,0.0,0.0,53.7989,0.0,0,0,48699,0,0,Chevrolet,Silverado EV 5WT (11 kW Charger),N,False,0,0,422,460.0,0.0,375.0,0.0,Automatic (A1),109.8,0.0,89.5,0.0,Standard Pickup Trucks 4WD,2025,6500,Silverado,,,,,EV,,,189 and 189 kW ACPM,GMX,,0.0,,Mon Dec 16 00:00:00 EST 2024,Mon Dec 16 00:00:00 EST 2024,N,0,0,0,,,,,,,,,3
0.12,0.0,0.0,18.6,73.7351,0,0.0,0.0,45.7109,0.0,0,-1,0.0,0.0,67.5371,0,0.0,49.9059,0.0,0.0,,,4-Wheel Drive,472,,9,1100,0,Electricity,Electricity,10,-1,61.2449,0,0.0,0.0,55.0332,0.0,0,0,48700,0,0,Chevrolet,Silverado EV (11 kW Charger),N,False,0,0,408,442.0,0.0,367.0,0.0,Automatic (A1),103.9,0.0,86.3,0.0,Standard Pickup Trucks 4WD,2025,6500,Silverado,,,,,EV,,,189 and 189 kW ACPM,GMX,,0.0,,Mon Dec 16 00:00:00 EST 2024,Mon Dec 16 00:00:00 EST 2024,N,0,0,0,,,,,,,,,3
0.1248,0.0,0.0,11.5,69.7019,0,0.0,0.0,48.3559,0.0,0,-1,0.0,0.0,64.3686,0,0.0,52.3625,0.0,0.0,,,4-Wheel Drive,473,,8,1200,0,Electricity,Electricity,10,-1,58.8637,0,0.0,0.0,57.2594,0.0,0,0,48701,0,0,Chevrolet,Silverado EV (19 kW Charger),N,False,0,0,390,419.0,0.0,354.0,0.0,Automatic (A1),99.5741,0.0,84.091,0.0,Standard Pickup Trucks 4WD,2025,6000,Silverado,,,,,EV,,,189 and 189 kW ACPM,GMX,,0.0,,Mon Dec 16 00:00:00 EST 2024,Mon Dec 16 00:00:00 EST 2024,N,0,0,0,,,,,,,,,3
0.1152,0.0,0.0,11.5,76.86,0,0.0,0.0,43.8525,0.0,0,-1,0.0,0.0,69.7417,0,0.0,48.3284,0.0,0.0,,,4-Wheel Drive,475,,9,1100,0,Electricity,Electricity,10,-1,62.65,0,0.0,0.0,53.7989,0.0,0,0,48702,0,0,Chevrolet,Silverado EV 5WT (19 kW Charger),N,False,0,0,422,460.0,0.0,375.0,0.0,Automatic (A1),109.8,0.0,89.5,0.0,Standard Pickup Trucks 4WD,2025,6500,Silverado,,,,,EV,,,189 and 189 kW ACPM,GMX,,0.0,,Mon Dec 16 00:00:00 EST 2024,Mon Dec 16 00:00:00 EST 2024,N,0,0,0,,,,,,,,,3
0.0696,0.0,0.0,6.2,126.8911,0,0.0,0.0,26.5621,0.0,0,-1,0.0,0.0,115.5041,0,0.0,29.1808,0.0,0.0,,,Front-Wheel Drive,404,,9,650,0,Electricity,Electricity,10,-1,104.0878,0,0.0,0.0,32.3813,0.0,7,72,48703,0,0,Fiat,500e,N,False,0,0,149,162.0,0.0,133.0,0.0,Automatic (A1),181.3,0.0,148.7,0.0,Minicompact Cars,2025,8750,500e,,,,,EV,,,87 kW DCPM,CRX,,0.0,,Mon Dec 16 00:00:00 EST 2024,Thu Sep 25 00:00:00 EDT 2025,N,0,0,0,37.3,,3.4,,11.0,85.0,CCS2,,3
0.0744,0.0,0.0,6.2,120.61,0,0.0,0.0,27.9454,0.0,0,-1,0.0,0.0,110.3899,0,0.0,30.5327,0.0,0.0,,,Front-Wheel Drive,405,,9,700,0,Electricity,Electricity,10,-1,100.03,0,0.0,0.0,33.6949,0.0,7,72,48704,0,0,Fiat,500e All Season,N,False,0,0,141,153.0,0.0,127.0,0.0,Automatic (A1),172.3,0.0,142.9,0.0,Minicompact Cars,2025,8500,500e,,,,,EV,,,87 kW DCPM,CRX,,0.0,,Mon Dec 16 00:00:00 EST 2024,Thu Sep 25 00:00:00 EDT 2025,N,0,0,0,,,,,,,,,3
0.1152,0.0,0.0,14.6,77.84,0,0.0,0.0,43.2857,0.0,0,-1,0.0,0.0,70.3404,0,0.0,47.9143,0.0,0.0,,,All-Wheel Drive,59,,9,1100,0,Electricity,Electricity,9,-1,62.93,0,0.0,0.0,53.5714,0.0,0,0,48705,0,0,Ford,F-150 Lightning 4WD ER1,N,False,0,0,320,350.0,0.0,283.0,0.0,Automatic (A1),111.2,0.0,89.9,0.0,Standard Pickup Trucks 4WD,2025,6500,F-150 Lightning,,,,,EV,,,210 and 210 kW AC PMSM,FMX,,0.0,,Mon Dec 16 00:00:00 EST 2024,Wed Jun 25 00:00:00 EDT 2025,N,0,0,0,,,,,,,,,3
0.1152,0.0,0.0,10.1,77.84,0,0.0,0.0,43.2857,0.0,0,-1,0.0,0.0,70.3404,0,0.0,47.9143,0.0,0.0,,,All-Wheel Drive,60,,9,1100,0,Electricity,Electricity,9,-1,62.93,0,0.0,0.0,53.5714,0.0,0,0,48706,0,0,Ford,F-150 Lightning 4WD PRO ER1,N,False,0,0,320,350.0,0.0,283.0,0.0,Automatic (A1),111.2,0.0,89.9,0.0,Standard Pickup Trucks 4WD,2025,6500,F-150 Lightning,,,,,EV,,,210 and 210 kW AC PMSM,FMX,,0.0,,Mon Dec 16 00:00:00 EST 2024,Wed Jun 25 00:00:00 EDT 2025,N,0,0,0,,,,,,,,,3
0.1176,0.0,0.0,11.9,76.23,0,0.0,0.0,44.2857,0.0,0,-1,0.0,0.0,68.3539,0,0.0,49.3643,0.0,0.0,,,All-Wheel Drive,69,,9,1100,0,Electricity,Electricity,9,-1,60.69,0,0.0,0.0,55.5714,0.0,0,0,48707,0,0,Ford,F-150 Lightning 4WD SR,N,False,0,0,240,264.0,0.0,210.0,0.0,Automatic (A1),108.9,0.0,86.7,0.0,Standard Pickup Trucks 4WD,2025,6500,F-150 Lightning,,,,,EV,,,358 and 358 kW AC PMSM,FMX,,0.0,,Mon Dec 16 00:00:00 EST 2024,Wed Jun 25 00:00:00 EDT 2025,N,0,0,0,,,,,,,,,3
0.1224,0.0,0.0,14.6,73.01,0,0.0,0.0,46.1429,0.0,0,-1,0.0,0.0,66.4363,0,0.0,50.7071,0.0,0.0,,,All-Wheel Drive,67,,9,1150,0,Electricity,Electricity,9,-1,59.85,0,0.0,0.0,56.2857,0.0,0,0,48708,0,0,Ford,F-150 Lightning Platinum 4WD,N,False,0,0,300,326.0,0.0,268.0,0.0,Automatic (A1),104.3,0.0,85.5,0.0,Standard Pickup Trucks 4WD,2025,6250,F-150 Lightning,,,,,EV,,,210 and 210 kW AC PMSM,FMX,,0.0,,Mon Dec 16 00:00:00 EST 2024,Wed Jun 25 00:00:00 EDT 2025,N,0,0,0,,,,,,,,,3
0.1248,0.0,0.0,11.5,69.7019,0,0.0,0.0,48.3559,0.0,0,-1,0.0,0.0,64.3686,0,0.0,52.3625,0.0,0.0,,,4-Wheel Drive,474,,8,1200,0,Electricity,Electricity,10,-1,58.8637,0,0.0,0.0,57.2594,0.0,0,0,48709,0,0,GMC,Sierra EV,N,False,0,0,390,419.0,0.0,354.0,0.0,Automatic (A1),99.5741,0.0,84.091,0.0,Standard Pickup Trucks 4WD,2025,6000,Sierra,,,,,EV,,,189 and 189 kW ACPM,GMX,,0.0,,Mon Dec 16 00:00:00 EST 2024,Mon Dec 16 00:00:00 EST 2024,N,0,0,0,,,,,,,,,3
0.0768,0.0,0.0,8.2,116.27,0,0.0,0.0,28.9886,0.0,0,-1,0.0,0.0,106.4337,0,0.0,31.6676,0.0,0.0,,,All-Wheel Drive,33,,9,700,0,Electricity,Electricity,10,-1,96.46,0,0.0,0.0,34.9419,0.0,0,0,48710,0,0,Hyundai,Ioniq 5 AWD (19 inch Wheels),N,False,0,0,290,314.0,0.0,261.0,0.0,Automatic (A1),166.1,0.0,137.8,0.0,Small Sport Utility Vehicle 4WD,2025,8500,Ioniq 5,,,,,EV,,,74 and 165 kW PMSM,HYX,,0.0,,Mon Dec 16 00:00:00 EST 2024,Mon Dec 16 00:00:00 EST 2024,N,0,0,0,,,,,,,,,0
0.0815999999999999,0.0,0.0,8.2,108.01,0,0.0,0.0,31.2054,0.0,0,-1,0.0,0.0,97.7042,0,0.0,34.497,0.0,0.0,,,All-Wheel Drive,78,,9,800,0,Electricity,Electricity,10,-1,87.5,0,0.0,0.0,38.52,0.0,0,0,48711,0,0,Hyundai,Ioniq 5 AWD (20 inch Wheels),N,False,0,0,269,294.0,0.0,238.0,0.0,Automatic (A1),154.3,0.0,125.0,0.0,Small Sport Utility Vehicle 4WD,2025,8000,Ioniq 5,,,,,EV,,,74 and 165 kW PMSM,HYX,,0.0,,Mon Dec 16 00:00:00 EST 2024,Mon Dec 16 00:00:00 EST 2024,N,0,0,0,,,,,,,,,0
0.0863999999999999,0.0,0.0,8.2,103.39,0,0.0,0.0,32.5999,0.0,0,-1,0.0,0.0,94.2448,0,0.0,35.7633,0.0,0.0,,,All-Wheel Drive,77,,9,800,0,Electricity,Electricity,10,-1,85.05,0,0.0,0.0,39.6296,0.0,0,0,48712,0,0,Hyundai,Ioniq 5 AWD XRT,N,False,0,0,259,281.0,0.0,232.0,0.0,Automatic (A1),147.7,0.0,121.5,0.0,Small Sport Utility Vehicle 4WD,2025,8000,Ioniq 5,,,,,EV,,,74 and 165 kW PMSM,HYX,,0.0,,Mon Dec 16 00:00:00 EST 2024,Mon Dec 16 00:00:00 EST 2024,N,0,0,0,,,,,,,,,0
0.072,0.0,0.0,9.1,129.0,0,0.0,0.0,26.0,0.0,0,-1,0.0,0.0,114.0,0,0.0,30.0,0.0,0.0,,,Rear-Wheel Drive,34,,9,700,0,Electricity,Electricity,10,-1,100.0,0,0.0,0.0,34.0,0.0,0,0,48713,0,0,Hyundai,Ioniq 5 RWD,N,False,0,0,318,356.0,0.0,272.0,0.0,Automatic (A1),189.0,0.0,145.7,0.0,Small Sport Utility Vehicle 2WD,2025,8500,Ioniq 5,,,,,EV,,,168 kW PMSM,HYX,,0.0,,Mon Dec 16 00:00:00 EST 2024,Mon Dec 16 00:00:00 EST 2024,N,0,0,0,72.6,,6.6,,11.0,220.0,CCS2,,0
0.0696,0.0,0.0,6.3,131.0,0,0.0,0.0,26.0,0.0,0,-1,0.0,0.0,115.0,0,0.0,29.0,0.0,0.0,,,Rear-Wheel Drive,35,,9,650,0,Electricity,Electricity,10,-1,100.0,0,0.0,0.0,34.0,0.0,0,0,48714,0,0,Hyundai,Ioniq 5 Standard range,N,False,0,0,245,274.0,0.0,210.0,0.0,Automatic (A1),193.2,0.0,146.9,0.0,Small Sport Utility Vehicle 2WD,2025,8750,Ioniq 5,,,,,EV,,,125 kW PMSM,HYX,,0.0,,Mon Dec 16 00:00:00 EST 2024,Mon Dec 16 00:00:00 EST 2024,N,0,0,0,,,,,,,,,2
0.0984,0.0,0.0,9.0,83.0471,0,0.0,0.0,40.5854,0.0,0,-1,0.0,0.0,82.0402,0,0.0,41.0835,0.0,0.0,,,All-Wheel Drive,75,,9,900,0,Electricity,Electricity,10,-1,80.8423,0,0.0,0.0,41.6923,0.0,0,0,48715,5,0,Maserati,Grancabrio Folgore,N,False,89,0,229,232.0,0.0,226.0,0.0,Automatic (A1),113.0,0.0,110.0,0.0,Subcompact Cars,2025,7500,Grancabrio,,,,,EV,,,"275, 275 and 275 kW DCPM",MAX,,0.0,,Mon Dec 16 00:00:00 EST 2024,Wed Jun 25 00:00:00 EDT 2025,N,0,0,0,83.0,,7.5,,11.0,270.0,CCS2,,2
0.0984,0.0,0.0,9.0,85.1049,0,0.0,0.0,39.6041,0.0,0,-1,0.0,0.0,83.2022,0,0.0,40.5097,0.0,0.0,,,All-Wheel Drive,72,,9,900,0,Electricity,Electricity,10,-1,80.9893,0,0.0,0.0,41.6166,0.0,0,0,48716,8,0,Maserati,Granturismo Folgore,N,False,89,0,233,238.0,0.0,227.0,0.0,Automatic (A1),115.8,0.0,110.2,0.0,Subcompact Cars,2025,7500,Granturismo,,,,,EV,,,"275, 275 and 275 kW DCPM",MAX,,0.0,,Mon Dec 16 00:00:00 EST 2024,Wed Jun 25 00:00:00 EDT 2025,N,0,0,0,83.0,,7.5,,11.0,270.0,CCS2,,0
0.1296,0.0,0.0,14.0,68.0,0,0.0,0.0,50.0,0.0,0,-1,0.0,0.0,62.0,0,0.0,54.0,0.0,0.0,,,4-Wheel Drive,436,,9,1200,0,Electricity,Electricity,10,-1,56.0,0,0.0,0.0,60.0,0.0,0,0,48717,0,0,Mercedes-Benz,G 580 with EQ Technology,N,False,0,0,239,258.0,0.0,215.0,0.0,Automatic (A2),98.3,0.0,81.6,0.0,Standard Sport Utility Vehicle 4WD,2025,6000,G-Class,,,,,EV,,,"108, 108 and 108 kW ACPM 3-Phase",MBX,,0.0,,Mon Dec 16 00:00:00 EST 2024,Mon Dec 16 00:00:00 EST 2024,Y,0,0,0,,,,,,,,,0
0.0839999999999999,0.0,0.0,10.0,101.08,0,0.0,0.0,33.3449,0.0,0,-1,0.0,0.0,95.4981,0,0.0,35.2939,0.0,0.0,,,All-Wheel Drive,15,,9,800,0,Electricity,Electricity,10,-1,89.46,0,0.0,0.0,37.6761,0.0,0,0,48718,0,28,Nissan,ARIYA e-4ORCE 63kWh,N,False,0,101,205,216.0,0.0,191.0,0.0,Automatic (A1),144.4,0.0,127.8,0.0,Small Sport Utility Vehicle 4WD,2025,8000,ARIYA,,,,,EV,,,160 and 160 kW AC 3-phase,NSX,,0.0,,Mon Dec 16 00:00:00 EST 2024,Wed May 07 00:00:00 EDT 2025,N,0,0,0,,,,,,,,,1
0.0887999999999999,0.0,0.0,13.0,97.23,0,0.0,0.0,34.6652,0.0,0,-1,0.0,0.0,91.9925,0,0.0,36.6389,0.0,0.0,,,All-Wheel Drive,5,,9,800,0,Electricity,Electricity,10,-1,86.31,0,0.0,0.0,39.0511,0.0,0,0,48719,0,28,Nissan,ARIYA ENGAGE+/EVOLVE+ e-4ORCE 87kWh,N,False,0,101,272,286.0,0.0,254.0,0.0,Automatic (A1),138.9,0.0,123.3,0.0,Small Sport Utility Vehicle 4WD,2025,8000,ARIYA,,,,,EV,,,160 and 160 kW AC 3-phase,NSX,,0.0,,Mon Dec 16 00:00:00 EST 2024,Wed May 07 00:00:00 EDT 2025,N,0,0,0,,,,,,,,,1
0.0815999999999999,0.0,0.0,14.0,104.93,0,0.0,0.0,32.1214,0.0,0,-1,0.0,0.0,98.0577,0,0.0,34.3726,0.0,0.0,,,Front-Wheel Drive,11,,9,750,0,Electricity,Electricity,10,-1,90.79,0,0.0,0.0,37.1241,0.0,0,0,48720,0,28,Nissan,ARIYA EVOLVE+ FWD 87kWh,N,False,0,101,289,308.0,0.0,266.0,0.0,Automatic (A1),149.9,0.0,129.7,0.0,Small Sport Utility Vehicle 2WD,2025,8250,ARIYA,,,,,EV,,,178 and 160 kW AC 3-phase,NSX,,0.0,,Mon Dec 16 00:00:00 EST 2024,Wed May 07 00:00:00 EDT 2025,N,0,0,0,,,,,,,,,2
0.0791999999999999,0.0,0.0,10.0,108.64,0,0.0,0.0,31.0245,0.0,0,-1,0.0,0.0,101.3459,0,0.0,33.2574,0.0,0.0,,,Front-Wheel Drive,14,,9,750,0,Electricity,Electricity,10,-1,93.66,0,0.0,0.0,35.9865,0.0,0,0,48721,0,28,Nissan,ARIYA FWD 63kWh,N,False,0,101,216,230.0,0.0,199.0,0.0,Automatic (A1),155.2,0.0,133.8,0.0,Small Sport Utility Vehicle 2WD,2025,8250,ARIYA,,,,,EV,,,160 kW AC 3-phase,NSX,,0.0,,Mon Dec 16 00:00:00 EST 2024,Wed May 07 00:00:00 EDT 2025,N,0,0,0,,,,,,,,,2
0.0887999999999999,0.0,0.0,14.0,93.24,0,0.0,0.0,36.1486,0.0,0,-1,0.0,0.0,90.1254,0,0.0,37.3979,0.0,0.0,,,All-Wheel Drive,6,,9,850,0,Electricity,Electricity,10,-1,86.59,0,0.0,0.0,38.9248,0.0,0,0,48722,0,28,Nissan,ARIYA PLATINUM+ e-4ORCE 87kWh 19in. Wheels,N,False,0,97,267,276.0,0.0,256.0,0.0,Automatic (A1),133.2,0.0,123.7,0.0,Small Sport Utility Vehicle 4WD,2025,7750,ARIYA,,,,,EV,,,160 and 160 kW AC 3-phase,NSX,,0.0,,Mon Dec 16 00:00:00 EST 2024,Wed May 07 00:00:00 EDT 2025,N,0,0,0,,,,,,,,,2
0.0936,0.0,0.0,14.0,89.39,0,0.0,0.0,37.7056,0.0,0,-1,0.0,0.0,86.7801,0,0.0,38.8396,0.0,0.0,,,All-Wheel Drive,7,,9,850,0,Electricity,Electricity,10,-1,83.79,0,0.0,0.0,40.2256,0.0,0,0,48723,0,28,Nissan,ARIYA PLATINUM+ e-4ORCE 87kWh 20in. Wheels,N,False,0,97,257,264.0,0.0,248.0,0.0,Automatic (A1),127.7,0.0,119.7,0.0,Small Sport Utility Vehicle 4WD,2025,7750,ARIYA,,,,,EV,,,160 and 160 kW AC 3-phase,NSX,,0.0,,Mon Dec 16 00:00:00 EST 2024,Wed May 07 00:00:00 EDT 2025,N,0,0,0,,,,,,,,,3
0.0863999999999999,0.0,0.0,10.0,103.32,0,0.0,0.0,32.622,0.0,0,-1,0.0,0.0,93.5902,0,0.0,36.0134,0.0,0.0,,,Rear-Wheel Drive,277,,9,800,0,Electricity,Electricity,10,-1,83.93,0,0.0,0.0,40.1585,0.0,0,0,48724,0,0,Polestar,3 Long Range Single Motor (20 Inch Wheels),N,False,0,0,342,374.0,0.0,303.0,0.0,Automatic (A1),147.6,0.0,119.9,0.0,Standard Sport Utility Vehicle 2WD,2025,8000,3,,,,,EV,,,220 kW PMSM,VVX,,0.0,,Mon Dec 16 00:00:00 EST 2024,Mon Dec 16 00:00:00 EST 2024,N,0,0,0,,,,,,,,,3
0.0839999999999999,0.0,0.0,10.0,105.42,0,0.0,0.0,31.9721,0.0,0,-1,0.0,0.0,95.478,0,0.0,35.3013,0.0,0.0,,,Rear-Wheel Drive,278,,9,800,0,Electricity,Electricity,10,-1,85.61,0,0.0,0.0,39.3704,0.0,0,0,48725,0,0,Polestar,3 Long Range Single Motor (21 Inch Wheels),N,False,0,0,350,382.0,0.0,310.0,0.0,Automatic (A1),150.6,0.0,122.3,0.0,Standard Sport Utility Vehicle 2WD,2025,8000,3,,,,,EV,,,220 kW PMSM,VVX,,0.0,,Mon Dec 16 00:00:00 EST 2024,Mon Dec 16 00:00:00 EST 2024,N,0,0,0,,,,,,,,,2
0.0887999999999999,0.0,0.0,10.0,100.24,0,0.0,0.0,33.6243,0.0,0,-1,0.0,0.0,91.2191,0,0.0,36.9495,0.0,0.0,,,Rear-Wheel Drive,279,,9,850,0,Electricity,Electricity,10,-1,82.18,0,0.0,0.0,41.0136,0.0,0,0,48726,0,0,Polestar,3 Long Range Single Motor (22 Inch Wheels),N,False,0,0,333,362.0,0.0,297.0,0.0,Automatic (A1),143.2,0.0,117.4,0.0,Standard Sport Utility Vehicle 2WD,2025,7750,3,,,,,EV,,,220 kW PMSM,VVX,,0.0,,Mon Dec 16 00:00:00 EST 2024,Mon Dec 16 00:00:00 EST 2024,N,0,0,0,,,,,,,,,2
0.0815999999999999,0.0,0.0,11.5,106.61,0,0.0,0.0,31.6152,0.0,0,-1,0.0,0.0,97.801,0,0.0,34.4628,0.0,0.0,,,All-Wheel Drive,330,,9,800,0,Electricity,Electricity,10,-1,88.83,0,0.0,0.0,37.9433,0.0,0,0,48727,0,0,Porsche,Macan 4 Electric,N,False,0,0,308,333.0,0.0,277.0,0.0,Automatic (A1),152.3,0.0,126.9,0.0,Small Sport Utility Vehicle 4WD,2025,8000,Macan,,,,,EV,,,"175, 175 and 495 kW ACPM",PRX,,0.0,,Mon Dec 16 00:00:00 EST 2024,Wed Jun 25 00:00:00 EDT 2025,N,0,0,0,,,,,,,,,2
0.0887999999999999,0.0,0.0,11.5,97.86,0,0.0,0.0,34.4421,0.0,0,-1,0.0,0.0,90.6867,0,0.0,37.1664,0.0,0.0,,,All-Wheel Drive,320,,9,850,0,Electricity,Electricity,10,-1,83.23,0,0.0,0.0,40.4962,0.0,0,0,48728,0,0,Porsche,Macan 4S Electric,N,False,0,0,288,309.0,0.0,263.0,0.0,Automatic (A1),139.8,0.0,118.9,0.0,Small Sport Utility Vehicle 4WD,2025,7750,Macan,,,,,EV,,,"280, 280 and 495 kW ACPM",PRX,,0.0,,Mon Dec 16 00:00:00 EST 2024,Wed Jun 25 00:00:00 EDT 2025,N,0,0,0,,,,,,,,,2
0.0887999999999999,0.0,0.0,11.5,98.7,0,0.0,0.0,34.1489,0.0,0,-1,0.0,0.0,91.3075,0,0.0,36.9137,0.0,0.0,,,All-Wheel Drive,341,,9,850,0,Electricity,Electricity,10,-1,83.65,0,0.0,0.0,40.2929,0.0,0,0,48729,0,0,Porsche,Macan Turbo Electric,N,False,0,0,288,309.0,0.0,262.0,0.0,Automatic (A1),141.0,0.0,119.5,0.0,Small Sport Utility Vehicle 4WD,2025,7750,Macan,,,,,EV,,,"280, 280 and 495 kW ACPM",PRX,,0.0,,Mon Dec 16 00:00:00 EST 2024,Wed Jun 25 00:00:00 EDT 2025,N,0,0,0,,,,,,,,,0
0.1008,0.0,0.0,13.0,83.51,0,0.0,0.0,40.3604,0.0,0,-1,0.0,0.0,81.1978,0,0.0,41.5097,0.0,0.0,,,All-Wheel Drive,705,,9,950,0,Electricity,Electricity,10,-1,78.54,0,0.0,0.0,42.9144,0.0,24,90,48730,0,0,Porsche,Taycan 4 Cross Turismo,N,False,0,0,277,285.0,0.0,268.0,0.0,Automatic (A2),119.3,0.0,112.2,0.0,Midsize Cars,2025,7250,Taycan,,,,,EV,,,150 and 354 kW ACPM,PRX,,0.0,,Mon Dec 16 00:00:00 EST 2024,Wed Jun 25 00:00:00 EDT 2025,N,0,0,0,,,,,,,,,0
0.1008,0.0,0.0,13.0,81.97,0,0.0,0.0,41.1187,0.0,0,-1,0.0,0.0,79.7909,0,0.0,42.2417,0.0,0.0,,,All-Wheel Drive,725,,9,950,0,Electricity,Electricity,10,-1,77.28,0,0.0,0.0,43.6141,0.0,24,91,48731,0,0,Porsche,Taycan 4S Cross Turismo,N,False,0,0,272,279.0,0.0,263.0,0.0,Automatic (A2),117.1,0.0,110.4,0.0,Midsize Cars,2025,7250,Taycan,,,,,EV,,,150 and 175 kW ACPM,PRX,,0.0,,Mon Dec 16 00:00:00 EST 2024,Wed Jun 25 00:00:00 EDT 2025,N,0,0,0,,,,,,,,,0
0.0936,0.0,0.0,13.0,89.32,0,0.0,0.0,37.7351,0.0,0,-1,0.0,0.0,87.4462,0,0.0,38.5437,0.0,0.0,,,All-Wheel Drive,721,,9,850,0,Electricity,Electricity,10,-1,85.26,0,0.0,0.0,39.532,0.0,0,0,48732,0,12,Porsche,Taycan 4S Perf Battery Plus,N,False,0,89,295,301.0,0.0,287.0,0.0,Automatic (A2),127.6,0.0,121.8,0.0,Compact Cars,2025,7750,Taycan,,,,,EV,,,201 and 234 kW ACPM,PRX,,0.0,,Mon Dec 16 00:00:00 EST 2024,Wed Jun 25 00:00:00 EDT 2025,N,0,0,0,,,,,,,,,0
0.0911999999999999,0.0,0.0,11.5,90.37,0,0.0,0.0,37.2967,0.0,0,-1,0.0,0.0,87.6597,0,0.0,38.4498,0.0,0.0,,,All-Wheel Drive,720,,9,850,0,Electricity,Electricity,10,-1,84.56,0,0.0,0.0,39.8593,0.0,0,0,48733,0,12,Porsche,Taycan 4S Performance Battery,N,False,0,89,252,260.0,0.0,243.0,0.0,Automatic (A2),129.1,0.0,120.8,0.0,Compact Cars,2025,7750,Taycan,,,,,EV,,,150 and 234 kW ACPM,PRX,,0.0,,Mon Dec 16 00:00:00 EST 2024,Wed Jun 25 00:00:00 EDT 2025,N,0,0,0,,,,,,,,,0
0.0936,0.0,0.0,13.0,87.71,0,0.0,0.0,38.4278,0.0,0,-1,0.0,0.0,85.6691,0,0.0,39.3432,0.0,0.0,,,All-Wheel Drive,740,,9,900,0,Electricity,Electricity,10,-1,83.3,0,0.0,0.0,40.4622,0.0,0,0,48734,0,11,Porsche,Taycan Turbo,N,False,0,89,292,299.0,0.0,284.0,0.0,Automatic (A2),125.3,0.0,119.0,0.0,Compact Cars,2025,7500,Taycan,,,,,EV,,,175 and 234 kW ACPM,PRX,,0.0,,Mon Dec 16 00:00:00 EST 2024,Wed Jun 25 00:00:00 EDT 2025,N,0,0,0,,,,,,,,,1
0.0863999999999999,0.0,0.0,13.0,93.87,0,0.0,0.0,35.906,0.0,0,-1,0.0,0.0,93.1386,0,0.0,36.188,0.0,0.0,,,All-Wheel Drive,741,,9,800,0,Electricity,Electricity,10,-1,92.26,0,0.0,0.0,36.5326,0.0,0,0,48735,0,11,Porsche,Taycan Turbo 21in Aero-Design wheel (285/35),N,False,0,89,317,319.0,0.0,314.0,0.0,Automatic (A2),134.1,0.0,131.8,0.0,Compact Cars,2025,8000,Taycan,,,,,EV,,,175 and 234 kW ACPM,PRX,,0.0,,Mon Dec 16 00:00:00 EST 2024,Wed Jun 25 00:00:00 EDT 2025,N,0,0,0,,,,,,,,,0
0.1032,0.0,0.0,13.0,80.29,0,0.0,0.0,41.9791,0.0,0,-1,0.0,0.0,78.4774,0,0.0,42.9487,0.0,0.0,,,All-Wheel Drive,745,,9,950,0,Electricity,Electricity,10,-1,76.37,0,0.0,0.0,44.1338,0.0,24,92,48736,0,0,Porsche,Taycan Turbo Cross Turismo,N,False,0,0,265,271.0,0.0,258.0,0.0,Automatic (A2),114.7,0.0,109.1,0.0,Midsize Cars,2025,7250,Taycan,,,,,EV,,,190 and 201 kW ACPM,PRX,,0.0,,Mon Dec 16 00:00:00 EST 2024,Wed Jun 25 00:00:00 EDT 2025,N,0,0,0,,,,,,,,,0
0.0984,0.0,0.0,13.0,86.24,0,0.0,0.0,39.0828,0.0,0,-1,0.0,0.0,82.4564,0,0.0,40.8761,0.0,0.0,,,All-Wheel Drive,756,,9,900,0,Electricity,Electricity,10,-1,78.26,0,0.0,0.0,43.068,0.0,0,0,48737,0,11,Porsche,Taycan Turbo GT,N,False,0,89,276,288.0,0.0,261.0,0.0,Automatic (A2),123.2,0.0,111.8,0.0,Compact Cars,2025,7500,Taycan,,,,,EV,,,150 and 253 kW ACPM,PRX,,0.0,,Mon Dec 16 00:00:00 EST 2024,Wed Jun 25 00:00:00 EDT 2025,N,0,0,0,,,,,,,,,1
0.1008,0.0,0.0,13.0,84.84,0,0.0,0.0,39.7277,0.0,0,-1,0.0,0.0,80.7365,0,0.0,41.7469,0.0,0.0,,,All-Wheel Drive,757,,9,950,0,Electricity,Electricity,10,-1,76.23,0,0.0,0.0,44.2149,0.0,0,0,48738,0,11,Porsche,Taycan Turbo GT with Weissach Package,N,False,0,89,269,282.0,0.0,253.0,0.0,Automatic (A2),121.2,0.0,108.9,0.0,Compact Cars,2025,7250,Taycan,,,,,EV,,,175 and 234 kW ACPM,PRX,,0.0,,Mon Dec 16 00:00:00 EST 2024,Wed Jun 25 00:00:00 EDT 2025,N,0,0,0,,,,,,,,,1
0.1032,0.0,0.0,13.0,79.87,0,0.0,0.0,42.1998,0.0,0,-1,0.0,0.0,78.8137,0,0.0,42.7654,0.0,0.0,,,All-Wheel Drive,750,,9,950,0,Electricity,Electricity,10,-1,77.56,0,0.0,0.0,43.4567,0.0,0,0,48739,0,11,Porsche,Taycan Turbo S,N,False,0,89,266,270.0,0.0,262.0,0.0,Automatic (A2),114.1,0.0,110.8,0.0,Compact Cars,2025,7250,Taycan,,,,,EV,,,190 and 235 kW ACPM,PRX,,0.0,,Mon Dec 16 00:00:00 EST 2024,Wed Jun 25 00:00:00 EDT 2025,N,0,0,0,,,,,,,,,1
0.0911999999999999,0.0,0.0,13.0,89.88,0,0.0,0.0,37.5,0.0,0,-1,0.0,0.0,89.7538,0,0.0,37.5527,0.0,0.0,,,All-Wheel Drive,751,,9,850,0,Electricity,Electricity,10,-1,89.6,0,0.0,0.0,37.6172,0.0,0,0,48740,0,11,Porsche,Taycan Turbo S 21in Aero-Design wheel (285/35),N,False,0,89,298,298.0,0.0,297.0,0.0,Automatic (A2),128.4,0.0,128.0,0.0,Compact Cars,2025,7750,Taycan,,,,,EV,,,234 and 254 kW ACPM,PRX,,0.0,,Mon Dec 16 00:00:00 EST 2024,Wed Jun 25 00:00:00 EDT 2025,N,0,0,0,,,,,,,,,0
0.1056,0.0,0.0,13.0,78.96,0,0.0,0.0,42.6862,0.0,0,-1,0.0,0.0,77.2794,0,0.0,43.6145,0.0,0.0,,,All-Wheel Drive,755,,9,1000,0,Electricity,Electricity,10,-1,75.32,0,0.0,0.0,44.7491,0.0,24,93,48741,0,0,Porsche,Taycan Turbo S Cross Turismo,N,False,0,0,261,267.0,0.0,254.0,0.0,Automatic (A2),112.8,0.0,107.6,0.0,Midsize Cars,2025,7000,Taycan,,,,,EV,,,150 and 253 kW ACPM,PRX,,0.0,,Mon Dec 16 00:00:00 EST 2024,Wed Jun 25 00:00:00 EDT 2025,N,0,0,0,,,,,,,,,0
0.1056,0.0,0.0,12.0,81.8984,0,0.0,0.0,41.1546,0.0,0,-1,0.0,0.0,75.9769,0,0.0,44.3622,0.0,0.0,,,4-Wheel Drive,96,,9,1000,0,Electricity,Electricity,10,-1,69.808,0,0.0,0.0,48.2824,0.0,0,0,48742,0,0,Rivian,R1S All-Terrain Dual Large (20in),N,False,0,0,289,310.0,0.0,264.0,0.0,Automatic (A1),114.0,0.0,97.0,0.0,Standard Sport Utility Vehicle 4WD,2025,7000,R1S,,,,,EV,,,264 and 264 kW ACPM,RIV,,0.0,,Mon Dec 16 00:00:00 EST 2024,Wed Jun 25 00:00:00 EDT 2025,N,0,0,0,,,,,,,,,0
0.1056,0.0,0.0,12.0,81.8984,0,0.0,0.0,41.1546,0.0,0,-1,0.0,0.0,75.9769,0,0.0,44.3622,0.0,0.0,,,4-Wheel Drive,102,,9,1000,0,Electricity,Electricity,10,-1,69.808,0,0.0,0.0,48.2824,0.0,0,0,48743,0,0,Rivian,R1S All-Terrain Performance Dual Large (20in),N,False,0,0,289,310.0,0.0,264.0,0.0,Automatic (A1),114.0,0.0,97.0,0.0,Standard Sport Utility Vehicle 4WD,2025,7000,R1S,,,,,EV,,,264 and 264 kW ACPM,RIV,,0.0,,Mon Dec 16 00:00:00 EST 2024,Wed Jun 25 00:00:00 EDT 2025,N,0,0,0,,,,,,,,,0
0.12,0.0,0.0,15.0,71.7938,0,0.0,0.0,46.947,0.0,0,-1,0.0,0.0,67.6338,0,0.0,49.8346,0.0,0.0,,,4-Wheel Drive,90,,9,1100,0,Electricity,Electricity,10,-1,63.1608,0,0.0,0.0,53.3638,0.0,0,0,48744,0,0,Rivian,R1S All-Terrain Tri Max (20in),N,False,0,0,329,348.0,0.0,306.0,0.0,Automatic (A1),97.3,0.0,85.6,0.0,Standard Sport Utility Vehicle 4WD,2025,6500,R1S,,,,,EV,,,201 and 233 kW ACPM,RIV,,0.0,,Mon Dec 16 00:00:00 EST 2024,Wed Jun 25 00:00:00 EDT 2025,N,0,0,0,,,,,,,,,0
0.1032,0.0,0.0,12.0,84.98,0,0.0,0.0,39.6623,0.0,0,-1,0.0,0.0,78.6194,0,0.0,42.8711,0.0,0.0,,,4-Wheel Drive,94,,9,950,0,Electricity,Electricity,10,-1,72.03,0,0.0,0.0,46.793,0.0,0,0,48745,0,0,Rivian,R1S Dual Large (20in),N,False,0,0,300,322.0,0.0,273.0,0.0,Automatic (A1),121.0,0.0,103.0,0.0,Standard Sport Utility Vehicle 4WD,2025,7250,R1S,,,,,EV,,,264 and 264 kW ACPM,RIV,,0.0,,Mon Dec 16 00:00:00 EST 2024,Wed Jun 25 00:00:00 EDT 2025,N,0,0,0,,,,,,,,,3
0.0936,0.0,0.0,12.0,93.9193,0,0.0,0.0,35.8872,0.0,0,-1,0.0,0.0,85.3883,0,0.0,39.4726,0.0,0.0,,,4-Wheel Drive,92,,9,900,0,Electricity,Electricity,10,-1,76.8559,0,0.0,0.0,43.8548,0.0,0,0,48746,0,0,Rivian,R1S Dual Large (22in),N,False,0,0,329,358.0,0.0,293.0,0.0,Automatic (A1),133.0,0.0,109.0,0.0,Standard Sport Utility Vehicle 4WD,2025,7500,R1S,,,,,EV,,,264 and 264 kW ACPM,RIV,,0.0,,Mon Dec 16 00:00:00 EST 2024,Wed Jun 25 00:00:00 EDT 2025,N,0,0,0,,,,,,,,,0
0.1032,0.0,0.0,12.0,84.56,0,0.0,0.0,39.8593,0.0,0,-1,0.0,0.0,78.1589,0,0.0,43.1237,0.0,0.0,,,4-Wheel Drive,84,,9,950,0,Electricity,Electricity,10,-1,71.54,0,0.0,0.0,47.1135,0.0,0,0,48747,0,0,Rivian,R1S Dual Large Plus (20in),N,False,0,0,317,341.0,0.0,288.0,0.0,Automatic (A1),120.8,0.0,102.2,0.0,Standard Sport Utility Vehicle 4WD,2025,7250,R1S,,,,,EV,,,264 and 264 kW ACPM,RIV,,0.0,,Mon Dec 16 00:00:00 EST 2024,Wed Jun 25 00:00:00 EDT 2025,N,0,0,0,,,,,,,,,0
0.1032,0.0,0.0,12.0,84.98,0,0.0,0.0,39.6623,0.0,0,-1,0.0,0.0,78.6194,0,0.0,42.8711,0.0,0.0,,,4-Wheel Drive,100,,9,950,0,Electricity,Electricity,10,-1,72.03,0,0.0,0.0,46.793,0.0,0,0,48748,0,0,Rivian,R1S Performance Dual Large (20in),N,False,0,0,300,322.0,0.0,273.0,0.0,Automatic (A1),121.0,0.0,103.0,0.0,Standard Sport Utility Vehicle 4WD,2025,7250,R1S,,,,,EV,,,264 and 264 kW ACPM,RIV,,0.0,,Mon Dec 16 00:00:00 EST 2024,Wed Jun 25 00:00:00 EDT 2025,N,0,0,0,,,,,,,,,0
0.0936,0.0,0.0,12.0,93.9193,0,0.0,0.0,35.8872,0.0,0,-1,0.0,0.0,85.3883,0,0.0,39.4726,0.0,0.0,,,4-Wheel Drive,98,,9,900,0,Electricity,Electricity,10,-1,76.8559,0,0.0,0.0,43.8548,0.0,0,0,48749,0,0,Rivian,R1S Performance Dual Large (22in),N,False,0,0,329,358.0,0.0,293.0,0.0,Automatic (A1),133.0,0.0,109.0,0.0,Standard Sport Utility Vehicle 4WD,2025,7500,R1S,,,,,EV,,,264 and 264 kW ACPM,RIV,,0.0,,Mon Dec 16 00:00:00 EST 2024,Wed Jun 25 00:00:00 EDT 2025,N,0,0,0,,,,,,,,,0
0.1032,0.0,0.0,12.0,84.56,0,0.0,0.0,39.8593,0.0,0,-1,0.0,0.0,78.1589,0,0.0,43.1237,0.0,0.0,,,4-Wheel Drive,86,,9,950,0,Electricity,Electricity,10,-1,71.54,0,0.0,0.0,47.1135,0.0,0,0,48750,0,0,Rivian,R1S Performance Dual Large Plus (20in),N,False,0,0,317,341.0,0.0,288.0,0.0,Automatic (A1),120.8,0.0,102.2,0.0,Standard Sport Utility Vehicle 4WD,2025,7250,R1S,,,,,EV,,,264 and 264 kW ACPM,RIV,,0.0,,Mon Dec 16 00:00:00 EST 2024,Wed Jun 25 00:00:00 EDT 2025,N,0,0,0,,,,,,,,,0
0.108,0.0,0.0,15.0,81.0366,0,0.0,0.0,41.5923,0.0,0,-1,0.0,0.0,75.6197,0,0.0,44.5717,0.0,0.0,,,4-Wheel Drive,88,,9,1000,0,Electricity,Electricity,10,-1,69.9083,0,0.0,0.0,48.2132,0.0,0,0,48751,0,0,Rivian,R1S Tri Max (22in),N,False,0,0,371,395.0,0.0,341.0,0.0,Automatic (A1),113.6,0.0,98.0,0.0,Standard Sport Utility Vehicle 4WD,2025,7000,R1S,,,,,EV,,,"201, 201 and 233 kW ACPM",RIV,,0.0,,Mon Dec 16 00:00:00 EST 2024,Wed Jun 25 00:00:00 EDT 2025,N,0,0,0,,,,,,,,,0
0.1056,0.0,0.0,12.0,81.8984,0,0.0,0.0,41.1546,0.0,0,-1,0.0,0.0,75.9769,0,0.0,44.3622,0.0,0.0,,,4-Wheel Drive,95,,9,1000,0,Electricity,Electricity,10,-1,69.808,0,0.0,0.0,48.2824,0.0,0,0,48752,0,0,Rivian,R1T All-Terrain Dual Large (20in),N,False,0,0,289,310.0,0.0,264.0,0.0,Automatic (A1),114.0,0.0,97.0,0.0,Standard Pickup Trucks 4WD,2025,7000,R1T,,,,,EV,,,264 and 264 kW ACPM,RIV,,0.0,,Mon Dec 16 00:00:00 EST 2024,Wed Jun 25 00:00:00 EDT 2025,N,0,0,0,,,,,,,,,0
0.1056,0.0,0.0,12.0,81.8984,0,0.0,0.0,41.1546,0.0,0,-1,0.0,0.0,75.9769,0,0.0,44.3622,0.0,0.0,,,4-Wheel Drive,101,,9,1000,0,Electricity,Electricity,10,-1,69.808,0,0.0,0.0,48.2824,0.0,0,0,48753,0,0,Rivian,R1T All-Terrain Performance Dual Large (20in),N,False,0,0,289,310.0,0.0,264.0,0.0,Automatic (A1),114.0,0.0,97.0,0.0,Standard Pickup Trucks 4WD,2025,7000,R1T,,,,,EV,,,264 and 264 kW ACPM,RIV,,0.0,,Mon Dec 16 00:00:00 EST 2024,Wed Jun 25 00:00:00 EDT 2025,N,0,0,0,,,,,,,,,0
0.12,0.0,0.0,15.0,71.7938,0,0.0,0.0,46.947,0.0,0,-1,0.0,0.0,67.6338,0,0.0,49.8346,0.0,0.0,,,4-Wheel Drive,89,,9,1100,0,Electricity,Electricity,10,-1,63.1608,0,0.0,0.0,53.3638,0.0,0,0,48754,0,0,Rivian,R1T All-Terrain Tri Max (20in),N,False,0,0,329,348.0,0.0,306.0,0.0,Automatic (A1),97.3,0.0,85.6,0.0,Standard Pickup Trucks 4WD,2025,6500,R1T,,,,,EV,,,"201, 201 and 233 kW ACPM",RIV,,0.0,,Mon Dec 16 00:00:00 EST 2024,Wed Jun 25 00:00:00 EDT 2025,N,0,0,0,,,,,,,,,0
0.1032,0.0,0.0,12.0,84.98,0,0.0,0.0,39.6623,0.0,0,-1,0.0,0.0,78.6194,0,0.0,42.8711,0.0,0.0,,,4-Wheel Drive,93,,9,950,0,Electricity,Electricity,10,-1,72.03,0,0.0,0.0,46.793,0.0,0,0,48755,0,0,Rivian,R1T Dual Large (20in),N,False,0,0,300,322.0,0.0,273.0,0.0,Automatic (A1),121.0,0.0,103.0,0.0,Standard Pickup Trucks 4WD,2025,7250,R1T,,,,,EV,,,264 and 264 kW ACPM,RIV,,0.0,,Mon Dec 16 00:00:00 EST 2024,Wed Jun 25 00:00:00 EDT 2025,N,0,0,0,,,,,,,,,0
0.0936,0.0,0.0,12.0,93.9193,0,0.0,0.0,35.8872,0.0,0,-1,0.0,0.0,85.3883,0,0.0,39.4726,0.0,0.0,,,4-Wheel Drive,91,,9,900,0,Electricity,Electricity,10,-1,76.8559,0,0.0,0.0,43.8548,0.0,0,0,48756,0,0,Rivian,R1T Dual Large (22in),N,False,0,0,329,358.0,0.0,293.0,0.0,Automatic (A1),133.0,0.0,109.0,0.0,Standard Pickup Trucks 4WD,2025,7500,R1T,,,,,EV,,,264 and 264 kW ACPM,RIV,,0.0,,Mon Dec 16 00:00:00 EST 2024,Wed Jun 25 00:00:00 EDT 2025,N,0,0,0,,,,,,,,,0
0.1032,0.0,0.0,12.0,84.56,0,0.0,0.0,39.8593,0.0,0,-1,0.0,0.0,78.1589,0,0.0,43.1237,0.0,0.0,,,4-Wheel Drive,83,,9,950,0,Electricity,Electricity,10,-1,71.54,0,0.0,0.0,47.1135,0.0,0,0,48757,0,0,Rivian,R1T Dual Large Plus (20in),N,False,0,0,317,341.0,0.0,288.0,0.0,Automatic (A1),120.8,0.0,102.2,0.0,Standard Pickup Trucks 4WD,2025,7250,R1T,,,,,EV,,,264 and 264 kW ACPM,RIV,,0.0,,Mon Dec 16 00:00:00 EST 2024,Wed Jun 25 00:00:00 EDT 2025,N,0,0,0,,,,,,,,,3
0.1032,0.0,0.0,12.0,84.98,0,0.0,0.0,39.6623,0.0,0,-1,0.0,0.0,78.6194,0,0.0,42.8711,0.0,0.0,,,4-Wheel Drive,99,,9,950,0,Electricity,Electricity,10,-1,72.03,0,0.0,0.0,46.793,0.0,0,0,48758,0,0,Rivian,R1T Performance Dual Large (20in),N,False,0,0,300,322.0,0.0,273.0,0.0,Automatic (A1),121.0,0.0,103.0,0.0,Standard Pickup Trucks 4WD,2025,7250,R1T,,,,,EV,,,264 and 264 kW ACPM,RIV,,0.0,,Mon Dec 16 00:00:00 EST 2024,Wed Jun 25 00:00:00 EDT 2025,N,0,0,0,,,,,,,,,3
0.0936,0.0,0.0,12.0,93.9193,0,0.0,0.0,35.8872,0.0,0,-1,0.0,0.0,85.3883,0,0.0,39.4726,0.0,0.0,,,4-Wheel Drive,97,,9,900,0,Electricity,Electricity,10,-1,76.8559,0,0.0,0.0,43.8548,0.0,0,0,48759,0,0,Rivian,R1T Performance Dual Large (22in),N,False,0,0,329,358.0,0.0,293.0,0.0,Automatic (A1),133.0,0.0,109.0,0.0,Standard Pickup Trucks 4WD,2025,7500,R1T,,,,,EV,,,264 and 264 kW ACPM,RIV,,0.0,,Mon Dec 16 00:00:00 EST 2024,Wed Jun 25 00:00:00 EDT 2025,N,0,0,0,,,,,,,,,3
0.1032,0.0,0.0,12.0,84.56,0,0.0,0.0,39.8593,0.0,0,-1,0.0,0.0,78.1589,0,0.0,43.1237,0.0,0.0,,,4-Wheel Drive,85,,9,950,0,Electricity,Electricity,10,-1,71.54,0,0.0,0.0,47.1135,0.0,0,0,48760,0,0,Rivian,R1T Performance Dual Large Plus (20in),N,False,0,0,317,341.0,0.0,288.0,0.0,Automatic (A1),120.8,0.0,102.2,0.0,Standard Pickup Trucks 4WD,2025,7250,R1T,,,,,EV,,,264 and 264 kW ACPM,RIV,,0.0,,Mon Dec 16 00:00:00 EST 2024,Wed Jun 25 00:00:00 EDT 2025,N,0,0,0,,,,,,,,,3
0.108,0.0,0.0,15.0,81.0366,0,0.0,0.0,41.5923,0.0,0,-1,0.0,0.0,75.6197,0,0.0,44.5717,0.0,0.0,,,4-Wheel Drive,87,,9,1000,0,Electricity,Electricity,10,-1,69.9083,0,0.0,0.0,48.2132,0.0,0,0,48761,0,0,Rivian,R1T Tri Max (22in),N,False,0,0,371,395.0,0.0,341.0,0.0,Automatic (A1),113.6,0.0,98.0,0.0,Standard Pickup Trucks 4WD,2025,7000,R1T,,,,,EV,,,"201, 201 and 233 kW ACPM",RIV,,0.0,,Mon Dec 16 00:00:00 EST 2024,Wed Jun 25 00:00:00 EDT 2025,N,0,0,0,,,,,,,,,0
0.0768,0.0,0.0,11.0,114.0,0,0.0,0.0,30.0,0.0,0,-1,0.0,0.0,104.0,0,0.0,32.0,0.0,0.0,,,All-Wheel Drive,81,,9,700,0,Electricity,Electricity,10,-1,94.0,0,0.0,0.0,36.0,0.0,0,0,48762,0,0,Subaru,Solterra AWD,N,False,0,0,227,245.0,0.0,205.0,0.0,Automatic (A1),170.6,0.0,140.6,0.0,Small Sport Utility Vehicle 4WD,2025,8500,Solterra,,,,,EV,,,80 and 80 kW AC Synchronous,FJX,,0.0,,Mon Dec 16 00:00:00 EST 2024,Wed May 07 00:00:00 EDT 2025,N,0,0,0,,,,,,,,,0
0.0791999999999999,0.0,0.0,11.0,111.0,0,0.0,0.0,30.0,0.0,0,-1,0.0,0.0,102.0,0,0.0,33.0,0.0,0.0,,,All-Wheel Drive,82,,9,750,0,Electricity,Electricity,10,-1,93.0,0,0.0,0.0,36.0,0.0,0,0,48763,0,0,Subaru,Solterra Limited/Touring AWD,N,False,0,0,222,240.0,0.0,200.0,0.0,Automatic (A1),163.4,0.0,136.1,0.0,Small Sport Utility Vehicle 4WD,2025,8250,Solterra,,,,,EV,,,80 and 80 kW AC Synchronous,FJX,,0.0,,Mon Dec 16 00:00:00 EST 2024,Wed May 07 00:00:00 EDT 2025,N,0,0,0,,,,,,,,,0
0.0624,0.0,0.0,11.7,133.35,0,0.0,0.0,25.2756,0.0,0,-1,0.0,0.0,127.7882,0,0.0,26.3757,0.0,0.0,,,All-Wheel Drive,36,,10,600,0,Electricity,Electricity,10,-1,121.59,0,0.0,0.0,27.7202,0.0,0,0,48764,0,15,Tesla,Model 3 Long Range AWD,N,False,0,97,346,360.0,0.0,329.0,0.0,Automatic (A1),190.5,0.0,173.7,0.0,Midsize Cars,2025,9000,Model 3,,,,,EV,,,85 and 88 kW ACPM 3-Phase,TSL,,0.0,,Mon Dec 16 00:00:00 EST 2024,Wed Jun 25 00:00:00 EDT 2025,N,0,0,0,75.0,,6.8,,11.0,250.0,NACS,,0
0.06,0.0,0.0,11.7,144.83,0,0.0,0.0,23.2721,0.0,0,-1,0.0,0.0,136.7907,0,0.0,24.6398,0.0,0.0,,,Rear-Wheel Drive,32,,10,550,0,Electricity,Electricity,10,-1,128.1,0,0.0,0.0,26.3115,0.0,0,0,48765,0,15,Tesla,Model 3 Long Range RWD,N,False,0,97,363,383.0,0.0,339.0,0.0,Automatic (A1),206.9,0.0,183.0,0.0,Midsize Cars,2025,9250,Model 3,,,,,EV,,,192 kW ACPM 3-Phase,TSL,,0.0,,Mon Dec 16 00:00:00 EST 2024,Wed Jun 25 00:00:00 EDT 2025,N,0,0,0,75.0,,6.8,,11.0,250.0,NACS,,0
0.0768,0.0,0.0,14.0,107.6844,0,0.0,0.0,31.2998,0.0,0,-1,0.0,0.0,103.7497,0,0.0,32.4868,0.0,0.0,,,All-Wheel Drive,60,,9,750,0,Electricity,Electricity,10,-1,99.3144,0,0.0,0.0,33.9377,0.0,26,94,48766,0,0,Tesla,Model S Plaid (19in wheels),N,False,0,0,348,361.0,0.0,333.0,0.0,Automatic (A1),153.1,0.0,141.2,0.0,Large Cars,2025,8250,Model S,,,,,EV,,,"250, 250 and 250 kW ACPM 3-Phase",TSL,,0.0,,Mon Dec 16 00:00:00 EST 2024,Wed Jun 25 00:00:00 EDT 2025,N,0,0,0,,,,,,,,,0
0.0863999999999999,0.0,0.0,14.0,97.0665,0,0.0,0.0,34.7236,0.0,0,-1,0.0,0.0,93.2606,0,0.0,36.1407,0.0,0.0,,,All-Wheel Drive,59,,9,800,0,Electricity,Electricity,10,-1,88.9958,0,0.0,0.0,37.8726,0.0,26,94,48767,0,0,Tesla,Model S Plaid (21in wheels),N,False,0,0,312,324.0,0.0,297.0,0.0,Automatic (A1),133.5,0.0,122.4,0.0,Large Cars,2025,8000,Model S,,,,,EV,,,"250, 250 and 250 kW ACPM 3-Phase",TSL,,0.0,,Mon Dec 16 00:00:00 EST 2024,Wed Jun 25 00:00:00 EDT 2025,N,0,0,0,,,,,,,,,0
0.0863999999999999,0.0,0.0,14.0,98.468,0,0.0,0.0,34.2294,0.0,0,-1,0.0,0.0,93.9728,0,0.0,35.8667,0.0,0.0,,,All-Wheel Drive,76,,9,800,0,Electricity,Electricity,10,-1,89.0067,0,0.0,0.0,37.8679,0.0,0,0,48768,0,0,Tesla,Model X Plaid (20in wheels),N,False,0,0,314,328.0,0.0,297.0,0.0,Automatic (A1),140.5,0.0,127.0,0.0,Standard Sport Utility Vehicle 4WD,2025,8000,Model X,,,,,EV,,,"230, 230 and 230 kW ACPM 3-Phase",TSL,,0.0,,Mon Dec 16 00:00:00 EST 2024,Wed Jun 25 00:00:00 EDT 2025,N,0,0,0,,,,,,,,,0
0.0911999999999999,0.0,0.0,14.0,92.26,0,0.0,0.0,36.5326,0.0,0,-1,0.0,0.0,88.4202,0,0.0,38.1191,0.0,0.0,,,All-Wheel Drive,74,,9,850,0,Electricity,Electricity,10,-1,84.14,0,0.0,0.0,40.0582,0.0,0,0,48769,0,0,Tesla,Model X Plaid (22in wheels),N,False,0,0,294,306.0,0.0,279.0,0.0,Automatic (A1),131.8,0.0,120.2,0.0,Standard Sport Utility Vehicle 4WD,2025,7750,Model X,,,,,EV,,,"230, 230 and 230 kW ACPM 3-Phase",TSL,,0.0,,Mon Dec 16 00:00:00 EST 2024,Wed Jun 25 00:00:00 EDT 2025,N,0,0,0,,,,,,,,,0
0.0696,0.0,0.0,12.0,122.64,0,0.0,0.0,27.4829,0.0,0,-1,0.0,0.0,117.0534,0,0.0,28.7946,0.0,0.0,,,All-Wheel Drive,45,,9,650,0,Electricity,Electricity,10,-1,110.88,0,0.0,0.0,30.3977,0.0,0,0,48770,0,0,Tesla,Model Y Long Range AWD,N,False,0,0,311,325.0,0.0,294.0,0.0,Automatic (A1),175.2,0.0,158.4,0.0,Small Sport Utility Vehicle 4WD,2025,8750,Model Y,,,,,EV,,,91 and 183 kW ACPM 3-Phase,TSL,,0.0,,Mon Dec 16 00:00:00 EST 2024,Wed Jun 25 00:00:00 EDT 2025,N,0,0,0,79.0,,7.2,,11.0,250.0,NACS,,1
0.0648,0.0,0.0,12.0,133.7,0,0.0,0.0,25.2094,0.0,0,-1,0.0,0.0,125.4696,0,0.0,26.8631,0.0,0.0,,,Rear-Wheel Drive,42,,10,600,0,Electricity,Electricity,10,-1,116.69,0,0.0,0.0,28.8842,0.0,0,0,48771,0,0,Tesla,Model Y Long Range RWD,N,False,0,0,337,357.0,0.0,312.0,0.0,Automatic (A1),191.0,0.0,166.7,0.0,Small Sport Utility Vehicle 2WD,2025,9000,Model Y,,,,,EV,,,221 kW ACPM 3-Phase,TSL,,0.0,,Mon Dec 16 00:00:00 EST 2024,Wed Jun 25 00:00:00 EDT 2025,N,0,0,0,79.0,,7.2,,11.0,250.0,NACS,,1
0.0768,0.0,0.0,11.8,110.04,0,0.0,0.0,30.6298,0.0,0,-1,0.0,0.0,103.9889,0,0.0,32.4121,0.0,0.0,,,All-Wheel Drive,47,,9,750,0,Electricity,Electricity,10,-1,97.44,0,0.0,0.0,34.5905,0.0,0,0,48772,0,0,Tesla,Model Y Performance AWD,N,False,0,0,277,292.0,0.0,259.0,0.0,Automatic (A1),157.2,0.0,139.2,0.0,Small Sport Utility Vehicle 4WD,2025,8250,Model Y,,,,,EV,,,135 and 200 kW ACPM 3-Phase,TSL,,0.0,,Mon Dec 16 00:00:00 EST 2024,Wed Jun 25 00:00:00 EDT 2025,N,0,0,0,79.0,,7.2,,11.0,250.0,NACS,,0
0.0791999999999999,0.0,0.0,8.0,108.22,0,0.0,0.0,31.1449,0.0,0,-1,0.0,0.0,102.234,0,0.0,32.9685,0.0,0.0,,,All-Wheel Drive,308,,9,750,0,Electricity,Electricity,10,-1,95.76,0,0.0,0.0,35.1974,0.0,0,0,48773,0,30,Volkswagen,ID.4 AWD Pro,N,False,0,100,263,277.0,0.0,245.0,0.0,Automatic (A1),154.6,0.0,136.8,0.0,Small Sport Utility Vehicle 4WD,2025,8250,ID.4,,,,,EV,,,210 and 210 kW ACPM 3-Phase,VGA,,0.0,,Mon Dec 16 00:00:00 EST 2024,Wed May 07 00:00:00 EDT 2025,N,0,0,0,77.0,,7.0,,11.0,135.0,CCS2,,2
0.0791999999999999,0.0,0.0,8.0,108.22,0,0.0,0.0,31.1449,0.0,0,-1,0.0,0.0,102.234,0,0.0,32.9685,0.0,0.0,,,All-Wheel Drive,306,,9,750,0,Electricity,Electricity,10,-1,95.76,0,0.0,0.0,35.1974,0.0,0,0,48774,0,30,Volkswagen,ID.4 AWD Pro S,N,False,0,100,263,277.0,0.0,245.0,0.0,Automatic (A1),154.6,0.0,136.8,0.0,Small Sport Utility Vehicle 4WD,2025,8250,ID.4,,,,,EV,,,80 and 210 kW ACPM 3-Phase,VGA,,0.0,,Mon Dec 16 00:00:00 EST 2024,Wed May 07 00:00:00 EDT 2025,N,0,0,0,,,,,,,,,2
0.0744,0.0,0.0,8.0,116.2,0,0.0,0.0,29.006,0.0,0,-1,0.0,0.0,108.5048,0,0.0,31.0632,0.0,0.0,,,All-Wheel Drive,263,,9,700,0,Electricity,Electricity,10,-1,100.38,0,0.0,0.0,33.5774,0.0,0,0,48775,0,0,Volvo,EX30 Twin Performance (19 Inch Wheels),N,False,0,0,253,270.0,0.0,233.0,0.0,Automatic (A1),166.0,0.0,143.4,0.0,Small Sport Utility Vehicle 4WD,2025,8500,EX30,,,,,EV,,,115 and 185 kW PMSM,VVX,,0.0,,Mon Dec 16 00:00:00 EST 2024,Mon Dec 16 00:00:00 EST 2024,N,0,0,0,,,,,,,,,2
0.0744,0.0,0.0,8.0,117.6,0,0.0,0.0,28.6607,0.0,0,-1,0.0,0.0,108.5727,0,0.0,31.0437,0.0,0.0,,,All-Wheel Drive,276,,9,700,0,Electricity,Electricity,10,-1,99.26,0,0.0,0.0,33.9563,0.0,0,0,48776,0,0,Volvo,EX30 Twin Performance (20 Inch Wheels),N,False,0,0,250,269.0,0.0,227.0,0.0,Automatic (A1),168.0,0.0,141.8,0.0,Small Sport Utility Vehicle 4WD,2025,8500,EX30,,,,,EV,,,115 and 185 kW PMSM,VVX,,0.0,,Mon Dec 16 00:00:00 EST 2024,Mon Dec 16 00:00:00 EST 2024,N,0,0,0,,,,,,,,,0
0.1008,0.0,0.0,10.0,83.0,0,0.0,0.0,41.0,0.0,0,-1,0.0,0.0,81.0,0,0.0,42.0,0.0,0.0,,,All-Wheel Drive,270,,9,950,0,Electricity,Electricity,10,-1,78.0,0,0.0,0.0,43.0,0.0,0,0,48777,0,0,Volvo,EX90 Twin Motor (20 and 22 Inch Wheels),N,False,0,0,300,306.0,0.0,292.0,0.0,Automatic (A1),123.5,0.0,116.6,0.0,Standard Sport Utility Vehicle 4WD,2025,7250,EX90,,,,,EV,,,127 and 200 kW PMSM,VVX,,0.0,,Mon Dec 16 00:00:00 EST 2024,Mon Dec 16 00:00:00 EST 2024,N,0,0,0,,,,,,,,,0
0.096,0.0,0.0,10.0,86.45,0,0.0,0.0,38.9879,0.0,0,-1,0.0,0.0,84.2076,0,0.0,40.0261,0.0,0.0,,,All-Wheel Drive,256,,9,900,0,Electricity,Electricity,10,-1,81.62,0,0.0,0.0,41.295,0.0,0,0,48778,0,0,Volvo,EX90 Twin Motor (21 Inch Wheels),N,False,0,0,310,318.0,0.0,300.0,0.0,Automatic (A1),123.5,0.0,116.6,0.0,Standard Sport Utility Vehicle 4WD,2025,7500,EX90,,,,,EV,,,127 and 173 kW PMSM,VVX,,0.0,,Mon Dec 16 00:00:00 EST 2024,Mon Dec 16 00:00:00 EST 2024,N,0,0,0,,,,,,,,,3
0.096,0.0,0.0,10.0,86.45,0,0.0,0.0,38.9879,0.0,0,-1,0.0,0.0,84.2076,0,0.0,40.0261,0.0,0.0,,,All-Wheel Drive,254,,9,900,0,Electricity,Electricity,10,-1,81.62,0,0.0,0.0,41.295,0.0,0,0,48779,0,0,Volvo,EX90 Twin Motor Performance (21 Inch Wheels),N,False,0,0,310,318.0,0.0,300.0,0.0,Automatic (A1),123.5,0.0,116.6,0.0,Standard Sport Utility Vehicle 4WD,2025,7500,EX90,,,,,EV,,,173 and 180 kW PMSM,VVX,,0.0,,Mon Dec 16 00:00:00 EST 2024,Mon Dec 16 00:00:00 EST 2024,N,0,0,0,,,,,,,,,0
0.1008,0.0,0.0,10.0,83.0,0,0.0,0.0,41.0,0.0,0,-1,0.0,0.0,81.0,0,0.0,42.0,0.0,0.0,,,All-Wheel Drive,269,,9,950,0,Electricity,Electricity,10,-1,78.0,0,0.0,0.0,43.0,0.0,0,0,48780,0,0,Volvo,EX90 Twin Motor Performance (20 and 22 Inch Wheels),N,False,0,0,300,306.0,0.0,292.0,0.0,Automatic (A1),123.5,0.0,116.6,0.0,Standard Sport Utility Vehicle 4WD,2025,7250,EX90,,,,,EV,,,127 and 180 kW PMSM,VVX,,0.0,,Mon Dec 16 00:00:00 EST 2024,Mon Dec 16 00:00:00 EST 2024,N,0,0,0,,,,,,,,,0
0.1032,0.0,0.0,11.0,82.67,0,0.0,0.0,40.7705,0.0,0,-1,0.0,0.0,78.3468,0,0.0,43.0203,0.0,0.0,,,All-Wheel Drive,723,,9,950,0,Electricity,Electricity,10,-1,73.64,0,0.0,0.0,45.77,0.0,0,0,48781,0,0,Acura,ZDX AWD Type S,N,False,0,0,278,292.0,0.0,260.0,0.0,Automatic (A1),118.1,0.0,105.2,0.0,Standard Sport Utility Vehicle 2WD,2024,7250,ZDX,,,,,EV,,,155 and 220 kW ACPM,HNX,,0.0,,Mon Dec 16 00:00:00 EST 2024,Mon Dec 16 00:00:00 EST 2024,N,0,0,0,,,,,,,,,0
0.0936,0.0,0.0,9.9,92.0,0,0.0,0.0,36.0,0.0,0,-1,0.0,0.0,87.0,0,0.0,39.0,0.0,0.0,,,All-Wheel Drive,7,,9,900,0,Electricity,Electricity,10,-1,81.0,0,0.0,0.0,42.0,0.0,24,104,48782,0,0,Dodge,Charger 2-Dr Daytona R/T AWD 18in,N,False,0,0,274,293.0,0.0,251.0,0.0,Automatic (A1),148.2,0.0,130.1,0.0,Large Cars,2024,7500,Charger,,,,,EV,,,250 and 250 kW DCPM,CRX,,0.0,,Mon Dec 16 00:00:00 EST 2024,Mon Dec 16 00:00:00 EST 2024,N,0,0,0,,,,,,,,,0
0.096,0.0,0.0,9.9,90.0,0,0.0,0.0,37.0,0.0,0,-1,0.0,0.0,85.0,0,0.0,40.0,0.0,0.0,,,All-Wheel Drive,12,,9,900,0,Electricity,Electricity,10,-1,79.0,0,0.0,0.0,43.0,0.0,24,104,48783,0,0,Dodge,Charger 2-Dr Daytona R/T AWD 20in Goodyear,N,False,0,0,268,286.0,0.0,246.0,0.0,Automatic (A1),148.2,0.0,130.1,0.0,Large Cars,2024,7500,Charger,,,,,EV,,,250 and 250 kW DCPM,CRX,,0.0,,Mon Dec 16 00:00:00 EST 2024,Mon Dec 16 00:00:00 EST 2024,N,0,0,0,,,,,,,,,1
0.0839999999999999,0.0,0.0,9.9,103.74,0,0.0,0.0,32.4899,0.0,0,-1,0.0,0.0,97.628,0,0.0,34.5239,0.0,0.0,,,All-Wheel Drive,8,,10,800,0,Electricity,Electricity,10,-1,91.07,0,0.0,0.0,37.01,0.0,24,104,48784,0,0,Dodge,Charger 2-Dr Daytona R/T AWD 20in Nexen,N,False,0,0,308,326.0,0.0,286.0,0.0,Automatic (A1),148.2,0.0,130.1,0.0,Large Cars,2024,8000,Charger,,,,,EV,,,250 and 250 kW DCPM,CRX,,0.0,,Mon Dec 16 00:00:00 EST 2024,Mon Dec 16 00:00:00 EST 2024,N,0,0,0,,,,,,,,,1
0.1152,0.0,0.0,9.9,74.0,0,0.0,0.0,45.0,0.0,0,-1,0.0,0.0,70.0,0,0.0,48.0,0.0,0.0,,,All-Wheel Drive,9,,9,1100,0,Electricity,Electricity,10,-1,66.0,0,0.0,0.0,51.0,0.0,24,104,48785,0,0,Dodge,Charger 2-Dr Daytona Scat Pack Track Pack AWD,N,False,0,0,216,228.0,0.0,201.0,0.0,Automatic (A1),117.6,0.0,103.9,0.0,Large Cars,2024,6500,Charger,,,,,EV,,,250 and 250 kW DCPM,CRX,,0.0,,Mon Dec 16 00:00:00 EST 2024,Mon Dec 16 00:00:00 EST 2024,N,0,0,0,,,,,,,,,1
0.1032,0.0,0.0,9.9,82.32,0,0.0,0.0,40.9439,0.0,0,-1,0.0,0.0,77.709,0,0.0,43.3733,0.0,0.0,,,All-Wheel Drive,13,,9,1000,0,Electricity,Electricity,10,-1,72.73,0,0.0,0.0,46.3426,0.0,24,104,48786,0,0,Dodge,Charger 2-Dr Daytona Scat Pack Track Pack AWD A/S,N,False,0,0,241,254.0,0.0,225.0,0.0,Automatic (A1),117.6,0.0,103.9,0.0,Large Cars,2024,7000,Charger,,,,,EV,,,250 and 250 kW DCPM,CRX,,0.0,,Mon Dec 16 00:00:00 EST 2024,Mon Dec 16 00:00:00 EST 2024,N,0,0,0,,,,,,,,,0
0.156,0.0,0.0,10.5,58.17,0,0.0,0.0,57.9422,0.0,0,-1,0.0,0.0,52.3353,0,0.0,65.0,0.0,0.0,,,All-Wheel Drive,518,,8,1450,0,Electricity,Electricity,10,-1,46.0,0,0.0,0.0,73.0,0.0,0,0,48787,0,0,GMC,Hummer EV Pickup 2M20,N,False,0,0,311,343.0,0.0,272.0,0.0,Automatic (A1),83.1,0.0,66.6,0.0,Standard Pickup Trucks 4WD,2024,4750,Hummer EV,,,,,EV,,,214 and 214 kW ACPM,GMX,,0.0,,Mon Dec 16 00:00:00 EST 2024,Mon Dec 16 00:00:00 EST 2024,N,0,0,0,,,,,,,,,0
0.1727999999999999,0.0,0.0,10.5,51.17,0,0.0,0.0,65.8687,0.0,0,-1,0.0,0.0,46.9767,0,0.0,71.7483,0.0,0.0,,,All-Wheel Drive,515,,8,1600,0,Electricity,Electricity,10,-1,42.7,0,0.0,0.0,78.9344,0.0,0,0,48788,0,0,GMC,Hummer EV Pickup MT Tires 2M20,N,False,0,0,279,301.0,0.0,252.0,0.0,Automatic (A1),73.1,0.0,61.0,0.0,Standard Pickup Trucks 4WD,2024,4000,Hummer EV,,,,,EV,,,214 and 214 kW ACPM,GMX,,0.0,,Mon Dec 16 00:00:00 EST 2024,Mon Dec 16 00:00:00 EST 2024,N,0,0,0,,,,,,,,,0
0.1583999999999999,0.0,0.0,10.5,56.35,0,0.0,0.0,59.8137,0.0,0,-1,0.0,0.0,51.0854,0,0.0,65.9777,0.0,0.0,,,All-Wheel Drive,517,,8,1500,0,Electricity,Electricity,10,-1,45.85,0,0.0,0.0,73.5115,0.0,0,0,48789,0,0,GMC,Hummer EV SUV 2M20,N,False,0,0,303,331.0,0.0,269.0,0.0,Automatic (A1),80.5,0.0,65.5,0.0,Standard Sport Utility Vehicle 4WD,2024,4500,Hummer EV,,,,,EV,,,214 and 214 kW ACPM,GMX,,0.0,,Mon Dec 16 00:00:00 EST 2024,Mon Dec 16 00:00:00 EST 2024,N,0,0,0,,,,,,,,,3
0.1727999999999999,0.0,0.0,10.5,51.17,0,0.0,0.0,65.8687,0.0,0,-1,0.0,0.0,46.9767,0,0.0,71.7483,0.0,0.0,,,All-Wheel Drive,516,,8,1600,0,Electricity,Electricity,10,-1,42.7,0,0.0,0.0,78.9344,0.0,0,0,48790,0,0,GMC,Hummer EV SUV MT Tires 2M20,N,False,0,0,279,301.0,0.0,252.0,0.0,Automatic (A1),73.1,0.0,61.0,0.0,Standard Sport Utility Vehicle 4WD,2024,4000,Hummer EV,,,,,EV,,,214 and 214 kW ACPM,GMX,,0.0,,Mon Dec 16 00:00:00 EST 2024,Mon Dec 16 00:00:00 EST 2024,N,0,0,0,,,,,,,,,0
0.0839999999999999,0.0,0.0,9.9,103.88,0,0.0,0.0,32.4461,0.0,0,-1,0.0,0.0,97.3321,0,0.0,34.6289,0.0,0.0,,,All-Wheel Drive,10,,10,800,0,Electricity,Electricity,10,-1,90.37,0,0.0,0.0,37.2967,0.0,0,0,48791,0,0,Jeep,Wagoneer S AWD (Falken tire),N,False,0,0,303,322.0,0.0,280.0,0.0,Automatic (A1),148.4,0.0,129.1,0.0,Standard Sport Utility Vehicle 4WD,2024,8000,Wagoneer,,,,,EV,,,250 kW DCPM,CRX,,0.0,,Mon Dec 16 00:00:00 EST 2024,Mon Dec 16 00:00:00 EST 2024,N,0,0,0,,,,,,,,,0
0.0936,0.0,0.0,9.9,93.0,0,0.0,0.0,36.0,0.0,0,-1,0.0,0.0,87.0,0,0.0,39.0,0.0,0.0,,,All-Wheel Drive,11,,9,900,0,Electricity,Electricity,10,-1,81.0,0,0.0,0.0,42.0,0.0,0,0,48792,0,0,Jeep,Wagoneer S AWD (Pirelli tire),N,False,0,0,270,289.0,0.0,247.0,0.0,Automatic (A1),148.4,0.0,129.1,0.0,Standard Sport Utility Vehicle 4WD,2024,7500,Wagoneer,,,,,EV,,,250 kW DCPM,CRX,,0.0,,Mon Dec 16 00:00:00 EST 2024,Mon Dec 16 00:00:00 EST 2024,N,0,0,0,,,,,,,,,0
0.0815999999999999,0.0,0.0,11.5,106.61,0,0.0,0.0,31.6152,0.0,0,-1,0.0,0.0,97.801,0,0.0,34.4628,0.0,0.0,,,All-Wheel Drive,330,,10,800,0,Electricity,Electricity,10,-1,88.83,0,0.0,0.0,37.9433,0.0,0,0,48793,0,0,Porsche,Macan 4 Electric,N,False,0,0,308,333.0,0.0,277.0,0.0,Automatic (A1),152.3,0.0,126.9,0.0,Small Sport Utility Vehicle 4WD,2024,8000,Macan,,,,,EV,,,175 and 280 kW ACPM,PRX,,0.0,,Mon Dec 16 00:00:00 EST 2024,Mon Dec 16 00:00:00 EST 2024,N,0,0,0,,,,,,,,,0
0.0887999999999999,0.0,0.0,11.5,98.7,0,0.0,0.0,34.1489,0.0,0,-1,0.0,0.0,91.3075,0,0.0,36.9137,0.0,0.0,,,All-Wheel Drive,341,,9,850,0,Electricity,Electricity,10,-1,83.65,0,0.0,0.0,40.2929,0.0,0,0,48794,0,0,Porsche,Macan Turbo Electric,N,False,0,0,288,309.0,0.0,262.0,0.0,Automatic (A1),141.0,0.0,119.5,0.0,Small Sport Utility Vehicle 4WD,2024,7750,Macan,,,,,EV,,,175 and 490 kW ACPM,PRX,,0.0,,Mon Dec 16 00:00:00 EST 2024,Mon Dec 16 00:00:00 EST 2024,N,0,0,0,,,,,,,,,0
0.06,0.0,0.0,10.5,144.83,0,0.0,0.0,23.2721,0.0,0,-1,0.0,0.0,136.7907,0,0.0,24.6398,0.0,0.0,,,Rear-Wheel Drive,32,,10,550,0,Electricity,Electricity,10,-1,128.1,0,0.0,0.0,26.3115,0.0,0,0,48795,0,15,Tesla,Model 3 Long Range RWD,N,False,0,97,363,383.0,0.0,339.0,0.0,Automatic (A1),206.9,0.0,183.0,0.0,Midsize Cars,2024,9250,Model 3,,,,,EV,,,192 kW ACPM 3-Phase,TSL,,0.0,,Mon Dec 16 00:00:00 EST 2024,Thu Sep 25 00:00:00 EDT 2025,N,0,0,0,75.0,,6.8,,11.0,250.0,NACS,,0
0.072,0.0,0.0,10.0,116.7009,0,0.0,0.0,28.8815,0.0,0,-1,0.0,0.0,111.9705,0,0.0,30.1017,0.0,0.0,,,All-Wheel Drive,38,,10,700,0,Electricity,Electricity,10,-1,106.6852,0,0.0,0.0,31.5929,0.0,0,0,48796,0,15,Tesla,Model 3 Performance AWD,N,False,0,97,303,315.0,0.0,288.0,0.0,Automatic (A1),157.3,0.0,143.8,0.0,Midsize Cars,2024,8500,Model 3,,,,,EV,,,85 and 192 kW ACPM 3-Phase,TSL,,0.0,,Mon Dec 16 00:00:00 EST 2024,Thu Sep 25 00:00:00 EDT 2025,N,0,0,0,75.0,,6.8,,11.0,250.0,NACS,,1
0.096,0.0,0.0,15.5,85.4104,0,0.0,0.0,39.4624,0.0,0,-1,0.0,0.0,83.893,0,0.0,40.1762,0.0,0.0,,,All-Wheel Drive,353,,9,900,0,Electricity,Electricity,10,-1,82.11,0,0.0,0.0,41.0486,0.0,0,0,48993,0,11,Audi,RS e-tron GT Performance,N,False,0,89,278,273.0,0.0,284.0,0.0,Automatic (A1),122.0148,0.0,117.3,0.0,Subcompact Cars,2025,7500,RS e-tron,,,,,EV,,,252 and 415 kW PSM 3-Phase,VGA,,0.0,,Tue Apr 08 00:00:00 EDT 2025,Tue Apr 08 00:00:00 EDT 2025,N,0,0,0,,,,,,,,,1
0.0839999999999999,0.0,0.0,9.9,103.74,0,0.0,0.0,32.4899,0.0,0,-1,0.0,0.0,97.628,0,0.0,34.5239,0.0,0.0,,,All-Wheel Drive,4,,9,800,0,Electricity,Electricity,10,-1,91.07,0,0.0,0.0,37.01,0.0,0,0,48994,0,25,Dodge,Charger Daytona R/T AWD 255/45R20,N,False,0,105,308,290.0,0.0,330.0,0.0,Automatic (A1),148.2,0.0,130.1,0.0,Large Cars,2025,8000,Charger,,,,,EV,,,250 and 250 kW DCPM,CRX,,0.0,,Tue Apr 08 00:00:00 EDT 2025,Thu Dec 11 00:00:00 EST 2025,N,0,0,0,,,,,,,,,1
0.1032,0.0,0.0,9.9,82.32,0,0.0,0.0,40.9439,0.0,0,-1,0.0,0.0,77.709,0,0.0,43.3733,0.0,0.0,,,All-Wheel Drive,9,,9,1000,0,Electricity,Electricity,10,-1,72.73,0,0.0,0.0,46.3426,0.0,0,0,48995,0,25,Dodge,Charger Daytona Scat Pack AWD 325/35ZR20 Rear A/S,N,False,0,105,241,228.0,0.0,257.0,0.0,Automatic (A1),117.6,0.0,103.9,0.0,Large Cars,2025,7000,Charger,,,,,EV,,,250 and 250 kW DCPM,CRX,,0.0,,Tue Apr 08 00:00:00 EDT 2025,Thu Dec 11 00:00:00 EST 2025,N,0,0,0,,,,,,,,,0
0.0744,0.0,0.0,12.0,113.26,0,0.0,0.0,29.759,0.0,0,-1,0.0,0.0,109.0102,0,0.0,30.9191,0.0,0.0,,,All-Wheel Drive,38,,9,700,0,Electricity,Electricity,10,-1,104.23,0,0.0,0.0,32.3371,0.0,0,0,48996,0,15,Tesla,Model 3 Performance AWD,N,False,0,97,298,287.0,0.0,312.0,0.0,Automatic (A1),161.8,0.0,148.9,0.0,Midsize Cars,2025,8500,Model 3,,,,,EV,,,85 and 191 kW ACPM 3-Phase,TSL,,0.0,,Tue Apr 08 00:00:00 EDT 2025,Wed Jun 25 00:00:00 EDT 2025,N,0,0,0,75.0,,6.8,,11.0,250.0,NACS,,0
0.072,0.0,0.0,11.0,121.1,0,0.0,0.0,27.8324,0.0,0,-1,0.0,0.0,111.8341,0,0.0,30.1384,0.0,0.0,,,Front-Wheel Drive,127,,9,700,0,Electricity,Electricity,10,-1,102.27,0,0.0,0.0,32.9569,0.0,0,0,48997,0,0,Toyota,bZ4X LIMITED,N,False,0,0,236,254.0,0.0,214.0,0.0,Automatic (A1),173.0,0.0,146.1,0.0,Small Sport Utility Vehicle 2WD,2025,8500,bZ4X,,,,,EV,,,80 kW AC Synchronous,TYX,,0.0,,Tue Apr 08 00:00:00 EDT 2025,Tue Apr 08 00:00:00 EDT 2025,N,0,0,0,71.4,,10.8,,6.6,150.0,CCS,7.1,0
5.3594227190374335,6.467608695652174,0.0,3.0,17.1523,49,49.3698,0.0,68.0,0.651,161,-1,0.0,161.0,19.1452,46,52.4076,64.0,0.0,0.668,8.0,4.0,All-Wheel Drive,735,SIDI; PHEV,6,4300,0,Premium and Electricity,Premium Gasoline,8,-1,22.3141,57,56.6695,0.0,58.0,0.688,0,0,48998,11,0,Bentley,Continental GT,N,True,87,0,440,0.0,36.74,0.0,41.43,Automatic (AM-S8),21.4,70.0,31.1,81.0,Subcompact Cars,2025,0,Continental,,,T,,Plug-in Hybrid,Electricity,30.0,140 kW DCPM,VGA,,0.0,,Mon Apr 14 00:00:00 EDT 2025,Thu Aug 21 00:00:00 EDT 2025,Y,29,38,32,,,,,,,,,1
5.3594227190374335,6.467608695652174,0.0,3.0,17.1523,49,49.3698,0.0,68.0,0.651,161,-1,0.0,161.0,19.1452,46,52.4076,64.0,0.0,0.668,8.0,4.0,All-Wheel Drive,736,SIDI; PHEV,6,4300,0,Premium and Electricity,Premium Gasoline,8,-1,22.3141,57,56.6695,0.0,58.0,0.688,0,0,48999,11,0,Bentley,Continental GT Speed,N,True,87,0,440,0.0,36.74,0.0,41.43,Automatic (AM-S8),21.4,70.0,31.1,81.0,Subcompact Cars,2025,0,Continental,,,T,,Plug-in Hybrid,Electricity,30.0,140 kW DCPM,VGA,,0.0,,Mon Apr 14 00:00:00 EDT 2025,Thu Aug 21 00:00:00 EDT 2025,Y,29,38,32,,,,,,,,,1
5.3594227190374335,6.467608695652174,0.0,3.0,17.1523,49,49.3698,0.0,68.0,0.651,161,-1,0.0,161.0,19.1452,46,52.4076,64.0,0.0,0.668,8.0,4.0,All-Wheel Drive,746,SIDI; PHEV,6,4300,0,Premium and Electricity,Premium Gasoline,8,-1,22.3141,57,56.6695,0.0,58.0,0.688,0,0,49000,6,0,Bentley,Continental GTC,N,True,77,0,440,0.0,36.74,0.0,41.43,Automatic (AM-S8),21.4,70.0,31.1,81.0,Minicompact Cars,2025,0,Continental,,,T,,Plug-in Hybrid,Electricity,30.0,140 kW DCPM,VGA,,0.0,,Mon Apr 14 00:00:00 EDT 2025,Thu Aug 21 00:00:00 EDT 2025,Y,29,38,32,,,,,,,,,0
5.3594227190374335,6.467608695652174,0.0,3.0,17.1523,49,49.3698,0.0,68.0,0.651,161,-1,0.0,161.0,19.1452,46,52.4076,64.0,0.0,0.668,8.0,4.0,All-Wheel Drive,747,SIDI; PHEV,6,4300,0,Premium and Electricity,Premium Gasoline,8,-1,22.3141,57,56.6695,0.0,58.0,0.688,0,0,49001,6,0,Bentley,Continental GTC Speed,N,True,77,0,440,0.0,36.74,0.0,41.43,Automatic (AM-S8),21.4,70.0,31.1,81.0,Minicompact Cars,2025,0,Continental,,,T,,Plug-in Hybrid,Electricity,30.0,140 kW DCPM,VGA,,0.0,,Mon Apr 14 00:00:00 EDT 2025,Thu Aug 21 00:00:00 EDT 2025,Y,29,38,32,,,,,,,,,0
5.3594227190374335,6.467608695652174,0.0,3.0,17.1523,49,49.3698,0.0,68.0,0.651,161,-1,0.0,161.0,19.1452,46,52.4076,64.0,0.0,0.668,8.0,4.0,All-Wheel Drive,748,SIDI; PHEV,6,4300,0,Premium and Electricity,Premium Gasoline,8,-1,22.3141,57,56.6695,0.0,58.0,0.688,0,0,49002,13,0,Bentley,Flying Spur,N,True,102,0,440,0.0,36.74,0.0,41.43,Automatic (AM-S8),21.4,70.0,31.1,81.0,Midsize Cars,2025,0,Flying Spur,,,T,,Plug-in Hybrid,Electricity,30.0,140 kW DCPM,VGA,,0.0,,Mon Apr 14 00:00:00 EDT 2025,Thu Aug 21 00:00:00 EDT 2025,Y,29,38,32,,,,,,,,,1
5.3594227190374335,6.467608695652174,0.0,3.0,17.1523,49,49.3698,0.0,68.0,0.651,161,-1,0.0,161.0,19.1452,46,52.4076,64.0,0.0,0.668,8.0,4.0,All-Wheel Drive,740,SIDI; PHEV,6,4300,0,Premium and Electricity,Premium Gasoline,8,-1,22.3141,57,56.6695,0.0,58.0,0.688,0,0,49003,13,0,Bentley,Flying Spur Speed,N,True,102,0,440,0.0,36.74,0.0,41.43,Automatic (AM-S8),21.4,70.0,31.1,81.0,Midsize Cars,2025,0,Flying Spur,,,T,,Plug-in Hybrid,Electricity,30.0,140 kW DCPM,VGA,,0.0,,Mon Apr 14 00:00:00 EDT 2025,Thu Aug 21 00:00:00 EDT 2025,Y,29,38,32,,,,,,,,,1
5.5473802064661655,6.198125,0.0,4.0,18.8536,46,46.3157,0.0,72.0,0.634,166,-1,0.0,166.0,19.7526,48,47.8321,70.0,0.0,0.637,8.0,4.0,4-Wheel Drive,410,SIDI; PHEV,6,4100,0,Premium and Electricity,Premium Gasoline,8,-1,20.9751,50,49.8259,0.0,67.0,0.641,0,0,49004,0,16,Lamborghini,Urus SE,N,True,0,104,450,0.0,34.81,0.0,35.56,Automatic (S8),23.7,65.4,29.1,71.2,Standard Sport Utility Vehicle 4WD,2025,-500,Urus,,,T,,Plug-in Hybrid,Electricity,35.0,141 kW AC 3-Phase,VGA,,0.0,,Mon Apr 14 00:00:00 EDT 2025,Mon Apr 14 00:00:00 EDT 2025,N,24,30,26,,,,,,,,,1
4.666260655886288,4.44044776119403,0.0,4.0,23.2148,64,63.896,0.0,53.0,0.619,135,-1,0.0,135.0,24.4478,67,66.6255,50.0,0.0,0.626,6.0,3.0,All-Wheel Drive,550,SIDI; PHEV,7,3400,0,Premium and Electricity,Premium Gasoline,9,10,26.145,70,70.2956,0.0,48.0,0.635,0,0,49005,0,14,BMW,550e xDrive Sedan,N,True,0,98,420,0.0,33.21,0.0,34.95,Automatic (S8),32.7,90.9,40.2,100.4,Midsize Cars,2025,2000,5 Series,,,T,,Plug-in Hybrid,Electricity,34.0,145 kW PMSM,BMX,,0.0,,Mon Apr 14 00:00:00 EDT 2025,Thu Aug 21 00:00:00 EDT 2025,Y,38,43,40,,,,,,,,,1
9.53347110882353,5.950200000000001,0.0,4.0,11.5141,45,44.8997,0.5,59.0,0.574,285,-1,0.0,285.0,13.5848,50,49.7181,59.0,0.3,0.558,8.0,4.4,All-Wheel Drive,560,SIDI; PHEV,5,5850,0,Premium and Electricity,Premium Gasoline,6,-1,17.4119,57,57.2236,0.0,58.0,0.537,0,0,49006,0,13,BMW,M5 Sedan,N,True,0,98,270,0.0,28.87,0.0,25.8,Automatic (S8),15.3,62.8,23.9,81.7,Midsize Cars,2025,-5250,M,G,,T,,Plug-in Hybrid,Electricity,27.0,145 kW PMSM,BMX,,0.0,,Mon Apr 14 00:00:00 EDT 2025,Thu Aug 21 00:00:00 EDT 2025,Y,21,28,23,,,,,,,,,0
10.67638865647059,5.509444444444444,0.0,4.0,11.4455,52,51.8788,0.0,65.0,0.537,304,-1,0.0,304.0,13.4632,54,53.915,62.0,0.0,0.533,8.0,4.4,All-Wheel Drive,565,SIDI; PHEV,5,6300,0,Premium and Electricity,Premium Gasoline,6,-1,17.1607,57,56.6318,0.0,59.0,0.529,0,0,49007,0,27,BMW,M5 Touring,N,True,0,104,270,0.0,25.8,0.0,25.12,Automatic (S8),14.9,73.3,23.6,80.8,Midsize Station Wagons,2025,-6250,M,G,,T,,Plug-in Hybrid,Electricity,25.0,145 kW PMSM,BMX,,0.0,,Mon Apr 14 00:00:00 EDT 2025,Thu Aug 21 00:00:00 EDT 2025,Y,20,27,22,,,,,,,,,0
4.4707545175000005,4.577076923076923,0.0,3.0,23.8039,60,59.9277,0.1,53.0,0.615,132,-1,0.0,132.0,25.0408,65,64.809,50.0,0.0,0.628,6.0,3.0,All-Wheel Drive,750,SIDI; PHEV,7,3250,0,Premium and Electricity,Premium Gasoline,9,10,26.739,72,71.9744,0.0,47.0,0.643,0,0,49008,0,14,BMW,750e xDrive Sedan,N,True,0,109,470,0.0,32.78,0.0,35.86,Automatic (S8),32.8,85.3,39.6,102.8,Large Cars,2025,2250,7 Series,,,T,,Plug-in Hybrid,Electricity,34.0,145 kW PMSM,BMX,,0.0,,Mon Apr 14 00:00:00 EDT 2025,Thu Aug 21 00:00:00 EDT 2025,Y,38,44,41,,,,,,,,,1
4.4514842191304345,5.12948275862069,0.0,5.0,21.5598,57,57.2869,0.0,59.0,0.67,130,-1,0.0,130.0,22.1863,58,58.2201,58.0,0.0,0.671,6.0,3.0,All-Wheel Drive,576,SIDI; PHEV,7,3700,0,Premium and Electricity,Premium Gasoline,9,-1,23.0033,59,59.4029,0.0,57.0,0.673,0,0,49009,0,0,BMW,X5 xDrive50e,N,True,0,0,440,0.0,39.02,0.0,39.46,Automatic (S8),30.3,81.4,36.0,84.9,Standard Sport Utility Vehicle 4WD,2025,1500,X5,,,T,,Plug-in Hybrid,Electricity,39.0,145 kW PMSM,BMX,,0.0,,Mon Apr 14 00:00:00 EDT 2025,Mon Apr 14 00:00:00 EDT 2025,Y,37,39,38,,,,,,,,,1
8.733757156470588,6.467608695652174,0.0,5.0,11.7788,46,45.6329,0.0,74.0,0.6,255,-1,0.0,255.0,13.7852,46,45.9089,73.0,0.0,0.599,8.0,4.4,All-Wheel Drive,905,SIDI; PHEV,5,5850,0,Premium and Electricity,Premium Gasoline,7,-1,17.4098,46,46.2507,0.0,73.0,0.597,0,0,49010,0,0,BMW,XM Label,N,True,0,0,300,0.0,31.34,0.0,31.05,Automatic (S8),15.1,64.5,23.1,65.9,Standard Sport Utility Vehicle 4WD,2025,-4750,XM,,,T,,Plug-in Hybrid,Electricity,31.0,145 kW PMSM,BMX,,0.0,,Mon Apr 14 00:00:00 EDT 2025,Mon Apr 14 00:00:00 EDT 2025,Y,21,27,24,,,,,,,,,1
3.449677988571429,3.863766233766234,0.0,2.0,34.9182,80,80.1303,0.0,42.0,0.616,103,-1,0.0,103.0,34.8805,77,76.8976,44.0,0.0,0.602,4.0,1.6,All-Wheel Drive,64,SIDI; PHEV,8,1950,0,Regular Gas and Electricity,Regular Gasoline,9,10,34.8346,73,73.2841,0.0,46.0,0.584,0,0,49011,0,0,Hyundai,Tucson Plug-in Hybrid,N,True,0,0,420,0.0,31.97,0.0,29.8,Automatic (AM-S6),44.5,114.3,46.2,104.7,Small Sport Utility Vehicle 4WD,2025,5250,Tucson,,,T,,Plug-in Hybrid,Electricity,32.0,72 kW PMSM,HYX,,0.0,,Mon Apr 14 00:00:00 EDT 2025,Mon Apr 14 00:00:00 EDT 2025,Y,53,49,51,,,,,,,,,1
3.703186847058824,4.0204054054054055,0.0,3.4,32.7466,77,76.9578,0.0,44.0,0.606,111,-1,0.0,111.0,33.3811,74,73.9844,45.0,0.0,0.591,4.0,1.6,All-Wheel Drive,25,SIDI; PHEV,8,2050,0,Regular Gas and Electricity,Regular Gasoline,9,10,34.1908,71,70.6482,0.0,47.0,0.572,0,0,49012,0,0,Kia,Sorento Plug-in Hybrid,N,True,0,0,440,0.0,31.9,0.0,28.69,Automatic (AM-S6),45.9,109.9,43.7,100.9,Small Sport Utility Vehicle 4WD,2025,4750,Sorento,,,T,,Plug-in Hybrid,Electricity,30.0,72 kW PMSM,KMX,,0.0,,Mon Apr 14 00:00:00 EDT 2025,Mon Apr 14 00:00:00 EDT 2025,Y,50,48,49,,,,,,,,,1
4.05299119455665,3.914605263157895,0.0,3.0,29.0271,81,80.9423,0.0,42.0,0.64,120,-1,0.0,120.0,28.5443,76,75.6533,45.0,0.0,0.619,6.0,3.5,All-Wheel Drive,21,SIDI & PFI; PHEV,8,2800,0,Premium and Electricity,Premium Gasoline,9,10,27.9755,70,70.0582,0.0,48.0,0.591,0,0,49013,0,0,Lexus,TX 550h Plus AWD,Y,True,0,0,450,0.0,35.48,0.0,30.52,Automatic (AV-S6),39.4,116.5,39.6,100.1,Standard Sport Utility Vehicle 4WD,2025,3500,TX,,,,,Plug-in Hybrid,Electricity,33.0,80 and 134 kW AC Synchronous,TYX,,0.0,,Mon Apr 14 00:00:00 EDT 2025,Mon Apr 14 00:00:00 EDT 2025,Y,49,43,46,,,,,,,,,1
2.0405121900000003,2.609736842105263,0.0,4.0,49.7,125,125.3441,0.0,27.0,0.701,60,-1,0.0,60.0,48.366,114,114.4102,29.0,0.0,0.677,4.0,2.0,Front-Wheel Drive,114,SIDI & PFI; PHEV,9,1400,0,Regular Gas and Electricity,Regular Gasoline,10,10,46.8297,103,103.3875,0.0,33.0,0.644,20,91,49014,0,0,Toyota,Prius PHEV,Y,True,0,0,550,0.0,43.23,0.0,35.95,Automatic (variable gear ratios),70.3,182.6,66.1,149.5,Midsize Cars,2025,7500,Prius,,,,,Plug-in Hybrid,Electricity,40.0,120 kW AC Synchronous,TYX,,0.0,,Mon Apr 14 00:00:00 EDT 2025,Mon Apr 14 00:00:00 EDT 2025,Y,86,72,79,,,,,,,,,1
1.7187876643951168,2.3425984251968504,0.0,4.0,52.9,140,139.6974,0.0,24.0,0.734,50,-1,0.0,50.0,52.1678,127,127.4981,26.0,0.0,0.71,4.0,2.0,Front-Wheel Drive,115,SIDI & PFI; PHEV,9,1300,0,Regular Gas and Electricity,Regular Gasoline,10,10,51.3,115,115.2023,0.0,29.0,0.675,20,91,49015,0,0,Toyota,Prius PHEV SE,N,True,0,0,600,0.0,48.43,0.0,39.69,Automatic (variable gear ratios),77.7,204.8,72.7,165.9,Midsize Cars,2025,8000,Prius,,,,,Plug-in Hybrid,Electricity,45.0,120 kW AC Synchronous,TYX,,0.0,,Mon Apr 14 00:00:00 EDT 2025,Mon Apr 14 00:00:00 EDT 2025,Y,97,81,89,,,,,,,,,1
11.757901629545456,10.625357142857142,0.0,1.15,16.3959,32,31.6627,1.4,52.0,0.244,397,-1,0.0,397.0,18.6417,28,27.774,42.0,2.2,0.291,8.0,4.0,All-Wheel Drive,536,SIDI; PHEV,4,4300,0,Premium and Electricity,Premium Gasoline,5,-1,22.3899,24,24.149,0.0,31.0,0.343,0,0,49016,11,0,Mercedes-Benz,AMG GT 63 S E Performance (coupe),N,True,81,0,360,0.0,8.79,0.0,13.45,Automatic 9-spd,21.1,41.6,27.2,34.0,Two Seaters,2025,-6250,AMG GT,,,T,,Plug-in Hybrid,Electricity,11.0,140 and 150 kW AC PMSM,MBX,,0.0,,Mon Apr 14 00:00:00 EDT 2025,Mon Apr 14 00:00:00 EDT 2025,Y,19,23,21,,,,,,,,,1
12.407478871363637,10.25896551724138,0.0,1.13,16.257,33,32.667,0.9,52.0,0.22,379,-1,0.0,379.0,18.2854,29,28.5212,43.0,1.7,0.245,8.0,4.0,All-Wheel Drive,233,SIDI; PHEV,4,4550,0,Premium and Electricity,Premium Gasoline,5,-1,21.5755,25,24.6912,0.0,32.0,0.276,0,0,49017,2,0,Mercedes-Benz,AMG SL63 S E Performance,N,True,76,0,350,0.0,7.76,0.0,10.19,Automatic 9-spd,20.7,43.0,28.6,34.9,Minicompact Cars,2025,-6500,SL-Class,,,T,,Plug-in Hybrid,Electricity,11.0,140 and 150 kW AC PMSM,MBX,,0.0,,Mon Apr 14 00:00:00 EDT 2025,Mon Apr 14 00:00:00 EDT 2025,Y,21,22,21,,,,,,,,,1
11.5130471823445,8.040810810810811,0.0,1.2,19.0736,36,35.7001,1.0,58.0,0.227,362,-1,0.0,362.0,20.2805,37,36.6013,57.0,1.0,0.218,4.0,2.0,All-Wheel Drive,118,SIDI; PHEV,5,4100,0,Premium and Electricity,Premium Gasoline,5,-1,21.9805,38,37.7665,0.0,57.0,0.207,0,0,49018,0,7,Mercedes-Benz,AMG C63 S E Performance,N,True,0,93,320,0.0,8.08,0.0,7.24,Automatic 9-spd,24.0,47.6,30.6,53.9,Subcompact Cars,2025,-5750,C-Class,,,T,,Plug-in Hybrid,Electricity,1.0,150 kW AC PMSM,MBX,,0.0,,Mon Apr 14 00:00:00 EDT 2025,Mon Apr 14 00:00:00 EDT 2025,Y,21,24,22,,,,,,,,,1
3.987921324285714,5.042542372881356,0.0,2.75,21.0347,54,54.0381,0.0,62.0,0.681,117,-1,0.0,117.0,23.0347,59,58.5606,57.0,0.0,0.703,6.0,3.0,All-Wheel Drive,304,SIDI; PHEV,7,3550,0,Premium and Electricity,Premium Gasoline,9,-1,26.0636,65,65.2332,0.0,52.0,0.727,0,0,49019,0,13,Mercedes-Benz,AMG E53 Hybrid 4matic Plus,N,True,0,100,410,0.0,40.43,0.0,47.15,Automatic 9-spd,26.7,76.7,36.8,93.2,Midsize Cars,2025,2250,E-Class,,,T,,Plug-in Hybrid,Electricity,43.0,120 kW AC PMSM,MBX,,0.0,,Mon Apr 14 00:00:00 EDT 2025,Mon Apr 14 00:00:00 EDT 2025,N,36,46,39,,,,,,,,,0
10.19856208,6.071632653061224,0.0,2.82,15.3997,46,46.4562,0.0,70.0,0.39,305,-1,0.0,305.0,18.0946,49,49.1764,67.0,0.0,0.395,8.0,4.0,All-Wheel Drive,205,SIDI; PHEV,5,4550,0,Premium and Electricity,Premium Gasoline,6,10,23.0179,53,52.967,0.0,63.0,0.402,0,0,49020,0,7,Mercedes-Benz,AMG S63 E Performance,N,True,0,112,390,0.0,15.94,0.0,16.64,Automatic 9-spd,19.9,65.0,29.0,75.4,Midsize Cars,2025,-5000,S-Class,,,T,,Plug-in Hybrid,Electricity,16.0,140 and 150 kW AC PMSM,MBX,,0.0,,Mon Apr 14 00:00:00 EDT 2025,Mon Apr 14 00:00:00 EDT 2025,Y,20,29,23,,,,,,,,,0
3.570910839310345,4.722380952380953,0.0,2.75,19.7376,59,58.504,0.0,57.0,0.712,106,-1,0.0,106.0,22.9127,63,63.2509,53.0,0.0,0.734,6.0,3.0,All-Wheel Drive,980,SIDI; PHEV,7,3550,0,Premium and Electricity,Premium Gasoline,9,10,28.52,70,70.2138,0.0,48.0,0.757,0,0,49021,0,8,Mercedes-Benz,S580e 4matic,N,True,0,112,470,0.0,44.86,0.0,52.5,Automatic 9-spd,26.3,83.2,39.6,100.3,Large Cars,2025,2750,S-Class,,,T,,Plug-in Hybrid,Electricity,48.0,110 kW AC PMSM,MBX,,0.0,,Mon Apr 14 00:00:00 EDT 2025,Mon Apr 14 00:00:00 EDT 2025,N,37,51,42,,,,,,,,,0
11.36217457443609,9.597096774193547,0.0,1.1,19.0736,36,35.6951,0.9,59.0,0.22,379,-1,0.0,379.0,19.7751,31,30.695,51.0,1.7,0.245,4.0,2.0,All-Wheel Drive,308,SIDI; PHEV,4,4100,0,Premium and Electricity,Premium Gasoline,5,-1,20.7059,26,26.208,0.0,40.0,0.276,0,0,49022,0,24,Mercedes-Benz,AMG GLC63 S E Performance,N,True,0,98,340,0.0,7.76,0.0,10.19,Automatic 9-spd,24.0,47.5,28.7,36.9,Small Station Wagons,2025,-5500,GLC-Class,,,T,,Plug-in Hybrid,Electricity,1.0,150 kW AC PMSM,MBX,,0.0,,Mon Apr 14 00:00:00 EDT 2025,Mon Apr 14 00:00:00 EDT 2025,Y,21,22,21,,,,,,,,,0
5.9275544752795035,5.6133962264150945,0.0,2.5,21.2834,53,52.9989,0.0,63.0,0.57,174,-1,0.0,174.0,21.8514,53,53.4638,63.0,0.0,0.571,6.0,3.0,All-Wheel Drive,407,SIDI; PHEV,6,3700,0,Premium and Electricity,Premium Gasoline,8,-1,22.5881,54,54.0432,0.0,62.0,0.572,0,0,49023,0,0,Porsche,Cayenne e-Hybrid,N,True,0,0,460,0.0,28.56,0.0,29.76,Automatic (S8),27.0,75.1,32.1,77.2,Standard Sport Utility Vehicle 4WD,2025,0,Cayenne,,,T,,Plug-in Hybrid,Electricity,29.0,130 kW DC Brushless,PRX,,0.0,,Mon Apr 14 00:00:00 EDT 2025,Mon Apr 14 00:00:00 EDT 2025,Y,32,34,33,,,,,,,,,0
5.9275544752795035,5.6133962264150945,0.0,2.5,21.2834,53,52.9989,0.0,63.0,0.57,174,-1,0.0,174.0,21.8514,53,53.4638,63.0,0.0,0.571,6.0,3.0,All-Wheel Drive,417,SIDI; PHEV,6,3700,0,Premium and Electricity,Premium Gasoline,8,-1,22.5881,54,54.0432,0.0,62.0,0.572,0,0,49024,0,0,Porsche,Cayenne e-Hybrid Coupe,N,True,0,0,460,0.0,28.56,0.0,29.76,Automatic (S8),27.0,75.1,32.1,77.2,Standard Sport Utility Vehicle 4WD,2025,0,Cayenne,,,T,,Plug-in Hybrid,Electricity,29.0,130 kW DC Brushless,PRX,,0.0,,Mon Apr 14 00:00:00 EDT 2025,Mon Apr 14 00:00:00 EDT 2025,Y,32,34,33,,,,,,,,,0
6.235023079006211,5.721346153846154,0.0,2.5,20.5709,51,50.8277,0.0,67.0,0.544,187,-1,0.0,187.0,21.6839,52,51.6463,65.0,0.0,0.549,6.0,3.0,All-Wheel Drive,421,SIDI; PHEV,6,3700,0,Premium and Electricity,Premium Gasoline,8,-1,23.2195,53,52.6833,0.0,63.0,0.554,0,0,49025,0,0,Porsche,Cayenne S E-Hybrid,N,True,0,0,430,0.0,26.34,0.0,27.22,Automatic (S8),26.1,72.5,32.5,75.3,Standard Sport Utility Vehicle 4WD,2025,-500,Cayenne,,,T,,Plug-in Hybrid,Electricity,27.0,130 kW DC Brushless,PRX,,0.0,,Mon Apr 14 00:00:00 EDT 2025,Mon Apr 14 00:00:00 EDT 2025,Y,30,33,32,,,,,,,,,0
6.235023079006211,5.721346153846154,0.0,2.5,20.5709,51,50.8277,0.0,67.0,0.544,187,-1,0.0,187.0,21.6839,52,51.6463,65.0,0.0,0.549,6.0,3.0,All-Wheel Drive,422,SIDI; PHEV,6,3700,0,Premium and Electricity,Premium Gasoline,8,-1,23.2195,53,52.6833,0.0,63.0,0.554,0,0,49026,0,0,Porsche,Cayenne S E-Hybrid Coupe,N,True,0,0,430,0.0,26.34,0.0,27.22,Automatic (S8),26.1,72.5,32.5,75.3,Standard Sport Utility Vehicle 4WD,2025,-500,Cayenne,,,T,,Plug-in Hybrid,Electricity,27.0,130 kW DC Brushless,PRX,,0.0,,Mon Apr 14 00:00:00 EDT 2025,Mon Apr 14 00:00:00 EDT 2025,Y,30,33,32,,,,,,,,,0
6.627452512298137,6.330000000000001,0.0,2.5,21.2834,46,46.1917,0.0,73.0,0.518,224,-1,0.0,224.0,21.8514,47,46.7809,72.0,0.0,0.52,8.0,4.0,All-Wheel Drive,447,SIDI; PHEV,5,3700,0,Premium and Electricity,Premium Gasoline,7,-1,22.5881,48,47.5218,0.0,70.0,0.522,0,0,49027,0,0,Porsche,Cayenne Turbo E-Hybrid,N,True,0,0,390,0.0,24.3,0.0,24.63,Automatic (S8),27.0,64.9,32.1,67.7,Standard Sport Utility Vehicle 4WD,2025,-1250,Cayenne,,,T,,Plug-in Hybrid,Electricity,24.0,130 kW DC Brushless,PRX,,0.0,,Mon Apr 14 00:00:00 EDT 2025,Mon Apr 14 00:00:00 EDT 2025,Y,26,29,27,,,,,,,,,0
6.627452512298137,6.330000000000001,0.0,2.5,21.2834,46,46.1917,0.0,73.0,0.518,224,-1,0.0,224.0,21.8514,47,46.7809,72.0,0.0,0.52,8.0,4.0,All-Wheel Drive,457,SIDI; PHEV,5,3700,0,Premium and Electricity,Premium Gasoline,7,-1,22.5881,48,47.5218,0.0,70.0,0.522,0,0,49028,0,0,Porsche,Cayenne Turbo E-Hybrid Coupe,N,True,0,0,390,0.0,24.3,0.0,24.63,Automatic (S8),27.0,64.9,32.1,67.7,Standard Sport Utility Vehicle 4WD,2025,-1250,Cayenne,,,T,,Plug-in Hybrid,Electricity,24.0,130 kW DC Brushless,PRX,,0.0,,Mon Apr 14 00:00:00 EDT 2025,Mon Apr 14 00:00:00 EDT 2025,Y,26,29,27,,,,,,,,,1
3.536738030806452,4.507727272727273,0.0,5.0,27.8072,66,66.0,0.1,49.0,0.657,303,-1,0.0,303.0,29.1499,66,66.0,48.0,0.1,0.66,4.0,2.0,All-Wheel Drive,219,SIDI; PHEV,8,2800,0,Premium and Electricity,Premium Gasoline,9,10,30.9781,67,67.0,0.0,48.0,0.663,0,0,49029,0,14,Volvo,S90 T8 AWD,N,True,0,102,500,0.0,37.48,0.0,38.22,Automatic (S8),36.4,98.4,44.5,100.7,Midsize Cars,2025,3500,S90,,,T,,Plug-in Hybrid,Electricity,38.0,34 and 107 kW 3-phase Sync,VVX,,0.0,,Mon Apr 14 00:00:00 EDT 2025,Mon Apr 14 00:00:00 EDT 2025,Y,45,49,47,,,,,,,,,0
5.5379565875,5.312678571428571,0.0,2.1,23.6674,53,52.5728,0.1162,60.0,0.531,168,-1,0.0,168.0,25.1224,56,56.0407,58.0,0.1,0.536,4.0,2.5,4-Wheel Drive,905,SIDI; PHEV,7,3250,0,Premium and Electricity,Premium Gasoline,8,10,27.1633,61,60.955,0.0,55.0,0.543,0,0,49030,0,0,Mazda,CX-90 4WD,N,True,0,0,490,0.0,25.31,0.0,26.24,Automatic (S8),30.4,74.6,38.5,87.1,Standard Sport Utility Vehicle 4WD,2024,750,CX-90,,,,,Plug-in Hybrid,Electricity,26.0,68 kW DCPM,TKX,,0.0,,Mon Apr 14 00:00:00 EDT 2025,Mon Apr 14 00:00:00 EDT 2025,N,53,61,56,,,,,,,,,1
0.1008,0.0,0.0,8.0,84.4304,0,0.0,0.0,39.9204,0.0,0,-1,0.0,0.0,80.8295,0,0.0,41.6988,0.0,0.0,,,All-Wheel Drive,425,,9,950,0,Electricity,Electricity,10,-1,76.8249,0,0.0,0.0,43.8724,0.0,0,0,49067,0,14,Cadillac,CELESTIQ,N,False,0,107,303,316.0,0.0,287.0,0.0,Automatic (A1),115.8343,0.0,105.3999,0.0,Small Station Wagons,2025,7250,CELESTIQ,,,,,EV,,,155 and 220 kW ACPM,GMX,,0.0,,Wed Jun 11 00:00:00 EDT 2025,Wed Jun 11 00:00:00 EDT 2025,N,0,0,0,105.0,,5.5,,19.2,200.0,NACS,,1
0.096,0.0,0.0,11.2,92.4,0,0.0,0.0,36.4773,0.0,0,-1,0.0,0.0,84.9611,0,0.0,39.6711,0.0,0.0,,,All-Wheel Drive,405,,9,900,0,Electricity,Electricity,10,-1,77.35,0,0.0,0.0,43.5747,0.0,0,0,49068,0,26,Chevrolet,Blazer EV AWD SS,N,False,0,104,303,327.0,0.0,274.0,0.0,Automatic (A1),132.0,0.0,110.5,0.0,Small Sport Utility Vehicle 4WD,2025,7500,Blazer,,,,,EV,,,155 and 220 kW ACPM,GMX,,0.0,,Wed Jun 11 00:00:00 EDT 2025,Wed Jun 11 00:00:00 EDT 2025,N,0,0,0,,,,,,,,,1
0.0768,0.0,0.0,9.5,113.68,0,0.0,0.0,29.649,0.0,0,-1,0.0,0.0,104.3829,0,0.0,32.2898,0.0,0.0,,,Front-Wheel Drive,402,,9,750,0,Electricity,Electricity,10,-1,94.8973,0,0.0,0.0,35.5174,0.0,0,0,49069,0,26,Chevrolet,Blazer EV FWD,N,False,0,106,312,337.0,0.0,281.0,0.0,Automatic (A1),162.4,0.0,135.6,0.0,Small Sport Utility Vehicle 2WD,2025,8250,Blazer,,,,,EV,,,180 kW ACPM,GMX,,0.0,,Wed Jun 11 00:00:00 EDT 2025,Wed Jun 11 00:00:00 EDT 2025,N,0,0,0,97.0,,8.4,,11.5,195.0,CCS,,1
0.0863999999999999,0.0,0.0,9.5,103.32,0,0.0,0.0,32.622,0.0,0,-1,0.0,0.0,94.5594,0,0.0,35.6443,0.0,0.0,,,Front-Wheel Drive,403,,9,800,0,Electricity,Electricity,10,-1,85.68,0,0.0,0.0,39.3382,0.0,0,0,49070,0,26,Chevrolet,Blazer EV FWD 22 inch tire,N,False,0,106,283,307.0,0.0,254.0,0.0,Automatic (A1),147.6,0.0,122.4,0.0,Small Sport Utility Vehicle 2WD,2025,8000,Blazer,,,,,EV,,,180 kW ACPM,GMX,,0.0,,Wed Jun 11 00:00:00 EDT 2025,Wed Jun 11 00:00:00 EDT 2025,N,0,0,0,,,,,,,,,0
0.1224,0.0,0.0,13.3,73.1061,0,0.0,0.0,46.1043,0.0,0,-1,0.0,0.0,66.3755,0,0.0,50.7794,0.0,0.0,,,4-Wheel Drive,476,,9,1150,0,Electricity,Electricity,10,-1,59.662,0,0.0,0.0,56.4933,0.0,0,0,49071,0,0,Chevrolet,Silverado EV 2WT,N,False,0,0,282,307.0,0.0,251.0,0.0,Automatic (A1),104.4372,0.0,85.2314,0.0,Standard Pickup Trucks 4WD,2025,6250,Silverado,,,,,EV,,,189 kW ACPM,GMX,,0.0,,Wed Jun 11 00:00:00 EDT 2025,Wed Jun 11 00:00:00 EDT 2025,N,0,0,0,,,,,,,,,0
0.0839999999999999,0.0,0.0,9.9,92.0,0,0.0,0.0,32.0,0.0,0,-1,0.0,0.0,87.0,0,0.0,35.0,0.0,0.0,,,All-Wheel Drive,3,,9,800,0,Electricity,Electricity,10,-1,81.0,0,0.0,0.0,37.0,0.0,0,0,49072,0,25,Dodge,Charger Daytona R/T AWD 245/55ZR18,N,False,0,105,274,293.0,0.0,251.0,0.0,Automatic (A1),148.2,0.0,130.1,0.0,Large Cars,2025,8000,Charger,,,,,EV,,,250 and 250 kW DCPM,CRX,,0.0,,Wed Jun 11 00:00:00 EDT 2025,Thu Dec 11 00:00:00 EST 2025,N,0,0,0,,,,,,,,,1
0.0839999999999999,0.0,0.0,9.9,90.0,0,0.0,0.0,32.0,0.0,0,-1,0.0,0.0,85.0,0,0.0,35.0,0.0,0.0,,,All-Wheel Drive,5,,9,800,0,Electricity,Electricity,10,-1,79.0,0,0.0,0.0,37.0,0.0,0,0,49073,0,25,Dodge,Charger Daytona R/T AWD 275/40R20,N,False,0,105,268,286.0,0.0,246.0,0.0,Automatic (A1),148.2,0.0,130.1,0.0,Large Cars,2025,8000,Charger,,,,,EV,,,250 and 250 kW DCPM,CRX,,0.0,,Wed Jun 11 00:00:00 EDT 2025,Thu Dec 11 00:00:00 EST 2025,N,0,0,0,,,,,,,,,2
0.0839999999999999,0.0,0.0,9.9,94.0,0,0.0,0.0,32.0,0.0,0,-1,0.0,0.0,88.0,0,0.0,35.0,0.0,0.0,,,All-Wheel Drive,6,,9,800,0,Electricity,Electricity,10,-1,82.0,0,0.0,0.0,37.0,0.0,0,0,49074,0,25,Dodge,Charger Daytona R/T AWD 305/35ZR20,N,False,0,105,279,295.0,0.0,259.0,0.0,Automatic (A1),148.2,0.0,130.1,0.0,Large Cars,2025,8000,Charger,,,,,EV,,,250 and 250 kW DCPM,CRX,,0.0,,Wed Jun 11 00:00:00 EDT 2025,Thu Dec 11 00:00:00 EST 2025,N,0,0,0,,,,,,,,,2
0.0911999999999999,0.0,0.0,9.9,94.0,0,0.0,0.0,36.0,0.0,0,-1,0.0,0.0,88.0,0,0.0,38.0,0.0,0.0,,,All-Wheel Drive,7,,9,850,0,Electricity,Electricity,10,-1,82.0,0,0.0,0.0,41.0,0.0,0,0,49075,0,25,Dodge,Charger Daytona Scat Pack AWD 305/35ZR20,N,False,0,105,279,295.0,0.0,259.0,0.0,Automatic (A1),148.2,0.0,130.1,0.0,Large Cars,2025,7750,Charger,,,,,EV,,,250 and 250 kW DCPM,CRX,,0.0,,Wed Jun 11 00:00:00 EDT 2025,Thu Dec 11 00:00:00 EST 2025,N,0,0,0,,,,,,,,,2
0.1032,0.0,0.0,9.9,74.0,0,0.0,0.0,41.0,0.0,0,-1,0.0,0.0,70.0,0,0.0,43.0,0.0,0.0,,,All-Wheel Drive,8,,9,950,0,Electricity,Electricity,10,-1,66.0,0,0.0,0.0,46.0,0.0,0,0,49076,0,25,Dodge,Charger Daytona Scat Pack AWD 325/35ZR20 Rear,N,False,0,105,216,228.0,0.0,201.0,0.0,Automatic (A1),117.6,0.0,103.9,0.0,Large Cars,2025,7250,Charger,,,,,EV,,,250 and 250 kW DCPM,CRX,,0.0,,Wed Jun 11 00:00:00 EDT 2025,Thu Dec 11 00:00:00 EST 2025,N,0,0,0,,,,,,,,,2
0.1128,0.0,0.0,13.7,78.75,0,0.0,0.0,42.8571,0.0,0,-1,0.0,0.0,71.7672,0,0.0,46.9714,0.0,0.0,,,4-Wheel Drive,119,,9,1050,0,Electricity,Electricity,10,-1,64.75,0,0.0,0.0,52.0,0.0,0,0,49077,0,0,Ford,F-150 Lightning 4WD ER2,Y,False,0,0,300,326.0,0.0,268.0,0.0,Automatic (A1),112.5,0.0,92.5,0.0,Standard Pickup Trucks 4WD,2025,6750,F-150 Lightning,,,,,EV,,,210 and 210 kW ACPM,FMX,,0.0,,Wed Jun 11 00:00:00 EDT 2025,Wed Jun 11 00:00:00 EDT 2025,N,0,0,0,,,,,,,,,2
0.0815999999999999,0.0,0.0,7.7,104.37,0,0.0,0.0,32.2938,0.0,0,-1,0.0,0.0,100.2075,0,0.0,33.6352,0.0,0.0,,,All-Wheel Drive,86,,9,750,0,Electricity,Electricity,10,-1,95.55,0,0.0,0.0,35.2747,0.0,0,0,49078,0,0,Ford,Mustang Mach-E AWD,N,False,0,0,240,249.0,0.0,228.0,0.0,Automatic (A1),149.1,0.0,136.5,0.0,Small Sport Utility Vehicle 4WD,2025,8250,Mustang Mach-E,,,,,EV,,,1 and 242 kW ACPM,FMX,,0.0,,Wed Jun 11 00:00:00 EDT 2025,Wed Jun 11 00:00:00 EDT 2025,N,0,0,0,91.0,,8.3,,11.0,150.0,CCS,4.8,3
0.0768,0.0,0.0,10.2,110.18,0,0.0,0.0,30.5909,0.0,0,-1,0.0,0.0,104.4868,0,0.0,32.2577,0.0,0.0,,,All-Wheel Drive,85,,9,750,0,Electricity,Electricity,10,-1,98.28,0,0.0,0.0,34.2949,0.0,0,0,49079,0,0,Ford,Mustang Mach-E AWD Extended,N,False,0,0,300,315.0,0.0,281.0,0.0,Automatic (A1),157.4,0.0,140.4,0.0,Small Sport Utility Vehicle 4WD,2025,8250,Mustang Mach-E,,,,,EV,,,258 kW ACPM,FMX,,0.0,,Wed Jun 11 00:00:00 EDT 2025,Wed Jun 11 00:00:00 EDT 2025,N,0,0,0,,,,,,,,,1
0.0887999999999999,0.0,0.0,9.9,94.99,0,0.0,0.0,35.4827,0.0,0,-1,0.0,0.0,90.1373,0,0.0,37.3929,0.0,0.0,,,All-Wheel Drive,84,,9,850,0,Electricity,Electricity,10,-1,84.84,0,0.0,0.0,39.7277,0.0,0,0,49080,0,0,Ford,Mustang Mach-E GT,N,False,0,0,280,294.0,0.0,263.0,0.0,Automatic (A1),135.7,0.0,121.2,0.0,Small Sport Utility Vehicle 4WD,2025,7750,Mustang Mach-E,,,,,EV,,,210 kW ACPM,FMX,,0.0,,Wed Jun 11 00:00:00 EDT 2025,Wed Jun 11 00:00:00 EDT 2025,N,0,0,0,,,,,,,,,1
0.0936,0.0,0.0,10.2,89.88,0,0.0,0.0,37.5,0.0,0,-1,0.0,0.0,85.5788,0,0.0,39.3847,0.0,0.0,,,All-Wheel Drive,89,,9,900,0,Electricity,Electricity,10,-1,80.85,0,0.0,0.0,41.6883,0.0,0,0,49081,0,0,Ford,Mustang Mach-E Rally,N,False,0,0,265,278.0,0.0,250.0,0.0,Automatic (A1),128.4,0.0,115.5,0.0,Small Sport Utility Vehicle 4WD,2025,7500,Mustang Mach-E,,,,,EV,,,210 kW ACPM,FMX,,0.0,,Wed Jun 11 00:00:00 EDT 2025,Wed Jun 11 00:00:00 EDT 2025,N,0,0,0,,,,,,,,,1
0.0744,0.0,0.0,7.8,111.02,0,0.0,0.0,30.3594,0.0,0,-1,0.0,0.0,107.2128,0,0.0,31.4375,0.0,0.0,,,Rear-Wheel Drive,87,,9,700,0,Electricity,Electricity,10,-1,102.9,0,0.0,0.0,32.7551,0.0,0,0,49082,0,0,Ford,Mustang Mach-E RWD,N,False,0,0,260,269.0,0.0,249.0,0.0,Automatic (A1),158.6,0.0,147.0,0.0,Small Sport Utility Vehicle 2WD,2025,8500,Mustang Mach-E,,,,,EV,,,197 kW ACPM,FMX,,0.0,,Wed Jun 11 00:00:00 EDT 2025,Wed Jun 11 00:00:00 EDT 2025,N,0,0,0,91.0,,8.3,,11.0,150.0,CCS,4.8,1
0.0744,0.0,0.0,9.6,115.29,0,0.0,0.0,29.235,0.0,0,-1,0.0,0.0,109.8951,0,0.0,30.6701,0.0,0.0,,,Rear-Wheel Drive,88,,9,700,0,Electricity,Electricity,10,-1,103.95,0,0.0,0.0,32.4242,0.0,0,0,49083,0,0,Ford,Mustang Mach-E RWD Extended,N,False,0,0,320,335.0,0.0,302.0,0.0,Automatic (A1),164.7,0.0,148.5,0.0,Small Sport Utility Vehicle 2WD,2025,8500,Mustang Mach-E,,,,,EV,,,207 kW ACPM,FMX,,0.0,,Wed Jun 11 00:00:00 EDT 2025,Wed Jun 11 00:00:00 EDT 2025,N,0,0,0,,,,,,,,,1
0.096,0.0,0.0,7.24,88.34,0,0.0,0.0,38.1537,0.0,0,-1,0.0,0.0,85.1496,0,0.0,39.5833,0.0,0.0,,,Front-Wheel Drive,10,,9,900,0,Electricity,Electricity,10,-1,81.55,0,0.0,0.0,41.3305,0.0,0,0,49084,0,0,Vinfast,VF 6 Plus,N,False,0,0,176,182.0,0.0,168.0,0.0,Automatic (A1),126.2,0.0,116.5,0.0,Special Purpose Vehicle 2WD,2025,7500,VF 6,,,,,EV,,,150 kW ACPM 3-Phase,VTP,,0.0,,Wed Jun 11 00:00:00 EDT 2025,Wed Jun 25 00:00:00 EDT 2025,N,0,0,0,59.6,,5.4,,11.0,120.0,CCS2,,1
0.1056,0.0,0.0,12.0,80.36,0,0.0,0.0,41.9425,0.0,0,-1,0.0,0.0,75.9571,0,0.0,44.3737,0.0,0.0,,,All-Wheel Drive,1,,9,1000,0,Electricity,Electricity,10,-1,71.19,0,0.0,0.0,47.3451,0.0,0,0,49085,0,0,Vinfast,VF 7 Plus,N,False,0,0,209,220.0,0.0,195.0,0.0,Automatic (A1),114.8,0.0,101.7,0.0,Special Purpose Vehicle 4WD,2025,7000,VF 7,,,,,EV,,,260 kW ACPM 3-Phase,VTP,,0.0,,Wed Jun 11 00:00:00 EDT 2025,Wed Jun 25 00:00:00 EDT 2025,N,0,0,0,75.3,,6.8,,11.0,150.0,CCS2,,1
0.1104,0.0,0.0,12.0,76.8206,0,0.0,0.0,43.875,0.0,0,-1,0.0,0.0,72.8796,0,0.0,46.2475,0.0,0.0,,,All-Wheel Drive,3,,9,1050,0,Electricity,Electricity,10,-1,68.5796,0,0.0,0.0,49.1473,0.0,0,0,49086,0,0,Vinfast,VF 8 Eco,N,False,0,0,256,269.0,0.0,240.0,0.0,Automatic (A1),107.2,0.0,95.7,0.0,Special Purpose Vehicle 4WD,2025,6750,VF 8,,,,,EV,,,260 and 300 kW ACPM 3-Phase,VTP,,0.0,,Wed Jun 11 00:00:00 EDT 2025,Wed Jun 25 00:00:00 EDT 2025,N,0,0,0,,,,,,,,,3
0.1056,0.0,0.0,12.0,72.7164,0,0.0,0.0,46.3513,0.0,0,-1,0.0,0.0,76.0938,0,0.0,44.294,0.0,0.0,,,All-Wheel Drive,2,,7,1000,0,Electricity,Electricity,10,-1,80.2218,0,0.0,0.0,42.0148,0.0,0,0,49087,0,0,Vinfast,VF 8 Plus,N,False,0,0,235,245.0,0.0,222.0,0.0,Automatic (A1),51.7305,0.0,57.0672,0.0,Special Purpose Vehicle 4WD,2025,7000,VF 8,,,,,EV,,,260 and 300 kW ACPM 3-Phase,VTP,,0.0,,Wed Jun 11 00:00:00 EDT 2025,Wed Jun 25 00:00:00 EDT 2025,N,0,0,0,82.0,,7.5,,11.0,150.0,CCS,,3
0.12,0.0,0.0,15.0,70.35,0,0.0,0.0,47.9104,0.0,0,-1,0.0,0.0,67.7146,0,0.0,49.7751,0.0,0.0,,,All-Wheel Drive,4,,9,1100,0,Electricity,Electricity,10,-1,64.75,0,0.0,0.0,52.0541,0.0,0,0,49088,0,0,Vinfast,VF 9 Plus,N,False,0,0,287,298.0,0.0,274.0,0.0,Automatic (A1),100.5,0.0,92.5,0.0,Special Purpose Vehicle 4WD,2025,6500,VF 9,,,,,EV,,,260 and 300 kW ACPM 3-Phase,VTP,,0.0,,Wed Jun 11 00:00:00 EDT 2025,Wed Jun 25 00:00:00 EDT 2025,N,0,0,0,92.0,,8.4,,11.0,150.0,CCS,,3
0.0815999999999999,0.0,0.0,9.5,107.7739,0,0.0,0.0,31.2462,0.0,0,-1,0.0,0.0,98.9213,0,0.0,33.7777,0.0,0.0,,,All-Wheel Drive,712,,9,750,0,Electricity,Electricity,10,-1,89.8964,0,0.0,0.0,37.4901,0.0,0,0,49089,0,26,Honda,Prologue AWD Touring,N,False,0,107,294,318.0,0.0,265.0,0.0,Automatic (A1),153.9627,0.0,128.4234,0.0,Standard Sport Utility Vehicle 4WD,2025,8250,Prologue,,,,,EV,,,67 and 180 kW ACPM,HNX,,0.0,,Wed Jun 11 00:00:00 EDT 2025,Wed Jun 11 00:00:00 EDT 2025,N,0,0,0,,,,,,,,,3
0.0839999999999999,0.0,0.0,9.5,104.02,0,0.0,0.0,32.4024,0.0,0,-1,0.0,0.0,95.4948,0,0.0,35.2951,0.0,0.0,,,All-Wheel Drive,713,,9,800,0,Electricity,Electricity,10,-1,86.8,0,0.0,0.0,38.8306,0.0,0,0,49090,0,26,Honda,Prologue AWD Elite,N,False,0,107,283,306.0,0.0,255.0,0.0,Automatic (A1),148.6,0.0,124.0,0.0,Standard Sport Utility Vehicle 4WD,2025,8000,Prologue,,,,,EV,,,67 and 180 kW ACPM,HNX,,0.0,,Wed Jun 11 00:00:00 EDT 2025,Wed Jun 11 00:00:00 EDT 2025,N,0,0,0,,,,,,,,,3
0.0791999999999999,0.0,0.0,9.5,112.7,0,0.0,0.0,29.9068,0.0,0,-1,0.0,0.0,103.5597,0,0.0,32.5465,0.0,0.0,,,Front-Wheel Drive,711,,9,750,0,Electricity,Electricity,10,-1,94.22,0,0.0,0.0,35.7727,0.0,0,0,49091,0,26,Honda,Prologue FWD,N,False,0,107,308,333.0,0.0,278.0,0.0,Automatic (A1),161.0,0.0,134.6,0.0,Standard Sport Utility Vehicle 2WD,2025,8250,Prologue,,,,,EV,,,180 kW ACPM,HNX,,0.0,,Wed Jun 11 00:00:00 EDT 2025,Wed Jun 11 00:00:00 EDT 2025,N,0,0,0,81.7,,7.1,,11.5,155.0,CCS,5.7,3
0.1152,0.0,0.0,10.3,72.87,0,0.0,0.0,46.2536,0.0,0,-1,0.0,0.0,70.9181,0,0.0,47.5266,0.0,0.0,,,Rear-Wheel Drive,76,,9,1050,0,Electricity,Electricity,10,-1,68.67,0,0.0,0.0,49.0826,0.0,0,0,49092,0,0,Hyundai,Ioniq 5 Robo taxi,N,False,0,0,168,172.0,0.0,163.0,0.0,Automatic (A1),104.1,0.0,98.1,0.0,Small Sport Utility Vehicle 2WD,2025,6750,Ioniq 5,,,,,EV,,,168 kW PMSM,HYX,,0.0,,Wed Jun 11 00:00:00 EDT 2025,Wed Jun 25 00:00:00 EDT 2025,N,0,0,0,,,,,,,,,3
0.0863999999999999,0.0,0.0,9.9,100.45,0,0.0,0.0,33.554,0.0,0,-1,0.0,0.0,93.1067,0,0.0,36.2004,0.0,0.0,,,All-Wheel Drive,1,,9,800,0,Electricity,Electricity,10,-1,85.47,0,0.0,0.0,39.4349,0.0,0,0,49093,0,0,Jeep,Wagoneer S AWD (Falken tire),N,False,0,0,294,315.0,0.0,268.0,0.0,Automatic (A1),143.5,0.0,122.1,0.0,Standard Sport Utility Vehicle 4WD,2025,8000,Wagoneer,,,,,EV,,,250 kW DCPM,CRX,,0.0,,Wed Jun 11 00:00:00 EDT 2025,Thu Dec 11 00:00:00 EST 2025,N,0,0,0,,,,,,,,,3
0.096,0.0,0.0,8.6,87.0,0,0.0,0.0,38.0,0.0,0,-1,0.0,0.0,83.0,0,0.0,40.0,0.0,0.0,,,All-Wheel Drive,33,,9,900,0,Electricity,Electricity,10,-1,79.0,0,0.0,0.0,42.0,0.0,0,0,49094,0,0,Kia,EV6 AWD GT,N,False,0,0,231,241.0,0.0,219.0,0.0,Automatic (A1),125.5,0.0,114.1,0.0,Small Sport Utility Vehicle 4WD,2025,7500,EV6,,,,,EV,,,175 and 303 kW PMSM,KMX,,0.0,,Wed Jun 11 00:00:00 EDT 2025,Wed Jun 11 00:00:00 EDT 2025,N,0,0,0,,,,,,,,,0
0.0768,0.0,0.0,8.8,117.0,0,0.0,0.0,29.0,0.0,0,-1,0.0,0.0,106.0,0,0.0,32.0,0.0,0.0,,,All-Wheel Drive,34,,9,700,0,Electricity,Electricity,10,-1,95.0,0,0.0,0.0,35.0,0.0,0,0,49095,0,0,Kia,EV6 Long Range AWD (19 inch Wheels),N,False,0,0,295,316.0,0.0,269.0,0.0,Automatic (A1),168.1,0.0,136.9,0.0,Small Sport Utility Vehicle 4WD,2025,8500,EV6,,,,,EV,,,74 and 165 kW PMSM,KMX,,0.0,,Wed Jun 11 00:00:00 EDT 2025,Wed Jun 11 00:00:00 EDT 2025,N,0,0,0,,,,,,,,,0
0.0839999999999999,0.0,0.0,8.9,106.19,0,0.0,0.0,31.7403,0.0,0,-1,0.0,0.0,97.4538,0,0.0,34.5856,0.0,0.0,,,All-Wheel Drive,35,,9,800,0,Electricity,Electricity,10,-1,88.55,0,0.0,0.0,38.0632,0.0,0,0,49096,0,0,Kia,EV6 Long Range AWD (20 inch Wheels),N,False,0,0,270,292.0,0.0,243.0,0.0,Automatic (A1),151.7,0.0,126.5,0.0,Small Sport Utility Vehicle 4WD,2025,8000,EV6,,,,,EV,,,74 and 165 kW PMSM,KMX,,0.0,,Wed Jun 11 00:00:00 EDT 2025,Wed Jun 11 00:00:00 EDT 2025,N,0,0,0,,,,,,,,,0
0.072,0.0,0.0,9.0,127.54,0,0.0,0.0,26.427,0.0,0,-1,0.0,0.0,113.9386,0,0.0,29.5817,0.0,0.0,,,Rear-Wheel Drive,37,,9,650,0,Electricity,Electricity,10,-1,100.8,0,0.0,0.0,33.4375,0.0,0,0,49097,0,0,Kia,EV6 Long Range RWD,N,False,0,0,319,352.0,0.0,278.0,0.0,Automatic (A1),182.2,0.0,144.0,0.0,Small Sport Utility Vehicle 2WD,2025,8750,EV6,,,,,EV,,,168 kW PMSM,KMX,,0.0,,Wed Jun 11 00:00:00 EDT 2025,Wed Jun 11 00:00:00 EDT 2025,N,0,0,0,,,,,,,,,0
0.0696,0.0,0.0,6.2,127.89,0,0.0,0.0,26.3547,0.0,0,-1,0.0,0.0,115.33,0,0.0,29.2248,0.0,0.0,,,Rear-Wheel Drive,36,,9,650,0,Electricity,Electricity,10,-1,102.97,0,0.0,0.0,32.7328,0.0,0,0,49098,0,0,Kia,EV6 Standard Range RWD,N,False,0,0,237,260.0,0.0,209.0,0.0,Automatic (A1),182.7,0.0,147.1,0.0,Small Sport Utility Vehicle 2WD,2025,8750,EV6,,,,,EV,,,125 kW PMSM,KMX,,0.0,,Wed Jun 11 00:00:00 EDT 2025,Wed Jun 11 00:00:00 EDT 2025,N,0,0,0,,,,,,,,,1
0.0648,0.0,0.0,11.0,137.0,0,0.0,0.0,24.0,0.0,0,-1,0.0,0.0,125.0,0,0.0,26.7583,0.0,0.0,,,Front-Wheel Drive,148,,10,600,0,Electricity,Electricity,10,-1,112.0,0,0.0,0.0,29.7406,0.0,0,0,49099,0,0,Lexus,RZ 300e (18 inch wheels),N,False,0,0,266,287.0,0.0,241.0,0.0,Automatic (A1),198.0,0.0,161.9,0.0,Small Sport Utility Vehicle 2WD,2025,9000,RZ,,,,,EV,,,150 kW AC Synchronous,TYX,,0.0,,Wed Jun 11 00:00:00 EDT 2025,Wed Jun 25 00:00:00 EDT 2025,N,0,0,0,,,,,,,,,0
0.0744,0.0,0.0,11.0,114.0,0,0.0,0.0,28.8669,0.0,0,-1,0.0,0.0,105.0,0,0.0,31.0,0.0,0.0,,,Front-Wheel Drive,150,,9,700,0,Electricity,Electricity,10,-1,96.0,0,0.0,0.0,34.6902,0.0,0,0,49100,0,0,Lexus,RZ 300e (20 inch wheels),N,False,0,0,224,242.0,0.0,202.0,0.0,Automatic (A1),166.8,0.0,138.8,0.0,Small Sport Utility Vehicle 2WD,2025,8500,RZ,,,,,EV,,,150 kW AC Synchronous,TYX,,0.0,,Wed Jun 11 00:00:00 EDT 2025,Wed Jun 25 00:00:00 EDT 2025,N,0,0,0,,,,,,,,,1
0.0744,0.0,0.0,10.0,115.0,0,0.0,0.0,28.7806,0.0,0,-1,0.0,0.0,107.0,0,0.0,31.0,0.0,0.0,,,All-Wheel Drive,149,,9,700,0,Electricity,Electricity,10,-1,98.0,0,0.0,0.0,34.0283,0.0,0,0,49101,0,0,Lexus,RZ 450e AWD (18 inch wheels),N,False,0,0,220,236.0,0.0,200.0,0.0,Automatic (A1),167.3,0.0,141.5,0.0,Small Sport Utility Vehicle 4WD,2025,8500,RZ,,,,,EV,,,80 and 150 kW AC Synchronous,TYX,,0.0,,Wed Jun 11 00:00:00 EDT 2025,Wed Jun 25 00:00:00 EDT 2025,N,0,0,0,,,,,,,,,2
0.0839999999999999,0.0,0.0,10.0,102.0,0,0.0,0.0,32.0,0.0,0,-1,0.0,0.0,95.0,0,0.0,35.0,0.0,0.0,,,All-Wheel Drive,151,,9,800,0,Electricity,Electricity,10,-1,87.0,0,0.0,0.0,38.0,0.0,0,0,49102,0,0,Lexus,RZ 450e AWD (20 inch wheels),N,False,0,0,196,211.0,0.0,178.0,0.0,Automatic (A1),148.6,0.0,125.3,0.0,Small Sport Utility Vehicle 4WD,2025,8000,RZ,,,,,EV,,,80 and 150 kW AC Synchronous,TYX,,0.0,,Wed Jun 11 00:00:00 EDT 2025,Wed Jun 25 00:00:00 EDT 2025,N,0,0,0,,,,,,,,,1
0.0744,0.0,0.0,9.5,113.3434,0,0.0,0.0,29.7371,0.0,0,-1,0.0,0.0,108.4301,0,0.0,31.0845,0.0,0.0,,,All-Wheel Drive,20,,9,700,0,Electricity,Electricity,10,-1,102.9744,0,0.0,0.0,32.7314,0.0,0,0,49110,0,0,Lucid,Gravity GT w/20F21R wheels (2R),N,False,0,0,450,469.0,0.0,426.0,0.0,Automatic (A1),158.5,0.0,144.0,0.0,Standard Sport Utility Vehicle 4WD,2025,8500,Gravity,,,,,EV,,,170 and 448 kW ACPM,LMU,,0.0,,Wed Jun 11 00:00:00 EDT 2025,Wed Jun 25 00:00:00 EDT 2025,N,0,0,0,,,,,,,,,1
0.0768,0.0,0.0,9.5,107.4795,0,0.0,0.0,31.3595,0.0,0,-1,0.0,0.0,103.9308,0,0.0,32.4302,0.0,0.0,,,All-Wheel Drive,23,,9,750,0,Electricity,Electricity,10,-1,99.8995,0,0.0,0.0,33.7389,0.0,0,0,49111,0,0,Lucid,Gravity GT w/20F21R wheels (3R),N,False,0,0,437,451.0,0.0,419.0,0.0,Automatic (A1),150.3,0.0,139.7,0.0,Standard Sport Utility Vehicle 4WD,2025,8250,Gravity,,,,,EV,,,170 and 448 kW ACPM,LMU,,0.0,,Wed Jun 11 00:00:00 EDT 2025,Wed Jun 25 00:00:00 EDT 2025,N,0,0,0,,,,,,,,,0
0.0815999999999999,0.0,0.0,9.5,101.9018,0,0.0,0.0,33.076,0.0,0,-1,0.0,0.0,98.1699,0,0.0,34.3333,0.0,0.0,,,All-Wheel Drive,21,,9,750,0,Electricity,Electricity,10,-1,93.9641,0,0.0,0.0,35.8701,0.0,0,0,49112,0,0,Lucid,Gravity GT w/21F22R wheels (2R),N,False,0,0,407,422.0,0.0,389.0,0.0,Automatic (A1),142.5,0.0,131.4,0.0,Standard Sport Utility Vehicle 4WD,2025,8250,Gravity,,,,,EV,,,170 and 448 kW ACPM,LMU,,0.0,,Wed Jun 11 00:00:00 EDT 2025,Wed Jun 25 00:00:00 EDT 2025,N,0,0,0,,,,,,,,,3
0.0863999999999999,0.0,0.0,9.5,95.7519,0,0.0,0.0,35.2003,0.0,0,-1,0.0,0.0,92.466,0,0.0,36.4512,0.0,0.0,,,All-Wheel Drive,24,,9,800,0,Electricity,Electricity,10,-1,88.7439,0,0.0,0.0,37.9801,0.0,0,0,49113,0,0,Lucid,Gravity GT w/21F22R wheels (3R),N,False,0,0,386,399.0,0.0,370.0,0.0,Automatic (A1),133.9,0.0,124.1,0.0,Standard Sport Utility Vehicle 4WD,2025,8000,Gravity,,,,,EV,,,170 and 448 kW ACPM,LMU,,0.0,,Wed Jun 11 00:00:00 EDT 2025,Wed Jun 25 00:00:00 EDT 2025,N,0,0,0,,,,,,,,,3
0.0815999999999999,0.0,0.0,9.5,101.9018,0,0.0,0.0,33.076,0.0,0,-1,0.0,0.0,98.1699,0,0.0,34.3333,0.0,0.0,,,All-Wheel Drive,22,,9,750,0,Electricity,Electricity,10,-1,93.9641,0,0.0,0.0,35.8701,0.0,0,0,49114,0,0,Lucid,Gravity GT w/22F23R wheels (2R),N,False,0,0,407,422.0,0.0,389.0,0.0,Automatic (A1),142.5,0.0,131.4,0.0,Standard Sport Utility Vehicle 4WD,2025,8250,Gravity,,,,,EV,,,170 and 448 kW ACPM,LMU,,0.0,,Wed Jun 11 00:00:00 EDT 2025,Wed Jun 25 00:00:00 EDT 2025,N,0,0,0,,,,,,,,,0
0.0863999999999999,0.0,0.0,9.5,95.7519,0,0.0,0.0,35.2003,0.0,0,-1,0.0,0.0,92.466,0,0.0,36.4512,0.0,0.0,,,All-Wheel Drive,25,,9,800,0,Electricity,Electricity,10,-1,88.7439,0,0.0,0.0,37.9801,0.0,0,0,49115,0,0,Lucid,Gravity GT w/22F23R wheels (3R),N,False,0,0,386,399.0,0.0,370.0,0.0,Automatic (A1),133.9,0.0,124.1,0.0,Standard Sport Utility Vehicle 4WD,2025,8000,Gravity,,,,,EV,,,170 and 448 kW ACPM,LMU,,0.0,,Wed Jun 11 00:00:00 EDT 2025,Wed Jun 25 00:00:00 EDT 2025,N,0,0,0,,,,,,,,,1
0.0744,0.0,0.0,8.25,113.61,0,0.0,0.0,29.6673,0.0,0,-1,0.0,0.0,107.105,0,0.0,31.4691,0.0,0.0,,,Front-Wheel Drive,906,,9,700,0,Electricity,Electricity,10,-1,100.1,0,0.0,0.0,33.6713,0.0,0,0,49116,0,12,Mercedes-Benz,EQB 250 Plus,N,False,0,102,251,265.0,0.0,234.0,0.0,Automatic (A1),162.3,0.0,143.0,0.0,Small Sport Utility Vehicle 2WD,2025,8500,EQB,,,,,EV,,,140 kW ACPM 3-Phase,MBX,,0.0,,Wed Jun 11 00:00:00 EDT 2025,Wed Jun 11 00:00:00 EDT 2025,Y,0,0,0,,,,,,,,,0
0.0936,0.0,0.0,8.32,89.3093,0,0.0,0.0,37.7396,0.0,0,-1,0.0,0.0,87.1365,0,0.0,38.6807,0.0,0.0,,,All-Wheel Drive,907,,9,850,0,Electricity,Electricity,10,-1,84.6202,0,0.0,0.0,39.8309,0.0,0,0,49117,0,12,Mercedes-Benz,EQB 300 4matic,N,False,0,102,205,210.0,0.0,199.0,0.0,Automatic (A1),123.8,0.0,117.3,0.0,Small Sport Utility Vehicle 4WD,2025,7750,EQB,,,,,EV,,,72 and 96 kW ACPM 3-Phase,MBX,,0.0,,Wed Jun 11 00:00:00 EDT 2025,Wed Jun 11 00:00:00 EDT 2025,Y,0,0,0,,,,,,,,,1
0.0936,0.0,0.0,8.25,88.6336,0,0.0,0.0,38.0273,0.0,0,-1,0.0,0.0,86.9148,0,0.0,38.7794,0.0,0.0,,,All-Wheel Drive,908,,9,850,0,Electricity,Electricity,10,-1,84.9024,0,0.0,0.0,39.6985,0.0,0,0,49118,0,12,Mercedes-Benz,EQB 350 4matic,N,False,0,102,207,211.0,0.0,202.0,0.0,Automatic (A1),125.9,0.0,120.6,0.0,Small Sport Utility Vehicle 4WD,2025,7750,EQB,,,,,EV,,,72 and 96 kW ACPM 3-Phase,MBX,,0.0,,Wed Jun 11 00:00:00 EDT 2025,Wed Jun 11 00:00:00 EDT 2025,Y,0,0,0,,,,,,,,,1
0.0815999999999999,0.0,0.0,11.5,107.66,0,0.0,0.0,31.3069,0.0,0,-1,0.0,0.0,98.9738,0,0.0,34.0545,0.0,0.0,,,Rear-Wheel Drive,302,,9,750,0,Electricity,Electricity,10,-1,90.09,0,0.0,0.0,37.4126,0.0,0,0,49119,0,0,Porsche,Macan Electric,N,False,0,0,315,340.0,0.0,284.0,0.0,Automatic (A1),153.8,0.0,128.7,0.0,Small Sport Utility Vehicle 4WD,2025,8250,Macan,,,,,EV,,,280 kW ACPM,PRX,,0.0,,Wed Jun 11 00:00:00 EDT 2025,Wed Jun 11 00:00:00 EDT 2025,N,0,0,0,95.0,,8.6,,11.0,270.0,CCS2,,0
0.0936,0.0,0.0,13.0,88.9,0,0.0,0.0,37.9134,0.0,0,-1,0.0,0.0,87.026,0,0.0,38.7298,0.0,0.0,,,All-Wheel Drive,704,,9,850,0,Electricity,Electricity,10,-1,84.84,0,0.0,0.0,39.7277,0.0,0,0,49120,0,11,Porsche,Taycan 4 Perf Battery Plus,N,False,0,89,294,300.0,0.0,286.0,0.0,Automatic (A2),127.0,0.0,121.2,0.0,Compact Cars,2025,7750,Taycan,,,,,EV,,,150 and 254 kW ACPM,PRX,,0.0,,Wed Jun 11 00:00:00 EDT 2025,Wed Jun 11 00:00:00 EDT 2025,N,0,0,0,,,,,,,,,0
0.0936,0.0,0.0,13.0,87.92,0,0.0,0.0,38.336,0.0,0,-1,0.0,0.0,86.474,0,0.0,38.977,0.0,0.0,,,All-Wheel Drive,770,,9,900,0,Electricity,Electricity,10,-1,84.77,0,0.0,0.0,39.7605,0.0,0,0,49121,0,11,Porsche,Taycan GTS,N,False,0,89,293,298.0,0.0,287.0,0.0,Automatic (A2),125.6,0.0,121.1,0.0,Compact Cars,2025,7500,Taycan,,,,,EV,,,234 kW ACPM,PRX,,0.0,,Wed Jun 11 00:00:00 EDT 2025,Wed Jun 11 00:00:00 EDT 2025,N,0,0,0,,,,,,,,,0
0.0984,0.0,0.0,13.0,83.72,0,0.0,0.0,40.2592,0.0,0,-1,0.0,0.0,82.1079,0,0.0,41.0496,0.0,0.0,,,All-Wheel Drive,772,,9,900,0,Electricity,Electricity,10,-1,80.22,0,0.0,0.0,42.0157,0.0,12,90,49122,0,0,Porsche,Taycan GTS Sport Turismo,N,False,0,0,279,284.0,0.0,272.0,0.0,Automatic (A2),119.6,0.0,114.6,0.0,Compact Cars,2025,7500,Taycan,,,,,EV,,,254 kW ACPM,PRX,,0.0,,Wed Jun 11 00:00:00 EDT 2025,Wed Jun 11 00:00:00 EDT 2025,N,0,0,0,,,,,,,,,0
0.1032,0.0,0.0,11.7,84.5478,0,0.0,0.0,39.865,0.0,0,-1,0.0,0.0,78.5557,0,0.0,42.9059,0.0,0.0,,,All-Wheel Drive,12,,9,950,0,Electricity,Electricity,10,-1,72.2935,0,0.0,0.0,46.6225,0.0,0,0,49123,0,0,Tesla,Cybertruck AWD,Y,False,0,0,325,348.0,0.0,297.0,0.0,Automatic (A1),116.6,0.0,99.7,0.0,Standard Pickup Trucks 4WD,2025,7250,Cybertruck,,,,,EV,,,224 and 239 kW AC Induction,TSL,,0.0,,Wed Jun 11 00:00:00 EDT 2025,Wed Jun 11 00:00:00 EDT 2025,N,0,0,0,122.0,,10.6,,11.5,250.0,NACS,,0
0.0648,0.0,0.0,9.7,131.53,0,0.0,0.0,25.6253,0.0,0,-1,0.0,0.0,124.2309,0,0.0,27.1309,0.0,0.0,,,All-Wheel Drive,58,,10,600,0,Electricity,Electricity,10,-1,116.34,0,0.0,0.0,28.9711,0.0,26,94,49124,0,0,Tesla,Model S,N,False,0,0,410,432.0,0.0,383.0,0.0,Automatic (A1),187.9,0.0,166.2,0.0,Large Cars,2025,9000,Model S,,,,,EV,,,243 and 248 kW ACPM 3-Phase,TSL,,0.0,,Wed Jun 11 00:00:00 EDT 2025,Wed Jun 11 00:00:00 EDT 2025,N,0,0,0,95.0,,8.6,,11.0,250.0,NACS,,0
0.0815999999999999,0.0,0.0,14.0,102.55,0,0.0,0.0,32.8669,0.0,0,-1,0.0,0.0,98.4186,0,0.0,34.2466,0.0,0.0,,,All-Wheel Drive,73,,9,750,0,Electricity,Electricity,10,-1,93.8,0,0.0,0.0,35.9328,0.0,0,0,49125,0,0,Tesla,Model X,N,False,0,0,329,342.0,0.0,313.0,0.0,Automatic (A1),146.5,0.0,134.0,0.0,Standard Sport Utility Vehicle 4WD,2025,8250,Model X,,,,,EV,,,243 and 248 kW ACPM,TSL,,0.0,,Wed Jun 11 00:00:00 EDT 2025,Wed Jun 11 00:00:00 EDT 2025,N,0,0,0,95.0,,8.6,,11.0,250.0,NACS,,0
0.0672,0.0,0.0,11.0,130.62,0,0.0,0.0,25.8039,0.0,0,-1,0.0,0.0,119.0276,0,0.0,28.317,0.0,0.0,,,Front-Wheel Drive,108,,9,650,0,Electricity,Electricity,10,-1,107.38,0,0.0,0.0,31.3885,0.0,0,0,49126,0,0,Toyota,bZ4X,N,False,0,0,252,274.0,0.0,225.0,0.0,Automatic (A1),186.6,0.0,153.4,0.0,Small Sport Utility Vehicle 2WD,2025,8750,bZ4X,,,,,EV,,,150 kW AC Synchronous,TYX,,0.0,,Wed Jun 11 00:00:00 EDT 2025,Wed Jun 11 00:00:00 EDT 2025,N,0,0,0,71.4,,6.5,,11.0,150.0,CCS,7.1,0
0.0744,0.0,0.0,11.0,114.0,0,0.0,0.0,28.0,0.0,0,-1,0.0,0.0,104.0,0,0.0,31.0,0.0,0.0,,,All-Wheel Drive,147,,9,700,0,Electricity,Electricity,10,-1,94.0,0,0.0,0.0,34.0,0.0,0,0,49127,0,0,Toyota,bZ4X AWD (18inch Wheels),N,False,0,0,228,246.0,0.0,205.0,0.0,Automatic (A1),170.4,0.0,140.4,0.0,Small Sport Utility Vehicle 4WD,2025,8500,bZ4X,,,,,EV,,,80 kW AC Synchronous,TYX,,0.0,,Wed Jun 11 00:00:00 EDT 2025,Wed Jun 11 00:00:00 EDT 2025,N,0,0,0,,,,,,,,,0
0.0768,0.0,0.0,11.0,112.0,0,0.0,0.0,29.0,0.0,0,-1,0.0,0.0,102.0,0,0.0,32.0,0.0,0.0,,,All-Wheel Drive,152,,9,700,0,Electricity,Electricity,10,-1,92.0,0,0.0,0.0,35.0,0.0,0,0,49128,0,0,Toyota,bZ4X AWD (20inch Wheels),N,False,0,0,222,240.0,0.0,200.0,0.0,Automatic (A1),167.1,0.0,138.4,0.0,Small Sport Utility Vehicle 4WD,2025,8500,bZ4X,,,,,EV,,,80 kW AC Synchronous,TYX,,0.0,,Wed Jun 11 00:00:00 EDT 2025,Wed Jun 11 00:00:00 EDT 2025,N,0,0,0,,,,,,,,,0
0.0768,0.0,0.0,11.0,112.0,0,0.0,0.0,29.0,0.0,0,-1,0.0,0.0,102.0,0,0.0,32.0,0.0,0.0,,,All-Wheel Drive,113,,9,700,0,Electricity,Electricity,10,-1,92.0,0,0.0,0.0,35.0,0.0,0,0,49129,0,0,Toyota,bZ4X LIMITED AWD,N,False,0,0,222,240.0,0.0,200.0,0.0,Automatic (A1),167.1,0.0,138.4,0.0,Small Sport Utility Vehicle 4WD,2025,8500,bZ4X,,,,,EV,,,80 kW AC Synchronous,TYX,,0.0,,Wed Jun 11 00:00:00 EDT 2025,Wed Jun 11 00:00:00 EDT 2025,N,0,0,0,71.4,,10.8,,6.6,150.0,CCS,7.1,0
0.1583999999999999,0.0,0.0,17.6,50.19,0,0.0,0.0,67.1548,0.0,0,-1,0.0,0.0,50.7186,0,0.0,66.4549,0.0,0.0,,,4-Wheel Drive,666,,8,1500,0,Electricity,Electricity,10,-1,51.38,0,0.0,0.0,65.5995,0.0,0,0,49150,4,0,Bugatti Rimac,Nevera R,N,False,45,0,174,172.0,0.0,176.0,0.0,Automatic (A1),71.7,0.0,73.4,0.0,Two Seaters,2025,4500,Nevera,,,,,EV,,,226 and 500 kW AC Induction,BGR,,0.0,,Thu Aug 21 00:00:00 EDT 2025,Thu Aug 21 00:00:00 EDT 2025,N,0,0,0,,,,,,,,,0
0.0984,0.0,0.0,9.9,90.0,0,0.0,0.0,38.0,0.0,0,-1,0.0,0.0,83.0,0,0.0,41.0,0.0,0.0,,,All-Wheel Drive,2,,9,900,0,Electricity,Electricity,10,-1,76.0,0,0.0,0.0,44.0,0.0,0,0,49151,0,0,Jeep,Wagoneer S AWD (Pirelli tire),N,False,0,0,262,279.0,0.0,241.0,0.0,Automatic (A1),143.5,0.0,122.1,0.0,Standard Sport Utility Vehicle 4WD,2025,7500,Wagoneer,,,,,EV,,,250 kW DCPM,CRX,,0.0,,Thu Aug 21 00:00:00 EDT 2025,Thu Dec 11 00:00:00 EST 2025,N,0,0,0,,,,,,,,,0
0.0984,0.0,0.0,12.0,93.45,0,0.0,0.0,36.0674,0.0,0,-1,0.0,0.0,82.4618,0,0.0,40.8735,0.0,0.0,,,Rear-Wheel Drive,10,,9,900,0,Electricity,Electricity,10,-1,72.1,0,0.0,0.0,46.7476,0.0,0,0,49152,0,0,Tesla,Cybertruck Long Range,N,False,0,0,335,373.0,0.0,288.0,0.0,Automatic (A1),133.5,0.0,103.0,0.0,Standard Pickup Trucks 2WD,2025,7500,Cybertruck,,,,,EV,,,240 kW ACPM 3-Phase,TSL,,0.0,,Thu Aug 21 00:00:00 EDT 2025,Thu Aug 21 00:00:00 EDT 2025,N,0,0,0,122.0,,10.6,,11.5,250.0,NACS,,1
0.1032,0.0,0.0,12.0,89.39,0,0.0,0.0,37.7056,0.0,0,-1,0.0,0.0,77.741,0,0.0,43.3555,0.0,0.0,,,Rear-Wheel Drive,11,,9,1000,0,Electricity,Electricity,10,-1,67.06,0,0.0,0.0,50.261,0.0,0,0,49153,0,0,Tesla,Cybertruck Long Range (20in Cyber wheels),N,False,0,0,335,377.0,0.0,283.0,0.0,Automatic (A1),127.7,0.0,95.8,0.0,Standard Pickup Trucks 2WD,2025,7000,Cybertruck,,,,,EV,,,240 kW ACPM 3-Phase,TSL,,0.0,,Thu Aug 21 00:00:00 EDT 2025,Thu Aug 21 00:00:00 EDT 2025,N,0,0,0,,,,,,,,,1
0.0624,0.0,0.0,9.5,139.58,0,0.0,0.0,24.1474,0.0,0,-1,0.0,0.0,131.4118,0,0.0,25.6484,0.0,0.0,,,Rear-Wheel Drive,33,,10,600,0,Electricity,Electricity,10,-1,122.64,0,0.0,0.0,27.4829,0.0,0,0,49154,0,15,Tesla,Model 3 Long Range RWD-I (19in wheels),N,False,0,97,346,366.0,0.0,322.0,0.0,Automatic (A1),199.4,0.0,175.2,0.0,Midsize Cars,2025,9000,Model 3,,,,,EV,,,"192, 213 and 225 kW ACPM 3-Phase",TSL,,0.0,,Thu Aug 21 00:00:00 EDT 2025,Thu Aug 21 00:00:00 EDT 2025,N,0,0,0,,,,,,,,,0
0.0768,0.0,0.0,6.0,114.7649,0,0.0,0.0,29.3687,0.0,0,-1,0.0,0.0,106.6705,0,0.0,31.5973,0.0,0.0,,,Rear-Wheel Drive,311,,9,700,0,Electricity,Electricity,10,-1,98.2048,0,0.0,0.0,34.3212,0.0,0,0,49155,0,30,Volkswagen,ID.4,N,False,0,100,206,220.0,0.0,189.0,0.0,Automatic (A1),163.9,0.0,140.3,0.0,Small Sport Utility Vehicle 2WD,2025,8500,ID.4,,,,,EV,,,210 kW ACPM 3-Phase,VGA,,0.0,,Thu Aug 21 00:00:00 EDT 2025,Thu Aug 21 00:00:00 EDT 2025,N,0,0,0,77.0,,7.0,,11.0,135.0,CCS2,,0
0.072,0.0,0.0,8.0,122.5,0,0.0,0.0,27.5143,0.0,0,-1,0.0,0.0,113.1687,0,0.0,29.783,0.0,0.0,,,Rear-Wheel Drive,309,,9,650,0,Electricity,Electricity,10,-1,103.53,0,0.0,0.0,32.5558,0.0,0,0,49156,0,30,Volkswagen,ID.4 Pro,N,False,0,100,291,313.0,0.0,264.0,0.0,Automatic (A1),175.0,0.0,147.9,0.0,Small Sport Utility Vehicle 2WD,2025,8750,ID.4,,,,,EV,,,210 kW ACPM 3-Phase,VGA,,0.0,,Thu Aug 21 00:00:00 EDT 2025,Thu Aug 21 00:00:00 EDT 2025,N,0,0,0,77.0,,7.0,,11.0,135.0,CCS2,,0
0.072,0.0,0.0,8.0,122.5,0,0.0,0.0,27.5143,0.0,0,-1,0.0,0.0,113.1687,0,0.0,29.783,0.0,0.0,,,Rear-Wheel Drive,307,,9,650,0,Electricity,Electricity,10,-1,103.53,0,0.0,0.0,32.5558,0.0,0,0,49157,0,30,Volkswagen,ID.4 Pro S,N,False,0,100,291,313.0,0.0,264.0,0.0,Automatic (A1),175.0,0.0,147.9,0.0,Small Sport Utility Vehicle 2WD,2025,8750,ID.4,,,,,EV,,,210 kW ACPM 3-Phase,VGA,,0.0,,Thu Aug 21 00:00:00 EDT 2025,Thu Aug 21 00:00:00 EDT 2025,N,0,0,0,,,,,,,,,0
0.0768,0.0,0.0,6.0,114.7649,0,0.0,0.0,29.3687,0.0,0,-1,0.0,0.0,106.6705,0,0.0,31.5973,0.0,0.0,,,Rear-Wheel Drive,310,,9,700,0,Electricity,Electricity,10,-1,98.2048,0,0.0,0.0,34.3212,0.0,0,0,49158,0,30,Volkswagen,ID.4 S,N,False,0,100,206,220.0,0.0,189.0,0.0,Automatic (A1),163.9,0.0,140.3,0.0,Small Sport Utility Vehicle 2WD,2025,8500,ID.4,,,,,EV,,,210 kW ACPM 3-Phase,VGA,,0.0,,Thu Aug 21 00:00:00 EDT 2025,Thu Aug 21 00:00:00 EDT 2025,N,0,0,0,,,,,,,,,0
3.068289581060606,3.584457831325301,0.0,2.5,36.4725,91,91.5642,0.0,37.0,0.677,89,-1,0.0,89.0,34.9545,83,83.6873,40.0,0.0,0.653,4.0,2.5,All-Wheel Drive,60,SIDI & PFI; PHEV,8,2350,0,Premium and Electricity,Premium Gasoline,9,10,33.2624,75,75.7253,0.0,44.0,0.621,0,0,49159,0,0,Lexus,RX 450h Plus AWD,N,True,0,0,540,0.0,39.9,0.0,33.48,Automatic (AV-S6),50.0,130.8,47.1495,108.2,Small Sport Utility Vehicle 4WD,2025,5000,RX,,,,,Plug-in Hybrid,Electricity,37.0,40 and 134 kW AC Synchronous,TYX,,0.0,,Thu Aug 21 00:00:00 EDT 2025,Thu Aug 21 00:00:00 EDT 2025,Y,61,51,56,,,,,,,,,0
2.4867613275,3.1650000000000005,0.0,4.5,40.3637,105,104.5381,0.0,32.0,0.721,72,-1,0.0,72.0,38.0,94,94.0002,36.0,0.0,0.693,4.0,2.5,All-Wheel Drive,107,SIDI & PFI; PHEV,8,1800,0,Regular Gas and Electricity,Regular Gasoline,10,10,36.0,84,83.6892,0.0,40.0,0.654,0,0,49160,0,0,Toyota,RAV4 PHEV AWD,N,True,0,0,600,0.0,46.22,0.0,37.13,Automatic (AV-S6),54.8393,149.3,52.3916,119.6,Small Sport Utility Vehicle 4WD,2025,6500,RAV4,,,,,Plug-in Hybrid,Electricity,42.0,40 and 134 kW AC Synchronous,TYX,,0.0,,Thu Aug 21 00:00:00 EDT 2025,Thu Aug 21 00:00:00 EDT 2025,Y,72,58,65,,,,,,,,,0
12.842493100460526,10.25896551724138,0.0,1.5,16.4151,31,31.0601,1.5,53.0,0.239,421,-1,0.0,421.0,17.6245,29,28.3931,47.0,2.1,0.261,8.0,4.0,All-Wheel Drive,532,SIDI; PHEV,4,4550,0,Premium and Electricity,Premium Gasoline,4,10,19.3685,26,25.6964,0.0,39.0,0.286,0,0,49161,0,13,Mercedes-Benz,AMG GT 63 S E Performance,N,True,0,96,340,0.0,8.6,0.0,10.68,Automatic 9-spd,20.4,40.7,26.7,36.1,Compact Cars,2025,-7750,AMG GT,,,T,,Plug-in Hybrid,Electricity,10.0,150 kW PMSM,MBX,,0.0,,Thu Aug 21 00:00:00 EDT 2025,Thu Aug 21 00:00:00 EDT 2025,N,19,21,20,,,,,,,,,0
11.36217457443609,9.597096774193547,0.0,1.1,19.0736,36,35.6951,0.9,59.0,0.22,379,-1,0.0,379.0,19.7751,31,30.695,51.0,1.7,0.245,4.0,2.0,All-Wheel Drive,309,SIDI; PHEV,4,4100,0,Premium and Electricity,Premium Gasoline,5,-1,20.7059,26,26.208,0.0,40.0,0.276,0,0,49162,0,22,Mercedes-Benz,AMG GLC63 S E Performance (coupe),N,True,0,95,340,0.0,7.76,0.0,10.19,Automatic 9-spd,24.0,47.5,28.7,36.9,Small Station Wagons,2025,-5500,GLC-Class,,,T,,Plug-in Hybrid,Electricity,1.0,150 kW PMSM,MBX,,0.0,,Thu Aug 21 00:00:00 EDT 2025,Thu Aug 21 00:00:00 EDT 2025,Y,21,22,21,,,,,,,,,3
5.939857531071429,5.409272727272728,0.0,2.5,20.5296,51,51.1441,0.0,66.0,0.544,185,-1,0.0,185.0,21.0,55,54.7504,62.0,0.0,0.564,8.0,2.9,All-Wheel Drive,607,SIDI; PHEV,6,3900,0,Premium and Electricity,Premium Gasoline,8,10,23.9706,60,59.9139,0.0,56.0,0.587,27,98,49163,0,0,Porsche,Panamera 4 e-Hybrid,N,True,0,0,490,0.0,26.39,0.0,30.11,Automatic (AM-S8),26.0,72.9,33.6,85.5,Large Cars,2025,0,Panamera,,,T,,Plug-in Hybrid,Electricity,28.0,140 kW DC Brushless,PRX,,0.0,,Thu Aug 21 00:00:00 EDT 2025,Thu Aug 21 00:00:00 EDT 2025,Y,30,37,32,,,,,,,,,0
6.275533816956523,5.509444444444444,0.0,2.5,19.5853,50,50.4995,0.0,67.0,0.542,187,-1,0.0,187.0,21.0783,54,53.8464,63.0,0.0,0.559,8.0,2.9,All-Wheel Drive,627,SIDI; PHEV,6,3900,0,Premium and Electricity,Premium Gasoline,8,10,23.244,59,58.5925,0.0,57.0,0.58,27,98,49164,0,0,Porsche,Panamera 4S E-Hybrid,N,True,0,0,480,0.0,26.18,0.0,29.42,Automatic (AM-S8),24.7,72.1,32.5,83.7,Large Cars,2025,-500,Panamera,,,T,,Plug-in Hybrid,Electricity,28.0,140 kW DC Brushless,PRX,,0.0,,Thu Aug 21 00:00:00 EDT 2025,Thu Aug 21 00:00:00 EDT 2025,Y,29,36,32,,,,,,,,,2
0.0696,0.0,0.0,12.0,124.74,0,0.0,0.0,27.0202,0.0,0,-1,0.0,0.0,114.631,0,0.0,29.4031,0.0,0.0,,,Rear-Wheel Drive,361,,9,650,0,Electricity,Electricity,10,-1,104.3,0,0.0,0.0,32.3154,0.0,0,0,49612,0,26,Audi,Q4 45 e-tron,N,False,0,96,288,311.0,0.0,260.0,0.0,Automatic (A1),178.2,0.0,149.0,0.0,Standard Sport Utility Vehicle 2WD,2026,8750,Q4 e-tron,,,,,EV,,,170 kW Asynchron 3-Phase,VGA,,0.0,,Thu Sep 25 00:00:00 EDT 2025,Thu Dec 11 00:00:00 EST 2025,N,0,0,0,,,,,,,,,0
0.0744,0.0,0.0,8.0,113.61,0,0.0,0.0,29.6673,0.0,0,-1,0.0,0.0,110.1127,0,0.0,30.6096,0.0,0.0,,,Rear-Wheel Drive,509,,9,700,0,Electricity,Electricity,10,-1,106.12,0,0.0,0.0,31.7612,0.0,0,0,49613,0,11,BMW,i5 eDrive40 Sedan (19 inch Wheels),N,False,0,98,310,319.0,0.0,298.0,0.0,Automatic (A1),162.3,0.0,151.6,0.0,Compact Cars,2026,8500,i5,,,,,EV,,,250 kW EESM,BMX,,0.0,,Thu Sep 25 00:00:00 EDT 2025,Tue Oct 28 00:00:00 EDT 2025,N,0,0,0,,,,,,,,,0
0.0768,0.0,0.0,8.0,110.04,0,0.0,0.0,30.6298,0.0,0,-1,0.0,0.0,106.1972,0,0.0,31.7381,0.0,0.0,,,Rear-Wheel Drive,510,,9,700,0,Electricity,Electricity,10,-1,101.85,0,0.0,0.0,33.0928,0.0,0,0,49614,0,11,BMW,i5 eDrive40 Sedan (20 inch Wheels),N,False,0,98,300,310.0,0.0,287.0,0.0,Automatic (A1),157.2,0.0,145.5,0.0,Compact Cars,2026,8500,i5,,,,,EV,,,250 kW EESM,BMX,,0.0,,Thu Sep 25 00:00:00 EDT 2025,Tue Oct 28 00:00:00 EDT 2025,N,0,0,0,,,,,,,,,1
0.0815999999999999,0.0,0.0,8.0,101.57,0,0.0,0.0,33.184,0.0,0,-1,0.0,0.0,97.7479,0,0.0,34.4815,0.0,0.0,,,Rear-Wheel Drive,511,,9,800,0,Electricity,Electricity,10,-1,93.45,0,0.0,0.0,36.0674,0.0,0,0,49615,0,11,BMW,i5 eDrive40 Sedan (21 inch Wheels),N,False,0,98,278,288.0,0.0,265.0,0.0,Automatic (A1),145.1,0.0,133.5,0.0,Compact Cars,2026,8000,i5,,,,,EV,,,250 kW EESM,BMX,,0.0,,Thu Sep 25 00:00:00 EDT 2025,Tue Oct 28 00:00:00 EDT 2025,N,0,0,0,,,,,,,,,0
0.0815999999999999,0.0,0.0,8.0,98.91,0,0.0,0.0,34.0764,0.0,0,-1,0.0,0.0,98.0505,0,0.0,34.3752,0.0,0.0,,,All-Wheel Drive,515,,9,750,0,Electricity,Electricity,10,-1,97.02,0,0.0,0.0,34.7403,0.0,0,0,49616,0,11,BMW,i5 xDrive40 Sedan (19 inch Wheels),N,False,0,98,278,280.0,0.0,275.0,0.0,Automatic (A1),141.3,0.0,138.6,0.0,Compact Cars,2026,8250,i5,,,,,EV,,,190 and 230 kW EESM,BMX,,0.0,,Thu Sep 25 00:00:00 EDT 2025,Tue Oct 28 00:00:00 EDT 2025,N,0,0,0,,,,,,,,,1
0.0839999999999999,0.0,0.0,8.0,96.81,0,0.0,0.0,34.8156,0.0,0,-1,0.0,0.0,95.692,0,0.0,35.2224,0.0,0.0,,,All-Wheel Drive,516,,9,800,0,Electricity,Electricity,10,-1,94.36,0,0.0,0.0,35.7196,0.0,0,0,49617,0,11,BMW,i5 xDrive40 Sedan (20 inch Wheels),N,False,0,98,272,275.0,0.0,268.0,0.0,Automatic (A1),138.3,0.0,134.8,0.0,Compact Cars,2026,8000,i5,,,,,EV,,,190 and 230 kW EESM,BMX,,0.0,,Thu Sep 25 00:00:00 EDT 2025,Tue Oct 28 00:00:00 EDT 2025,N,0,0,0,,,,,,,,,1
0.0887999999999999,0.0,0.0,8.0,92.4,0,0.0,0.0,36.4773,0.0,0,-1,0.0,0.0,90.5939,0,0.0,37.2045,0.0,0.0,,,All-Wheel Drive,517,,9,850,0,Electricity,Electricity,10,-1,88.48,0,0.0,0.0,38.0934,0.0,0,0,49618,0,11,BMW,i5 xDrive40 Sedan (21 inch Wheels),N,False,0,98,259,264.0,0.0,253.0,0.0,Automatic (A1),132.0,0.0,126.4,0.0,Compact Cars,2026,7750,i5,,,,,EV,,,190 and 230 kW EESM,BMX,,0.0,,Thu Sep 25 00:00:00 EDT 2025,Tue Oct 28 00:00:00 EDT 2025,N,0,0,0,,,,,,,,,1
0.0863999999999999,0.0,0.0,10.0,94.15,0,0.0,0.0,35.7993,0.0,0,-1,0.0,0.0,93.6427,0,0.0,35.9932,0.0,0.0,,,All-Wheel Drive,110,,9,800,0,Electricity,Electricity,10,-1,93.03,0,0.0,0.0,36.2302,0.0,0,0,49619,0,0,BMW,iX xDrive45 (20 inch Wheels),N,False,0,0,312,314.0,0.0,310.0,0.0,Automatic (A1),134.5,0.0,132.9,0.0,Standard Sport Utility Vehicle 4WD,2026,8000,iX,,,,,EV,,,190 and 200 kW EESM,BMX,,0.0,,Thu Sep 25 00:00:00 EDT 2025,Tue Oct 28 00:00:00 EDT 2025,N,0,0,0,,,,,,,,,1
0.0911999999999999,0.0,0.0,10.0,90.51,0,0.0,0.0,37.239,0.0,0,-1,0.0,0.0,89.3584,0,0.0,37.7189,0.0,0.0,,,All-Wheel Drive,111,,9,850,0,Electricity,Electricity,10,-1,87.99,0,0.0,0.0,38.3055,0.0,0,0,49620,0,0,BMW,iX xDrive45 (21 inch Wheels),N,False,0,0,297,301.0,0.0,292.0,0.0,Automatic (A1),129.3,0.0,125.7,0.0,Standard Sport Utility Vehicle 4WD,2026,7750,iX,,,,,EV,,,190 and 200 kW EESM,BMX,,0.0,,Thu Sep 25 00:00:00 EDT 2025,Tue Oct 28 00:00:00 EDT 2025,N,0,0,0,,,,,,,,,0
0.096,0.0,0.0,10.0,85.12,0,0.0,0.0,39.597,0.0,0,-1,0.0,0.0,83.7059,0,0.0,40.266,0.0,0.0,,,All-Wheel Drive,112,,9,900,0,Electricity,Electricity,10,-1,82.04,0,0.0,0.0,41.0836,0.0,0,0,49621,0,0,BMW,iX xDrive45 (22 inch Wheels),N,False,0,0,279,284.0,0.0,273.0,0.0,Automatic (A1),121.6,0.0,117.2,0.0,Standard Sport Utility Vehicle 4WD,2026,7500,iX,,,,,EV,,,190 and 200 kW EESM,BMX,,0.0,,Thu Sep 25 00:00:00 EDT 2025,Tue Oct 28 00:00:00 EDT 2025,N,0,0,0,,,,,,,,,0
0.0936,0.0,0.0,10.0,88.69,0,0.0,0.0,38.0032,0.0,0,-1,0.0,0.0,87.2115,0,0.0,38.6474,0.0,0.0,,,All-Wheel Drive,113,,9,850,0,Electricity,Electricity,10,-1,85.47,0,0.0,0.0,39.4349,0.0,0,0,49622,0,0,BMW,iX xDrive45 (23 inch Wheels),N,False,0,0,290,295.0,0.0,284.0,0.0,Automatic (A1),126.7,0.0,122.1,0.0,Standard Sport Utility Vehicle 4WD,2026,7750,iX,,,,,EV,,,190 and 200 kW EESM,BMX,,0.0,,Thu Sep 25 00:00:00 EDT 2025,Tue Oct 28 00:00:00 EDT 2025,N,0,0,0,,,,,,,,,0
0.0839999999999999,0.0,0.0,11.0,99.4,0,0.0,0.0,33.9085,0.0,0,-1,0.0,0.0,97.1003,0,0.0,34.7115,0.0,0.0,,,All-Wheel Drive,120,,9,800,0,Electricity,Electricity,10,-1,94.43,0,0.0,0.0,35.6931,0.0,0,0,49623,0,0,BMW,iX xDrive60 (20 inch Wheels),N,False,0,0,364,372.0,0.0,354.0,0.0,Automatic (A1),142.0,0.0,134.9,0.0,Standard Sport Utility Vehicle 4WD,2026,8000,iX,,,,,EV,,,190 and 230 kW EESM,BMX,,0.0,,Thu Sep 25 00:00:00 EDT 2025,Tue Oct 28 00:00:00 EDT 2025,N,0,0,0,,,,,,,,,0
0.0887999999999999,0.0,0.0,11.0,92.26,0,0.0,0.0,36.5326,0.0,0,-1,0.0,0.0,90.5528,0,0.0,37.2214,0.0,0.0,,,All-Wheel Drive,121,,9,850,0,Electricity,Electricity,10,-1,88.55,0,0.0,0.0,38.0632,0.0,0,0,49624,0,0,BMW,iX xDrive60 (21 inch Wheels),N,False,0,0,341,347.0,0.0,333.0,0.0,Automatic (A1),131.8,0.0,126.5,0.0,Standard Sport Utility Vehicle 4WD,2026,7750,iX,,,,,EV,,,190 and 230 kW EESM,BMX,,0.0,,Thu Sep 25 00:00:00 EDT 2025,Tue Oct 28 00:00:00 EDT 2025,N,0,0,0,,,,,,,,,2
0.0936,0.0,0.0,11.0,89.88,0,0.0,0.0,37.5,0.0,0,-1,0.0,0.0,87.5063,0,0.0,38.5172,0.0,0.0,,,All-Wheel Drive,122,,9,850,0,Electricity,Electricity,10,-1,84.77,0,0.0,0.0,39.7605,0.0,0,0,49625,0,0,BMW,iX xDrive60 (22 inch Wheels),N,False,0,0,327,336.0,0.0,317.0,0.0,Automatic (A1),128.4,0.0,121.1,0.0,Standard Sport Utility Vehicle 4WD,2026,7750,iX,,,,,EV,,,190 and 230 kW EESM,BMX,,0.0,,Thu Sep 25 00:00:00 EDT 2025,Tue Oct 28 00:00:00 EDT 2025,N,0,0,0,,,,,,,,,2
0.096,0.0,0.0,11.0,86.87,0,0.0,0.0,38.7994,0.0,0,-1,0.0,0.0,85.1934,0,0.0,39.5629,0.0,0.0,,,All-Wheel Drive,123,,9,900,0,Electricity,Electricity,10,-1,83.23,0,0.0,0.0,40.4962,0.0,0,0,49626,0,0,BMW,iX xDrive60 (23 inch Wheels),N,False,0,0,318,324.0,0.0,311.0,0.0,Automatic (A1),124.1,0.0,118.9,0.0,Standard Sport Utility Vehicle 4WD,2026,7500,iX,,,,,EV,,,190 and 230 kW EESM,BMX,,0.0,,Thu Sep 25 00:00:00 EDT 2025,Tue Oct 28 00:00:00 EDT 2025,N,0,0,0,,,,,,,,,0
0.1008,0.0,0.0,11.0,78.68,0,0.0,0.0,42.8381,0.0,0,-1,0.0,0.0,80.2773,0,0.0,41.9857,0.0,0.0,,,All-Wheel Drive,131,,9,950,0,Electricity,Electricity,10,-1,82.32,0,0.0,0.0,40.9439,0.0,0,0,49627,0,0,BMW,iX M70 (21 inch Wheels),N,False,0,0,303,297.0,0.0,311.0,0.0,Automatic (A1),112.4,0.0,117.6,0.0,Standard Sport Utility Vehicle 4WD,2026,7250,iX,,,,,EV,,,190 and 360 kW EESM,BMX,,0.0,,Thu Sep 25 00:00:00 EDT 2025,Tue Oct 28 00:00:00 EDT 2025,N,0,0,0,,,,,,,,,0
0.1056,0.0,0.0,11.0,74.06,0,0.0,0.0,45.5104,0.0,0,-1,0.0,0.0,75.7741,0,0.0,44.4809,0.0,0.0,,,All-Wheel Drive,132,,9,1000,0,Electricity,Electricity,10,-1,77.98,0,0.0,0.0,43.2226,0.0,0,0,49628,0,0,BMW,iX M70 (22 inch Wheels),N,False,0,0,284,277.0,0.0,292.0,0.0,Automatic (A1),105.8,0.0,111.4,0.0,Standard Sport Utility Vehicle 4WD,2026,7000,iX,,,,,EV,,,190 and 360 kW EESM,BMX,,0.0,,Thu Sep 25 00:00:00 EDT 2025,Tue Oct 28 00:00:00 EDT 2025,N,0,0,0,,,,,,,,,
0.108,0.0,0.0,11.0,74.34,0,0.0,0.0,45.339,0.0,0,-1,0.0,0.0,75.2094,0,0.0,44.8149,0.0,0.0,,,All-Wheel Drive,133,,9,1000,0,Electricity,Electricity,10,-1,76.3,0,0.0,0.0,44.1743,0.0,0,0,49629,0,0,BMW,iX M70 (23 inch Wheels),N,False,0,0,283,280.0,0.0,287.0,0.0,Automatic (A1),106.2,0.0,109.0,0.0,Standard Sport Utility Vehicle 4WD,2026,7000,iX,,,,,EV,,,190 and 360 kW EESM,BMX,,0.0,,Thu Sep 25 00:00:00 EDT 2025,Tue Oct 28 00:00:00 EDT 2025,N,0,0,0,,,,,,,,,
0.1583999999999999,0.0,0.0,17.6,50.19,0,0.0,0.0,67.1548,0.0,0,-1,0.0,0.0,50.7186,0,0.0,66.4549,0.0,0.0,,,4-Wheel Drive,666,,8,1500,0,Electricity,Electricity,10,-1,51.38,0,0.0,0.0,65.5995,0.0,0,0,49630,4,0,Bugatti Rimac,Nevera R,N,False,45,0,174,172.0,0.0,176.0,0.0,Automatic (A1),71.7,0.0,73.4,0.0,Two Seaters,2026,4500,Nevera,,,,,EV,,,226 and 550 kW AC Induction,BGR,,0.0,,Thu Sep 25 00:00:00 EDT 2025,Thu Sep 25 00:00:00 EDT 2025,N,0,0,0,,,,,,,,,
0.0887999999999999,0.0,0.0,11.2,100.0635,0,0.0,0.0,33.6836,0.0,0,-1,0.0,0.0,91.5386,0,0.0,36.8206,0.0,0.0,,,Rear-Wheel Drive,420,,9,850,0,Electricity,Electricity,10,-1,82.9058,0,0.0,0.0,40.6546,0.0,0,0,49631,0,24,Cadillac,LYRIQ (11 kW Charger),N,False,0,105,326,353.0,0.0,293.0,0.0,Automatic (A1),142.9479,0.0,118.4368,0.0,Small Sport Utility Vehicle 2WD,2026,7750,LYRIQ,,,,,EV,,,255 kW DCPM,GMX,,0.0,,Thu Sep 25 00:00:00 EDT 2025,Fri Oct 03 00:00:00 EDT 2025,N,0,0,0,,,,,,,,,
0.0887999999999999,0.0,0.0,7.0,100.0209,0,0.0,0.0,33.6979,0.0,0,-1,0.0,0.0,91.499,0,0.0,36.8364,0.0,0.0,,,Rear-Wheel Drive,421,,9,850,0,Electricity,Electricity,10,-1,82.8695,0,0.0,0.0,40.6724,0.0,0,0,49632,0,24,Cadillac,LYRIQ (19 kW Charger),N,False,0,105,326,353.0,0.0,293.0,0.0,Automatic (A1),142.887,0.0,118.385,0.0,Small Sport Utility Vehicle 2WD,2026,7750,LYRIQ,,,,,EV,,,255 kW DCPM,GMX,,0.0,,Thu Sep 25 00:00:00 EDT 2025,Fri Oct 03 00:00:00 EDT 2025,N,0,0,0,,,,,,,,,
0.1008,0.0,0.0,11.2,87.36,0,0.0,0.0,38.5817,0.0,0,-1,0.0,0.0,79.5699,0,0.0,42.359,0.0,0.0,,,All-Wheel Drive,402,,9,950,0,Electricity,Electricity,10,-1,71.75,0,0.0,0.0,46.9756,0.0,0,0,49633,0,24,Cadillac,LYRIQ PAWD V SERIES (11 kW Charger),N,False,0,105,285,310.0,0.0,255.0,0.0,Automatic (A1),124.8,0.0,102.5,0.0,Small Sport Utility Vehicle 4WD,2026,7250,LYRIQ,,,,,EV,,,155 and 220 kW AC Induction,GMX,,0.0,,Thu Sep 25 00:00:00 EDT 2025,Thu Sep 25 00:00:00 EDT 2025,N,0,0,0,,,,,,,,,
0.1008,0.0,0.0,7.0,87.36,0,0.0,0.0,38.5817,0.0,0,-1,0.0,0.0,79.5699,0,0.0,42.359,0.0,0.0,,,All-Wheel Drive,403,,9,950,0,Electricity,Electricity,10,-1,71.75,0,0.0,0.0,46.9756,0.0,0,0,49634,0,24,Cadillac,LYRIQ PAWD V SERIES (19 kW Charger),N,False,0,105,285,310.0,0.0,255.0,0.0,Automatic (A1),124.8,0.0,102.5,0.0,Small Sport Utility Vehicle 4WD,2026,7250,LYRIQ,,,,,EV,,,155 and 220 kW AC Induction,GMX,,0.0,,Thu Sep 25 00:00:00 EDT 2025,Thu Sep 25 00:00:00 EDT 2025,N,0,0,0,,,,,,,,,
0.0911999999999999,0.0,0.0,11.2,97.7398,0,0.0,0.0,34.4844,0.0,0,-1,0.0,0.0,88.7407,0,0.0,37.9814,0.0,0.0,,,All-Wheel Drive,416,,9,850,0,Electricity,Electricity,10,-1,79.7646,0,0.0,0.0,42.2556,0.0,0,0,49635,0,24,Cadillac,LYRIQ PAWD,N,False,0,105,319,348.0,0.0,284.0,0.0,Automatic (A1),139.6283,0.0,113.9495,0.0,Small Sport Utility Vehicle 4WD,2026,7750,LYRIQ,,,,,EV,,,155 and 220 kW AC Induction,GMX,,0.0,,Thu Sep 25 00:00:00 EDT 2025,Fri Oct 03 00:00:00 EDT 2025,N,0,0,0,,,,,,,,,
0.0936,0.0,0.0,11.2,93.17,0,0.0,0.0,36.1758,0.0,0,-1,0.0,0.0,85.6612,0,0.0,39.3469,0.0,0.0,,,All-Wheel Drive,400,,9,900,0,Electricity,Electricity,10,-1,77.98,0,0.0,0.0,43.2226,0.0,0,0,49636,0,0,Cadillac,VISTIQ (11 kW Charger),N,False,0,0,305,329.0,0.0,275.0,0.0,Automatic (A1),133.1,0.0,111.4,0.0,Standard Sport Utility Vehicle 4WD,2026,7500,VISTIQ,,,,,EV,,,155 and 220 kW AC Induction,GMX,,0.0,,Thu Sep 25 00:00:00 EDT 2025,Thu Sep 25 00:00:00 EDT 2025,N,0,0,0,,,,,,,,,
0.0936,0.0,0.0,7.0,93.17,0,0.0,0.0,36.1758,0.0,0,-1,0.0,0.0,85.6612,0,0.0,39.3469,0.0,0.0,,,All-Wheel Drive,401,,9,900,0,Electricity,Electricity,10,-1,77.98,0,0.0,0.0,43.2226,0.0,0,0,49637,0,0,Cadillac,VISTIQ (19 kW Charger),N,False,0,0,300,324.0,0.0,271.0,0.0,Automatic (A1),133.1,0.0,111.4,0.0,Standard Sport Utility Vehicle 4WD,2026,7500,VISTIQ,,,,,EV,,,155 and 220 kW AC Induction,GMX,,0.0,,Thu Sep 25 00:00:00 EDT 2025,Thu Sep 25 00:00:00 EDT 2025,N,0,0,0,,,,,,,,,
0.1152,0.0,0.0,11.5,77.91,0,0.0,0.0,43.2615,0.0,0,-1,0.0,0.0,70.4505,0,0.0,47.8421,0.0,0.0,,,4-Wheel Drive,405,,9,1100,0,Electricity,Electricity,10,-1,63.07,0,0.0,0.0,53.4406,0.0,0,0,49638,0,0,Chevrolet,"Silverado EV 20-mod battery, 19kW 6-mode charger",N,False,0,0,424,464.0,0.0,375.0,0.0,Automatic (A1),111.3,0.0,90.1,0.0,Standard Pickup Trucks 4WD,2026,6500,Silverado,,,,,EV,,,255 and 256 kW ACPM,GMX,,0.0,,Thu Sep 25 00:00:00 EDT 2025,Thu Sep 25 00:00:00 EDT 2025,N,0,0,0,,,,,,,,,
0.1176,0.0,0.0,13.8,75.25,0,0.0,0.0,44.7907,0.0,0,-1,0.0,0.0,68.1144,0,0.0,49.4829,0.0,0.0,,,4-Wheel Drive,406,,9,1100,0,Electricity,Electricity,10,-1,61.04,0,0.0,0.0,55.2179,0.0,0,0,49639,0,0,Chevrolet,"Silverado EV 24-mod battery, 19kW 6-mode charger",N,False,0,0,493,539.0,0.0,437.0,0.0,Automatic (A1),107.5,0.0,87.2,0.0,Standard Pickup Trucks 4WD,2026,6500,Silverado,,,,,EV,,,255 and 256 kW ACPM,GMX,,0.0,,Thu Sep 25 00:00:00 EDT 2025,Thu Sep 25 00:00:00 EDT 2025,N,0,0,0,,,,,,,,,
0.12,0.0,0.0,18.6,74.62,0,0.0,0.0,45.1689,0.0,0,-1,0.0,0.0,68.0232,0,0.0,49.5493,0.0,0.0,,,4-Wheel Drive,407,,9,1100,0,Electricity,Electricity,10,-1,61.39,0,0.0,0.0,54.9031,0.0,0,0,49640,0,0,Chevrolet,"Silverado EV 20-mod battery, 11kW 15-mode charger",N,False,0,0,410,446.0,0.0,367.0,0.0,Automatic (A1),106.6,0.0,87.7,0.0,Standard Pickup Trucks 4WD,2026,6500,Silverado,,,,,EV,,,255 and 256 kW ACPM,GMX,,0.0,,Thu Sep 25 00:00:00 EDT 2025,Thu Sep 25 00:00:00 EDT 2025,N,0,0,0,,,,,,,,,
0.1248,0.0,0.0,11.5,69.1484,0,0.0,0.0,48.743,0.0,0,-1,0.0,0.0,64.3,0,0.0,52.4183,0.0,0.0,,,4-Wheel Drive,409,,8,1200,0,Electricity,Electricity,10,-1,59.2246,0,0.0,0.0,56.9104,0.0,0,0,49641,0,0,Chevrolet,"Silverado EV 20-mod battery, 19kW 15-mode charger",N,False,0,0,385,412.0,0.0,353.0,0.0,Automatic (A1),98.7834,0.0,84.6066,0.0,Standard Pickup Trucks 4WD,2026,6000,Silverado,,,,,EV,,,255 and 256 kW ACPM,GMX,,0.0,,Thu Sep 25 00:00:00 EDT 2025,Thu Sep 25 00:00:00 EDT 2025,N,0,0,0,,,,,,,,,
0.12,0.0,0.0,13.3,75.39,0,0.0,0.0,44.7075,0.0,0,-1,0.0,0.0,68.0199,0,0.0,49.5517,0.0,0.0,,,4-Wheel Drive,411,,9,1100,0,Electricity,Electricity,10,-1,60.76,0,0.0,0.0,55.4724,0.0,0,0,49642,0,0,Chevrolet,"Silverado EV 14-mod battery, 11kW 6-mode charger",N,False,0,0,286,313.0,0.0,253.0,0.0,Automatic (A1),107.7,0.0,86.8,0.0,Standard Pickup Trucks 4WD,2026,6500,Silverado,,,,,EV,,,255 and 256 kW ACPM,GMX,,0.0,,Thu Sep 25 00:00:00 EDT 2025,Thu Sep 25 00:00:00 EDT 2025,N,0,0,0,,,,,,,,,
0.12,0.0,0.0,13.3,74.4704,0,0.0,0.0,45.2596,0.0,0,-1,0.0,0.0,67.0304,0,0.0,50.2832,0.0,0.0,,,4-Wheel Drive,412,,9,1150,0,Electricity,Electricity,10,-1,59.7362,0,0.0,0.0,56.4231,0.0,0,0,49643,0,0,Chevrolet,"Silverado EV 14-mod battery, 11kW 15-mode charger",N,False,0,0,283,311.0,0.0,249.0,0.0,Automatic (A1),106.3862,0.0,85.3375,0.0,Standard Pickup Trucks 4WD,2026,6250,Silverado,,,,,EV,,,255 and 256 kW ACPM,GMX,,0.0,,Thu Sep 25 00:00:00 EDT 2025,Thu Sep 25 00:00:00 EDT 2025,N,0,0,0,,,,,,,,,
0.0768,0.0,0.0,9.5,113.68,0,0.0,0.0,29.649,0.0,0,-1,0.0,0.0,104.3829,0,0.0,32.2898,0.0,0.0,,,Front-Wheel Drive,423,,9,750,0,Electricity,Electricity,10,-1,94.8972,0,0.0,0.0,35.5174,0.0,0,0,49644,0,26,Chevrolet,Blazer EV FWD,N,False,0,106,312,337.0,0.0,281.0,0.0,Automatic (A1),162.4,0.0,135.5675,0.0,Small Sport Utility Vehicle 2WD,2026,8250,Blazer,,,,,EV,,,180 kW ACPM,GMX,,0.0,,Thu Sep 25 00:00:00 EDT 2025,Thu Sep 25 00:00:00 EDT 2025,N,0,0,0,97.0,,8.4,,11.5,195.0,CCS,,
0.0863999999999999,0.0,0.0,9.5,103.32,0,0.0,0.0,32.622,0.0,0,-1,0.0,0.0,94.5594,0,0.0,35.6443,0.0,0.0,,,Front-Wheel Drive,424,,9,800,0,Electricity,Electricity,10,-1,85.68,0,0.0,0.0,39.3382,0.0,0,0,49645,0,26,Chevrolet,Blazer EV FWD 22 inch tire,N,False,0,106,283,307.0,0.0,254.0,0.0,Automatic (A1),147.6,0.0,122.4,0.0,Small Sport Utility Vehicle 2WD,2026,8000,Blazer,,,,,EV,,,180 kW ACPM,GMX,,0.0,,Thu Sep 25 00:00:00 EDT 2025,Thu Sep 25 00:00:00 EDT 2025,N,0,0,0,,,,,,,,,
0.0863999999999999,0.0,0.0,9.5,101.8496,0,0.0,0.0,33.0929,0.0,0,-1,0.0,0.0,94.3165,0,0.0,35.7361,0.0,0.0,,,All-Wheel Drive,427,,9,800,0,Electricity,Electricity,10,-1,86.4972,0,0.0,0.0,38.9666,0.0,0,0,49646,0,26,Chevrolet,Blazer EV AWD,N,False,0,104,283,304.0,0.0,258.0,0.0,Automatic (A1),145.4995,0.0,123.5674,0.0,Small Sport Utility Vehicle 4WD,2026,8000,Blazer,,,,,EV,,,67 and 180 kW AC Induction,GMX,,0.0,,Thu Sep 25 00:00:00 EDT 2025,Thu Sep 25 00:00:00 EDT 2025,N,0,0,0,97.0,,8.4,,11.5,195.0,CCS,,
0.0936,0.0,0.0,10.0,92.68,0,0.0,0.0,36.3671,0.0,0,-1,0.0,0.0,86.1078,0,0.0,39.1428,0.0,0.0,,,All-Wheel Drive,5,,9,900,0,Electricity,Electricity,10,-1,79.24,0,0.0,0.0,42.5353,0.0,0,0,49647,0,25,Dodge,Charger Daytona R/T AWD 305/35ZR20,N,False,0,105,267,286.0,0.0,244.0,0.0,Automatic (A1),132.4,0.0,113.2,0.0,Large Cars,2026,7500,Charger,,,,,EV,,,250 and 250 kW DCPM,CRX,,0.0,,Thu Sep 25 00:00:00 EDT 2025,Thu Dec 11 00:00:00 EST 2025,N,0,0,0,,,,,,,,,
0.0936,0.0,0.0,10.0,92.68,0,0.0,0.0,36.3671,0.0,0,-1,0.0,0.0,86.1078,0,0.0,39.1428,0.0,0.0,,,All-Wheel Drive,6,,9,900,0,Electricity,Electricity,10,-1,79.24,0,0.0,0.0,42.5353,0.0,0,0,49648,0,25,Dodge,Charger Daytona Scat Pack AWD 305/35ZR20,N,False,0,105,267,286.0,0.0,244.0,0.0,Automatic (A1),132.4,0.0,113.2,0.0,Large Cars,2026,7500,Charger,,,,,EV,,,250 and 250 kW DCPM,CRX,,0.0,,Thu Sep 25 00:00:00 EDT 2025,Thu Dec 11 00:00:00 EST 2025,N,0,0,0,,,,,,,,,
0.1128,0.0,0.0,10.0,76.65,0,0.0,0.0,43.9726,0.0,0,-1,0.0,0.0,72.3409,0,0.0,46.5919,0.0,0.0,,,All-Wheel Drive,7,,9,1050,0,Electricity,Electricity,10,-1,67.69,0,0.0,0.0,49.7932,0.0,0,0,49649,0,25,Dodge,Charger Daytona Scat Pack AWD 325/35ZR20 Rear,N,False,0,105,223,235.0,0.0,208.0,0.0,Automatic (A1),109.5,0.0,96.7,0.0,Large Cars,2026,6750,Charger,,,,,EV,,,250 and 250 kW DCPM,CRX,,0.0,,Thu Sep 25 00:00:00 EDT 2025,Thu Dec 11 00:00:00 EST 2025,N,0,0,0,,,,,,,,,
0.1032,0.0,0.0,10.0,82.32,0,0.0,0.0,40.9439,0.0,0,-1,0.0,0.0,77.709,0,0.0,43.3733,0.0,0.0,,,All-Wheel Drive,8,,9,1000,0,Electricity,Electricity,10,-1,72.73,0,0.0,0.0,46.3426,0.0,0,0,49650,0,25,Dodge,Charger Daytona Scat Pack AWD 325/35ZR20 Rear A/S,N,False,0,105,241,254.0,0.0,225.0,0.0,Automatic (A1),117.6,0.0,103.9,0.0,Large Cars,2026,7000,Charger,,,,,EV,,,250 and 250 kW DCPM,CRX,,0.0,,Thu Sep 25 00:00:00 EDT 2025,Thu Dec 11 00:00:00 EST 2025,N,0,0,0,,,,,,,,,
0.0839999999999999,0.0,0.0,10.3,99.0,0,0.0,0.0,34.0,0.0,0,-1,0.0,0.0,96.0,0,0.0,35.0,0.0,0.0,,,All-Wheel Drive,5,,9,800,0,Electricity,Electricity,10,-1,93.0,0,0.0,0.0,35.6667,0.0,0,0,49651,0,12,Genesis,Electrified G80,N,False,0,102,300,306.0,0.0,292.0,0.0,Automatic (A1),144.2,0.0,135.0,0.0,Midsize Cars,2026,8000,G80,,,,,EV,,,136 kW PMSM,HYX,,0.0,,Thu Sep 25 00:00:00 EDT 2025,Thu Sep 25 00:00:00 EDT 2025,N,0,0,0,80.7,,7.3,,11.0,235.0,CCS,,
0.0744,0.0,0.0,8.1,119.35,0,0.0,0.0,28.2405,0.0,0,-1,0.0,0.0,110.2599,0,0.0,30.5687,0.0,0.0,,,Rear-Wheel Drive,1,,9,700,0,Electricity,Electricity,10,-1,100.87,0,0.0,0.0,33.4143,0.0,0,0,49652,0,24,Genesis,GV60 RWD,N,False,0,102,306,329.0,0.0,278.0,0.0,Automatic (A1),170.5,0.0,144.1,0.0,Small Sport Utility Vehicle 2WD,2026,8500,GV60,,,,,EV,,,168 kW PMSM,HYX,,0.0,,Thu Sep 25 00:00:00 EDT 2025,Thu Dec 11 00:00:00 EST 2025,N,0,0,0,74.0,,6.7,,11.0,235.0,CCS,,
0.0815999999999999,0.0,0.0,9.2,107.1,0,0.0,0.0,31.4706,0.0,0,-1,0.0,0.0,100.3485,0,0.0,33.5879,0.0,0.0,,,All-Wheel Drive,2,,9,750,0,Electricity,Electricity,10,-1,93.17,0,0.0,0.0,36.1758,0.0,0,0,49653,0,24,Genesis,GV60 AWD (19 inch Wheels),N,False,0,102,282,300.0,0.0,261.0,0.0,Automatic (A1),153.0,0.0,133.1,0.0,Small Sport Utility Vehicle 4WD,2026,8250,GV60,,,,,EV,,,74 and 160 kW PMSM,HYX,,0.0,,Thu Sep 25 00:00:00 EDT 2025,Thu Dec 11 00:00:00 EST 2025,N,0,0,0,,,,,,,,,
0.0839999999999999,0.0,0.0,9.2,102.34,0,0.0,0.0,32.9343,0.0,0,-1,0.0,0.0,95.8211,0,0.0,35.1749,0.0,0.0,,,All-Wheel Drive,3,,9,800,0,Electricity,Electricity,10,-1,88.9,0,0.0,0.0,37.9134,0.0,0,0,49654,0,24,Genesis,GV60 AWD Advanced (20 inch Wheels),N,False,0,102,267,284.0,0.0,247.0,0.0,Automatic (A1),146.2,0.0,127.0,0.0,Small Sport Utility Vehicle 4WD,2026,8000,GV60,,,,,EV,,,74 and 160 kW PMSM,HYX,,0.0,,Thu Sep 25 00:00:00 EDT 2025,Thu Dec 11 00:00:00 EST 2025,N,0,0,0,,,,,,,,,
0.0887999999999999,0.0,0.0,9.0,97.0,0,0.0,0.0,35.0,0.0,0,-1,0.0,0.0,90.0,0,0.0,37.0265,0.0,0.0,,,All-Wheel Drive,4,,9,850,0,Electricity,Electricity,10,-1,83.0,0,0.0,0.0,41.0,0.0,0,0,49655,0,24,Genesis,GV60 AWD Performance,N,False,0,102,252,270.0,0.0,230.0,0.0,Automatic (A1),139.6,0.0,120.0,0.0,Small Sport Utility Vehicle 4WD,2026,7750,GV60,,,,,EV,,,160 kW PMSM,HYX,,0.0,,Thu Sep 25 00:00:00 EDT 2025,Thu Dec 11 00:00:00 EST 2025,N,0,0,0,74.0,,6.7,,11.0,235.0,CCS,,
0.0839999999999999,0.0,0.0,8.9,103.0,0,0.0,0.0,33.0,0.0,0,-1,0.0,0.0,96.0,0,0.0,35.0,0.0,0.0,,,All-Wheel Drive,68,,9,800,0,Electricity,Electricity,10,-1,88.0,0,0.0,0.0,38.0,0.0,0,0,49656,0,29,Genesis,Electrified GV70 AWD (19 inch Wheels),N,False,0,103,263,280.0,0.0,243.0,0.0,Automatic (A1),150.7,0.0,129.2,0.0,Standard Sport Utility Vehicle 4WD,2026,8000,GV70,,,,,EV,,,160 kW PMSM,HYX,,0.0,,Thu Sep 25 00:00:00 EDT 2025,Tue Oct 28 00:00:00 EDT 2025,N,0,0,0,,,,,,,,,
0.0911999999999999,0.0,0.0,9.0,96.0,0,0.0,0.0,35.0,0.0,0,-1,0.0,0.0,88.0,0,0.0,38.0,0.0,0.0,,,All-Wheel Drive,79,,9,850,0,Electricity,Electricity,10,-1,80.0,0,0.0,0.0,42.0,0.0,0,0,49657,0,29,Genesis,Electrified GV70 AWD (20 inch Wheels),N,False,0,103,243,263.0,0.0,219.0,0.0,Automatic (A1),140.4,0.0,116.4,0.0,Standard Sport Utility Vehicle 4WD,2026,7750,GV70,,,,,EV,,,160 kW PMSM,HYX,,0.0,,Thu Sep 25 00:00:00 EDT 2025,Tue Oct 28 00:00:00 EDT 2025,N,0,0,0,,,,,,,,,
0.12,0.0,0.0,18.6,74.62,0,0.0,0.0,45.1689,0.0,0,-1,0.0,0.0,68.0232,0,0.0,49.5493,0.0,0.0,,,4-Wheel Drive,408,,9,1100,0,Electricity,Electricity,10,-1,61.39,0,0.0,0.0,54.9031,0.0,0,0,49658,0,0,GMC,"Sierra EV 20-mod battery, 11kW 15-mode charger",N,False,0,0,410,446.0,0.0,367.0,0.0,Automatic (A1),106.6,0.0,87.7,0.0,Standard Pickup Trucks 4WD,2026,6500,Sierra,,,,,EV,,,255 and 256 kW ACPM,GMX,,0.0,,Thu Sep 25 00:00:00 EDT 2025,Thu Sep 25 00:00:00 EDT 2025,N,0,0,0,,,,,,,,,
0.1248,0.0,0.0,11.5,69.1484,0,0.0,0.0,48.743,0.0,0,-1,0.0,0.0,64.3,0,0.0,52.4183,0.0,0.0,,,4-Wheel Drive,410,,8,1200,0,Electricity,Electricity,10,-1,59.2246,0,0.0,0.0,56.9104,0.0,0,0,49659,0,0,GMC,"Sierra EV 20-mod battery, 19kW 15-mode charger",N,False,0,0,385,412.0,0.0,353.0,0.0,Automatic (A1),98.7834,0.0,84.6066,0.0,Standard Pickup Trucks 4WD,2026,6000,Sierra,,,,,EV,,,255 and 256 kW ACPM,GMX,,0.0,,Thu Sep 25 00:00:00 EDT 2025,Thu Sep 25 00:00:00 EDT 2025,N,0,0,0,,,,,,,,,
0.12,0.0,0.0,13.3,74.4704,0,0.0,0.0,45.2596,0.0,0,-1,0.0,0.0,67.0304,0,0.0,50.2832,0.0,0.0,,,4-Wheel Drive,413,,9,1150,0,Electricity,Electricity,10,-1,59.7362,0,0.0,0.0,56.4231,0.0,0,0,49660,0,0,GMC,"Sierra EV 14-mod battery, 11kW 15-mode charger",N,False,0,0,283,311.0,0.0,249.0,0.0,Automatic (A1),106.3862,0.0,85.3375,0.0,Standard Pickup Trucks 4WD,2026,6250,Sierra,,,,,EV,,,255 and 256 kW ACPM,GMX,,0.0,,Thu Sep 25 00:00:00 EDT 2025,Thu Sep 25 00:00:00 EDT 2025,N,0,0,0,,,,,,,,,
0.0887999999999999,0.0,0.0,11.7,103.0,0,0.0,0.0,33.0,0.0,0,-1,0.0,0.0,92.0,0,0.0,37.0,0.0,0.0,,,Rear-Wheel Drive,80,,9,850,0,Electricity,Electricity,10,-1,81.0,0,0.0,0.0,41.0,0.0,0,0,49661,0,0,Hyundai,Ioniq 9 RWD,N,False,0,0,335,367.0,0.0,296.0,0.0,Automatic (A1),154.4,0.0,122.2,0.0,Standard Sport Utility Vehicle 2WD,2026,7750,Ioniq 9,,,,,EV,,,160 kW PMSM,HYX,,0.0,,Thu Sep 25 00:00:00 EDT 2025,Tue Oct 28 00:00:00 EDT 2025,N,0,0,0,99.5,,9.0,,11.0,350.0,CCS2,,
0.0911999999999999,0.0,0.0,11.6,98.0,0,0.0,0.0,34.0,0.0,0,-1,0.0,0.0,88.0,0,0.0,38.0,0.0,0.0,,,All-Wheel Drive,81,,9,850,0,Electricity,Electricity,10,-1,78.0,0,0.0,0.0,43.0,0.0,0,0,49662,0,0,Hyundai,Ioniq 9 AWD,N,False,0,0,320,353.0,0.0,279.0,0.0,Automatic (A1),146.0,0.0,117.2,0.0,Standard Sport Utility Vehicle 4WD,2026,7750,Ioniq 9,,,,,EV,,,66 and 160 kW PMSM,HYX,,0.0,,Thu Sep 25 00:00:00 EDT 2025,Tue Oct 28 00:00:00 EDT 2025,N,0,0,0,99.5,,9.0,,11.0,350.0,CCS2,,
0.096,0.0,0.0,11.5,91.0,0,0.0,0.0,37.0,0.0,0,-1,0.0,0.0,85.0,0,0.0,40.0,0.0,0.0,,,All-Wheel Drive,82,,9,900,0,Electricity,Electricity,10,-1,79.0,0,0.0,0.0,43.0,0.0,0,0,49663,0,0,Hyundai,Ioniq 9 AWD Performance,N,False,0,0,311,332.0,0.0,286.0,0.0,Automatic (A1),135.1,0.0,117.2,0.0,Standard Sport Utility Vehicle 4WD,2026,7500,Ioniq 9,,,,,EV,,,157 kW PMSM (IPM),HYX,,0.0,,Thu Sep 25 00:00:00 EDT 2025,Tue Oct 28 00:00:00 EDT 2025,N,0,0,0,99.5,,9.0,,11.0,350.0,CCS2,,
0.072,0.0,0.0,7.5,126.0,0,0.0,0.0,27.0,0.0,0,-1,0.0,0.0,113.0,0,0.0,30.0,0.0,0.0,,,Front-Wheel Drive,30,,9,700,0,Electricity,Electricity,10,-1,101.0,0,0.0,0.0,32.8445,0.0,0,0,49664,0,23,Kia,Niro Electric,N,False,0,100,253,275.0,0.0,226.0,0.0,Automatic (A1),183.0,0.0,146.6,0.0,Small Sport Utility Vehicle 2WD,2026,8500,Niro,,,,,EV,,,150 kW PMSM (IPM),KMX,,0.0,,Thu Sep 25 00:00:00 EDT 2025,Wed Feb 18 00:00:00 EST 2026,N,0,0,0,,,,,,,,,
0.0911999999999999,0.0,0.0,8.1,101.0,0,0.0,0.0,34.0,0.0,0,-1,0.0,0.0,88.0,0,0.0,38.0,0.0,0.0,,,Rear-Wheel Drive,43,,9,850,0,Electricity,Electricity,10,-1,76.0,0,0.0,0.0,44.0,0.0,0,0,49665,0,0,Kia,EV9 Standard Range RWD,N,False,0,0,230,256.0,0.0,198.0,0.0,Automatic (A1),149.1,0.0,113.2,0.0,Standard Sport Utility Vehicle 2WD,2026,7750,EV9,,,,,EV,,,160 kW PMSM (IPM),KMX,,0.0,,Thu Sep 25 00:00:00 EDT 2025,Thu Sep 25 00:00:00 EDT 2025,N,0,0,0,,,,,,,,,
0.0911999999999999,0.0,0.0,10.7,100.0,0,0.0,0.0,34.0,0.0,0,-1,0.0,0.0,89.0,0,0.0,38.0,0.0,0.0,,,Rear-Wheel Drive,44,,9,850,0,Electricity,Electricity,10,-1,78.0,0,0.0,0.0,43.0,0.0,0,0,49666,0,0,Kia,EV9 Long Range RWD,N,False,0,0,305,337.0,0.0,266.0,0.0,Automatic (A1),150.2,0.0,116.8,0.0,Standard Sport Utility Vehicle 2WD,2026,7750,EV9,,,,,EV,,,160 kW PMSM (IPM),KMX,,0.0,,Thu Sep 25 00:00:00 EDT 2025,Thu Sep 25 00:00:00 EDT 2025,N,0,0,0,,,,,,,,,
0.096,0.0,0.0,10.7,94.0,0,0.0,0.0,36.0,0.0,0,-1,0.0,0.0,84.0,0,0.0,40.0,0.0,0.0,,,All-Wheel Drive,45,,9,900,0,Electricity,Electricity,10,-1,75.0,0,0.0,0.0,45.0,0.0,0,0,49667,0,0,Kia,EV9 Long Range AWD,N,False,0,0,283,311.0,0.0,249.0,0.0,Automatic (A1),141.1,0.0,112.5,0.0,Standard Sport Utility Vehicle 4WD,2026,7500,EV9,,,,,EV,,,141 kW PMSM (IPM),KMX,,0.0,,Thu Sep 25 00:00:00 EDT 2025,Thu Sep 25 00:00:00 EDT 2025,N,0,0,0,,,,,,,,,
0.0984,0.0,0.0,10.5,92.0,0,0.0,0.0,37.0,0.0,0,-1,0.0,0.0,82.0,0,0.0,41.0,0.0,0.0,,,All-Wheel Drive,46,,9,900,0,Electricity,Electricity,10,-1,72.0,0,0.0,0.0,47.0,0.0,0,0,49668,0,0,Kia,EV9 Long Range AWD GT-Line,N,False,0,0,280,310.0,0.0,244.0,0.0,Automatic (A1),142.4,0.0,112.3,0.0,Standard Sport Utility Vehicle 4WD,2026,7500,EV9,,,,,EV,,,141 kW PMSM (IPM),KMX,,0.0,,Thu Sep 25 00:00:00 EDT 2025,Thu Sep 25 00:00:00 EDT 2025,N,0,0,0,,,,,,,,,
0.1032,0.0,0.0,10.8,83.0,0,0.0,0.0,40.0,0.0,0,-1,0.0,0.0,78.0,0,0.0,43.0,0.0,0.0,,,All-Wheel Drive,47,,9,950,0,Electricity,Electricity,10,-1,72.0,0,0.0,0.0,47.0,0.0,0,0,49669,0,0,Kia,EV9 GT,N,False,0,0,260,279.0,0.0,237.0,0.0,Automatic (A1),123.4,0.0,106.7,0.0,Standard Sport Utility Vehicle 4WD,2026,7250,EV9,,,,,EV,,,139 and 235 kW PMSM (IPM),KMX,,0.0,,Thu Sep 25 00:00:00 EDT 2025,Thu Sep 25 00:00:00 EDT 2025,N,0,0,0,,,,,,,,,
0.0744,0.0,0.0,9.5,113.3434,0,0.0,0.0,29.7371,0.0,0,-1,0.0,0.0,108.3944,0,0.0,31.0948,0.0,0.0,,,All-Wheel Drive,27,,9,700,0,Electricity,Electricity,10,-1,102.9029,0,0.0,0.0,32.7542,0.0,0,0,49670,0,0,Lucid,Gravity GT w/20F21R wheels (2R),N,False,0,0,450,469.0,0.0,426.0,0.0,Automatic (A1),158.5,0.0,143.9,0.0,Standard Sport Utility Vehicle 4WD,2026,8500,Gravity,,,,,EV,,,399 kW ACPM,LMU,,0.0,,Thu Sep 25 00:00:00 EDT 2025,Thu Dec 11 00:00:00 EST 2025,N,0,0,0,,,,,,,,,
0.0815999999999999,0.0,0.0,9.5,101.9018,0,0.0,0.0,33.076,0.0,0,-1,0.0,0.0,98.1699,0,0.0,34.3333,0.0,0.0,,,All-Wheel Drive,28,,9,750,0,Electricity,Electricity,10,-1,93.9641,0,0.0,0.0,35.8701,0.0,0,0,49671,0,0,Lucid,Gravity GT w/21F22R wheels (2R),N,False,0,0,407,422.0,0.0,389.0,0.0,Automatic (A1),142.5,0.0,131.4,0.0,Standard Sport Utility Vehicle 4WD,2026,8250,Gravity,,,,,EV,,,399 kW ACPM,LMU,,0.0,,Thu Sep 25 00:00:00 EDT 2025,Thu Dec 11 00:00:00 EST 2025,N,0,0,0,,,,,,,,,
0.0815999999999999,0.0,0.0,9.5,101.9018,0,0.0,0.0,33.076,0.0,0,-1,0.0,0.0,98.1699,0,0.0,34.3333,0.0,0.0,,,All-Wheel Drive,29,,9,750,0,Electricity,Electricity,10,-1,93.9641,0,0.0,0.0,35.8701,0.0,0,0,49672,0,0,Lucid,Gravity GT w/22F23R wheels (2R),N,False,0,0,407,422.0,0.0,389.0,0.0,Automatic (A1),142.5,0.0,131.4,0.0,Standard Sport Utility Vehicle 4WD,2026,8250,Gravity,,,,,EV,,,399 kW ACPM,LMU,,0.0,,Thu Sep 25 00:00:00 EDT 2025,Thu Dec 11 00:00:00 EST 2025,N,0,0,0,,,,,,,,,
0.0863999999999999,0.0,0.0,9.5,95.7519,0,0.0,0.0,35.2003,0.0,0,-1,0.0,0.0,92.466,0,0.0,36.4512,0.0,0.0,,,All-Wheel Drive,31,,9,800,0,Electricity,Electricity,10,-1,88.7439,0,0.0,0.0,37.9801,0.0,0,0,49673,0,0,Lucid,Gravity GT w/21F22R wheels (3R),N,False,0,0,386,399.0,0.0,370.0,0.0,Automatic (A1),133.9,0.0,124.1,0.0,Standard Sport Utility Vehicle 4WD,2026,8000,Gravity,,,,,EV,,,399 kW ACPM,LMU,,0.0,,Thu Sep 25 00:00:00 EDT 2025,Thu Dec 11 00:00:00 EST 2025,N,0,0,0,,,,,,,,,
0.0863999999999999,0.0,0.0,9.5,95.7519,0,0.0,0.0,35.2003,0.0,0,-1,0.0,0.0,92.466,0,0.0,36.4512,0.0,0.0,,,All-Wheel Drive,32,,9,800,0,Electricity,Electricity,10,-1,88.7439,0,0.0,0.0,37.9801,0.0,0,0,49674,0,0,Lucid,Gravity GT w/22F23R wheels (3R),N,False,0,0,386,399.0,0.0,370.0,0.0,Automatic (A1),133.9,0.0,124.1,0.0,Standard Sport Utility Vehicle 4WD,2026,8000,Gravity,,,,,EV,,,399 kW ACPM,LMU,,0.0,,Thu Sep 25 00:00:00 EDT 2025,Thu Dec 11 00:00:00 EST 2025,N,0,0,0,,,,,,,,,
0.0815999999999999,0.0,0.0,9.5,101.1151,0,0.0,0.0,33.3333,0.0,0,-1,0.0,0.0,99.4743,0,0.0,33.8831,0.0,0.0,,,All-Wheel Drive,33,,9,750,0,Electricity,Electricity,10,-1,97.5396,0,0.0,0.0,34.5552,0.0,0,0,49675,0,0,Lucid,Gravity Dream w/20F21R wheels (3R),N,False,0,0,420,427.0,0.0,412.0,0.0,Automatic (A1),141.4,0.0,136.4,0.0,Standard Sport Utility Vehicle 4WD,2026,8250,Gravity,,,,,EV,,,399 kW ACPM,LMU,,0.0,,Thu Sep 25 00:00:00 EDT 2025,Thu Dec 11 00:00:00 EST 2025,N,0,0,0,,,,,,,,,
0.0911999999999999,0.0,0.0,9.5,91.3898,0,0.0,0.0,36.8805,0.0,0,-1,0.0,0.0,89.5432,0,0.0,37.641,0.0,0.0,,,All-Wheel Drive,34,,9,850,0,Electricity,Electricity,10,-1,87.3852,0,0.0,0.0,38.5706,0.0,0,0,49676,0,0,Lucid,Gravity Dream w/21F22R wheels (3R),N,False,0,0,378,386.0,0.0,369.0,0.0,Automatic (A1),127.8,0.0,122.2,0.0,Standard Sport Utility Vehicle 4WD,2026,7750,Gravity,,,,,EV,,,399 kW ACPM,LMU,,0.0,,Thu Sep 25 00:00:00 EDT 2025,Thu Dec 11 00:00:00 EST 2025,N,0,0,0,,,,,,,,,
0.0911999999999999,0.0,0.0,9.5,91.3898,0,0.0,0.0,36.8805,0.0,0,-1,0.0,0.0,89.5432,0,0.0,37.641,0.0,0.0,,,All-Wheel Drive,35,,9,850,0,Electricity,Electricity,10,-1,87.3852,0,0.0,0.0,38.5706,0.0,0,0,49677,0,0,Lucid,Gravity Dream w/22F23R wheels (3R),N,False,0,0,378,386.0,0.0,369.0,0.0,Automatic (A1),127.8,0.0,122.2,0.0,Standard Sport Utility Vehicle 4WD,2026,7750,Gravity,,,,,EV,,,399 kW ACPM,LMU,,0.0,,Thu Sep 25 00:00:00 EDT 2025,Thu Dec 11 00:00:00 EST 2025,N,0,0,0,,,,,,,,,
0.1152,0.0,0.0,10.75,69.0,0,0.0,0.0,49.0,0.0,0,-1,0.0,0.0,70.0,0,0.0,48.0,0.0,0.0,,,All-Wheel Drive,909,,9,1100,0,Electricity,Electricity,10,-1,71.0,0,0.0,0.0,48.0,0.0,0,0,49678,0,11,Mercedes-Benz,AMG EQE 4matic Plus,N,False,0,101,220,218.0,0.0,222.0,0.0,Automatic (A1),100.8,0.0,102.7,0.0,Midsize Cars,2026,6500,EQE,,,,,EV,,,165 and 295 kW ACPM 6-Phase,MBX,,0.0,,Thu Sep 25 00:00:00 EDT 2025,Tue Oct 28 00:00:00 EDT 2025,Y,0,0,0,,,,,,,,,
0.0863999999999999,0.0,0.0,11.5,94.0,0,0.0,0.0,35.6139,0.0,0,-1,0.0,0.0,94.0,0,0.0,35.6258,0.0,0.0,,,Rear-Wheel Drive,910,,9,800,0,Electricity,Electricity,10,-1,94.0,0,0.0,0.0,35.6403,0.0,0,0,49679,0,11,Mercedes-Benz,EQE 320 Plus,N,False,0,101,308,308.0,0.0,308.0,0.0,Automatic (A1),135.2,0.0,135.1,0.0,Midsize Cars,2026,8000,EQE,,,,,EV,,,235 kW ACPM 6-Phase,MBX,,0.0,,Thu Sep 25 00:00:00 EDT 2025,Tue Oct 28 00:00:00 EDT 2025,Y,0,0,0,,,,,,,,,
0.0936,0.0,0.0,10.75,87.0,0,0.0,0.0,39.0,0.0,0,-1,0.0,0.0,86.0,0,0.0,39.0,0.0,0.0,,,All-Wheel Drive,911,,9,900,0,Electricity,Electricity,10,-1,85.0,0,0.0,0.0,38.52,0.0,0,0,49680,0,11,Mercedes-Benz,EQE 320 4matic,N,False,0,101,267,266.0,0.0,269.0,0.0,Automatic (A1),126.7,0.0,125.0,0.0,Midsize Cars,2026,7500,EQE,,,,,EV,,,78 and157 kW ACPM 6-Phase,MBX,,0.0,,Thu Sep 25 00:00:00 EDT 2025,Tue Oct 28 00:00:00 EDT 2025,Y,0,0,0,,,,,,,,,
0.0815999999999999,0.0,0.0,14.0,98.0,0,0.0,0.0,33.9802,0.0,0,-1,0.0,0.0,98.0,0,0.0,34.0127,0.0,0.0,,,Rear-Wheel Drive,901,,9,750,0,Electricity,Electricity,10,-1,98.0,0,0.0,0.0,34.0523,0.0,0,0,49681,0,35,Mercedes-Benz,EQS 450 Plus,N,False,0,103,390,390.0,0.0,390.0,0.0,Automatic (A1),141.7,0.0,141.4,0.0,Large Cars,2026,8250,EQS,,,,,EV,,,265 kW ACPM 6-Phase,MBX,,0.0,,Thu Sep 25 00:00:00 EDT 2025,Tue Oct 28 00:00:00 EDT 2025,Y,0,0,0,,,,,,,,,
0.0863999999999999,0.0,0.0,11.5,93.0,0,0.0,0.0,35.6931,0.0,0,-1,0.0,0.0,93.0,0,0.0,35.622,0.0,0.0,,,All-Wheel Drive,902,,9,800,0,Electricity,Electricity,10,-1,93.0,0,0.0,0.0,35.5351,0.0,0,0,49682,0,35,Mercedes-Benz,EQS 580 4matic,N,False,0,103,371,370.0,0.0,372.0,0.0,Automatic (A1),134.9,0.0,135.5,0.0,Large Cars,2026,8000,EQS,,,,,EV,,,135 and 265 kW ACPM 6-Phase,MBX,,0.0,,Thu Sep 25 00:00:00 EDT 2025,Tue Oct 28 00:00:00 EDT 2025,Y,0,0,0,,,,,,,,,
0.0887999999999999,0.0,0.0,12.75,91.0,0,0.0,0.0,37.0,0.0,0,-1,0.0,0.0,92.0,0,0.0,37.0,0.0,0.0,,,All-Wheel Drive,905,,9,850,0,Electricity,Electricity,10,-1,93.0,0,0.0,0.0,36.0,0.0,0,0,49683,0,35,Mercedes-Benz,EQS 450 4matic,N,False,0,103,367,362.0,0.0,373.0,0.0,Automatic (A1),132.6,0.0,136.4,0.0,Large Cars,2026,7750,EQS,,,,,EV,,,135 and 265 kW ACPM 6-Phase,MBX,,0.0,,Thu Sep 25 00:00:00 EDT 2025,Tue Oct 28 00:00:00 EDT 2025,Y,0,0,0,,,,,,,,,
0.0863999999999999,0.0,0.0,11.5,98.0,0,0.0,0.0,34.1006,0.0,0,-1,0.0,0.0,93.4291,0,0.0,36.0755,0.0,0.0,,,Rear-Wheel Drive,915,,9,800,0,Electricity,Electricity,10,-1,87.0,0,0.0,0.0,39.0,0.0,0,0,49684,0,23,Mercedes-Benz,EQE 320 Plus (SUV),N,False,0,107,302,320.0,0.0,280.0,0.0,Automatic (A1),141.2,0.0,125.1,0.0,Midsize Station Wagons,2026,8000,EQE,,,,,EV,,,235 kW ACPM 6-Phase,MBX,,0.0,,Thu Sep 25 00:00:00 EDT 2025,Tue Oct 28 00:00:00 EDT 2025,Y,0,0,0,,,,,,,,,
0.1008,0.0,0.0,10.75,84.0,0,0.0,0.0,40.0,0.0,0,-1,0.0,0.0,81.0,0,0.0,42.0,0.0,0.0,,,All-Wheel Drive,916,,9,950,0,Electricity,Electricity,10,-1,78.0,0,0.0,0.0,43.0,0.0,0,0,49685,0,23,Mercedes-Benz,EQE 320 4matic (SUV),N,False,0,107,253,261.0,0.0,243.0,0.0,Automatic (A1),123.2,0.0,114.5,0.0,Midsize Station Wagons,2026,7250,EQE,,,,,EV,,,78 and 257 kW ACPM 6-Phase,MBX,,0.0,,Thu Sep 25 00:00:00 EDT 2025,Tue Oct 28 00:00:00 EDT 2025,Y,0,0,0,,,,,,,,,
0.1104,0.0,0.0,10.75,75.88,0,0.0,0.0,44.4188,0.0,0,-1,0.0,0.0,74.031,0,0.0,45.5282,0.0,0.0,,,All-Wheel Drive,922,,9,1000,0,Electricity,Electricity,10,-1,71.89,0,0.0,0.0,46.8841,0.0,0,0,49686,0,23,Mercedes-Benz,AMG EQE 4matic Plus (SUV),N,False,0,107,230,236.0,0.0,223.0,0.0,Automatic (A1),108.4,0.0,102.7,0.0,Midsize Station Wagons,2026,7000,EQE,,,,,EV,,,165 and 295 kW ACPM 6-Phase,MBX,,0.0,,Thu Sep 25 00:00:00 EDT 2025,Tue Oct 28 00:00:00 EDT 2025,Y,0,0,0,,,,,,,,,
0.1296,0.0,0.0,14.0,68.0,0,0.0,0.0,50.0,0.0,0,-1,0.0,0.0,62.0,0,0.0,54.0,0.0,0.0,,,4-Wheel Drive,436,,8,1200,0,Electricity,Electricity,10,-1,56.0,0,0.0,0.0,60.0,0.0,0,0,49687,0,0,Mercedes-Benz,G 580 with EQ Technology,N,False,0,0,239,258.0,0.0,215.0,0.0,Automatic (A2),98.3,0.0,81.6,0.0,Standard Sport Utility Vehicle 4WD,2026,6000,G-Class,,,,,EV,,,180 kW ACPM 6-Phase,MBX,,0.0,,Thu Sep 25 00:00:00 EDT 2025,Thu Dec 11 00:00:00 EST 2025,Y,0,0,0,,,,,,,,,
0.1032,0.0,0.0,14.0,80.0,0,0.0,0.0,41.6522,0.0,0,-1,0.0,0.0,79.0,0,0.0,43.0,0.0,0.0,,,All-Wheel Drive,917,,9,950,0,Electricity,Electricity,10,-1,78.4,0,0.0,0.0,42.9911,0.0,0,0,49688,0,0,Mercedes-Benz,EQS 400 4matic (SUV),N,False,0,0,312,316.0,0.0,307.0,0.0,Automatic (A1),115.6,0.0,112.0,0.0,Standard Sport Utility Vehicle 4WD,2026,7250,EQS,,,,,EV,,,135 and 265 kW ACPM 6-Phase,MBX,,0.0,,Thu Sep 25 00:00:00 EDT 2025,Tue Oct 28 00:00:00 EDT 2025,Y,0,0,0,,,,,,,,,
0.1008,0.0,0.0,14.0,82.0,0,0.0,0.0,41.0,0.0,0,-1,0.0,0.0,80.0,0,0.0,42.0,0.0,0.0,,,All-Wheel Drive,918,,9,950,0,Electricity,Electricity,10,-1,78.0,0,0.0,0.0,43.0,0.0,0,0,49689,0,0,Mercedes-Benz,EQS 550 4matic (SUV),N,False,0,0,317,324.0,0.0,309.0,0.0,Automatic (A1),118.9,0.0,113.3,0.0,Standard Sport Utility Vehicle 4WD,2026,7250,EQS,,,,,EV,,,135 and 265 kW ACPM 6-Phase,MBX,,0.0,,Thu Sep 25 00:00:00 EDT 2025,Tue Oct 28 00:00:00 EDT 2025,Y,0,0,0,,,,,,,,,
0.096,0.0,0.0,14.0,84.0,0,0.0,0.0,39.7934,0.0,0,-1,0.0,0.0,84.0,0,0.0,39.823,0.0,0.0,,,All-Wheel Drive,921,,9,900,0,Electricity,Electricity,10,-1,84.0,0,0.0,0.0,39.8593,0.0,0,0,49690,0,0,Mercedes-Benz,EQS 680 4matic Maybach (SUV),N,False,0,0,300,300.0,0.0,300.0,0.0,Automatic (A1),121.0,0.0,120.8,0.0,Standard Sport Utility Vehicle 4WD,2026,7500,EQS,,,,,EV,,,174 and 310 kW ACPM 6-Phase,MBX,,0.0,,Thu Sep 25 00:00:00 EDT 2025,Tue Oct 28 00:00:00 EDT 2025,Y,0,0,0,,,,,,,,,
0.096,0.0,0.0,9.5,91.8189,0,0.0,0.0,36.7081,0.0,0,-1,0.0,0.0,84.5046,0,0.0,39.8854,0.0,0.0,,,Part-time 4-Wheel Drive,59,,9,900,0,Electricity,Electricity,10,-1,77.007,0,0.0,0.0,43.7687,0.0,0,0,49691,0,0,Rivian,R1T Dual Standard (22in),N,False,0,0,270,291.0,0.0,244.0,0.0,Automatic (A1),127.7,0.0,107.1,0.0,Standard Pickup Trucks 4WD,2026,7500,R1T,,,,,EV,,,208 kW ACPM,RIV,,0.0,,Thu Sep 25 00:00:00 EDT 2025,Wed Mar 18 00:00:00 EDT 2026,N,0,0,0,,,,,,,,,
0.1032,0.0,0.0,9.5,85.0281,0,0.0,0.0,39.6399,0.0,0,-1,0.0,0.0,78.6245,0,0.0,42.8683,0.0,0.0,,,Part-time 4-Wheel Drive,61,,9,950,0,Electricity,Electricity,10,-1,71.9972,0,0.0,0.0,46.8143,0.0,0,0,49692,0,0,Rivian,R1T Dual Standard (20in),N,False,0,0,258,277.0,0.0,235.0,0.0,Automatic (A1),116.8,0.0,98.9,0.0,Standard Pickup Trucks 4WD,2026,7250,R1T,,,,,EV,,,208 kW ACPM,RIV,,0.0,,Thu Sep 25 00:00:00 EDT 2025,Wed Mar 18 00:00:00 EDT 2026,N,0,0,0,,,,,,,,,
0.1008,0.0,0.0,15.0,86.4347,0,0.0,0.0,38.9947,0.0,0,-1,0.0,0.0,80.3018,0,0.0,41.9729,0.0,0.0,,,Part-time 4-Wheel Drive,63,,9,950,0,Electricity,Electricity,10,-1,73.8935,0,0.0,0.0,45.6129,0.0,0,0,49693,0,0,Rivian,R1T Dual Max (20in),N,False,0,0,380,407.0,0.0,348.0,0.0,Automatic (A1),121.3,0.0,103.7,0.0,Standard Pickup Trucks 4WD,2026,7250,R1T,,,,,EV,,,264 kW ACPM,RIV,,0.0,,Thu Sep 25 00:00:00 EDT 2025,Wed Mar 18 00:00:00 EDT 2026,N,0,0,0,,,,,,,,,
0.0936,0.0,0.0,15.0,92.9982,0,0.0,0.0,36.2426,0.0,0,-1,0.0,0.0,86.7778,0,0.0,38.8406,0.0,0.0,,,Part-time 4-Wheel Drive,65,,9,850,0,Electricity,Electricity,10,-1,80.2198,0,0.0,0.0,42.0158,0.0,0,0,49694,0,0,Rivian,R1T Dual Max (22in),N,False,0,0,420,448.0,0.0,386.0,0.0,Automatic (A1),131.0,0.0,113.0,0.0,Standard Pickup Trucks 4WD,2026,7750,R1T,,,,,EV,,,264 kW ACPM,RIV,,0.0,,Thu Sep 25 00:00:00 EDT 2025,Wed Mar 18 00:00:00 EDT 2026,N,0,0,0,,,,,,,,,
0.1032,0.0,0.0,15.0,82.1475,0,0.0,0.0,41.0298,0.0,0,-1,0.0,0.0,77.976,0,0.0,43.2248,0.0,0.0,,,Part-time 4-Wheel Drive,67,,9,950,0,Electricity,Electricity,10,-1,73.4193,0,0.0,0.0,45.9075,0.0,0,0,49695,0,0,Rivian,R1T All-Terrain Dual Max (20in),N,False,0,0,370,389.0,0.0,347.0,0.0,Automatic (A1),112.0,0.0,100.1,0.0,Standard Pickup Trucks 4WD,2026,7250,R1T,,,,,EV,,,264 kW ACPM,RIV,,0.0,,Thu Sep 25 00:00:00 EDT 2025,Wed Mar 18 00:00:00 EDT 2026,N,0,0,0,,,,,,,,,
0.1008,0.0,0.0,15.0,86.4347,0,0.0,0.0,38.9947,0.0,0,-1,0.0,0.0,80.3018,0,0.0,41.9729,0.0,0.0,,,Part-time 4-Wheel Drive,69,,9,950,0,Electricity,Electricity,10,-1,73.8935,0,0.0,0.0,45.6129,0.0,0,0,49696,0,0,Rivian,R1T Performance Dual Max (20in),N,False,0,0,380,407.0,0.0,348.0,0.0,Automatic (A1),121.3,0.0,103.7,0.0,Standard Pickup Trucks 4WD,2026,7250,R1T,,,,,EV,,,264 kW ACPM,RIV,,0.0,,Thu Sep 25 00:00:00 EDT 2025,Wed Mar 18 00:00:00 EDT 2026,N,0,0,0,,,,,,,,,
0.0936,0.0,0.0,15.0,92.9982,0,0.0,0.0,36.2426,0.0,0,-1,0.0,0.0,86.7778,0,0.0,38.8406,0.0,0.0,,,Part-time 4-Wheel Drive,71,,9,850,0,Electricity,Electricity,10,-1,80.2198,0,0.0,0.0,42.0158,0.0,0,0,49697,0,0,Rivian,R1T Performance Dual Max (22in),N,False,0,0,420,448.0,0.0,386.0,0.0,Automatic (A1),131.0,0.0,113.0,0.0,Standard Pickup Trucks 4WD,2026,7750,R1T,,,,,EV,,,264 kW ACPM,RIV,,0.0,,Thu Sep 25 00:00:00 EDT 2025,Wed Mar 18 00:00:00 EDT 2026,N,0,0,0,,,,,,,,,
0.1032,0.0,0.0,15.0,82.1475,0,0.0,0.0,41.0298,0.0,0,-1,0.0,0.0,77.976,0,0.0,43.2248,0.0,0.0,,,Part-time 4-Wheel Drive,73,,9,950,0,Electricity,Electricity,10,-1,73.4193,0,0.0,0.0,45.9075,0.0,0,0,49698,0,0,Rivian,R1T All-Terrain Performance Dual Max (20in),N,False,0,0,370,389.0,0.0,347.0,0.0,Automatic (A1),112.0,0.0,100.1,0.0,Standard Pickup Trucks 4WD,2026,7250,R1T,,,,,EV,,,264 kW ACPM,RIV,,0.0,,Thu Sep 25 00:00:00 EDT 2025,Wed Mar 18 00:00:00 EDT 2026,N,0,0,0,,,,,,,,,
0.0984,0.0,0.0,12.0,89.11,0,0.0,0.0,37.824,0.0,0,-1,0.0,0.0,82.4024,0,0.0,40.9029,0.0,0.0,,,4-Wheel Drive,75,,9,900,0,Electricity,Electricity,10,-1,75.46,0,0.0,0.0,44.666,0.0,0,0,49699,0,0,Rivian,R1T Dual Large Plus (22in),N,False,0,0,330,354.0,0.0,300.0,0.0,Automatic (A1),127.3,0.0,107.8,0.0,Standard Pickup Trucks 4WD,2026,7500,R1T,,,,,EV,,,264 kW ACPM,RIV,,0.0,,Thu Sep 25 00:00:00 EDT 2025,Wed Mar 18 00:00:00 EDT 2026,N,0,0,0,,,,,,,,,
0.1128,0.0,0.0,12.0,76.16,0,0.0,0.0,44.2555,0.0,0,-1,0.0,0.0,71.885,0,0.0,46.8874,0.0,0.0,,,4-Wheel Drive,77,,9,1050,0,Electricity,Electricity,10,-1,67.27,0,0.0,0.0,50.1041,0.0,0,0,49700,0,0,Rivian,R1T All-Terrain Dual Large Plus (20in),N,False,0,0,292,308.0,0.0,272.0,0.0,Automatic (A1),108.8,0.0,96.1,0.0,Standard Pickup Trucks 4WD,2026,6750,R1T,,,,,EV,,,264 kW ACPM,RIV,,0.0,,Thu Sep 25 00:00:00 EDT 2025,Wed Mar 18 00:00:00 EDT 2026,N,0,0,0,,,,,,,,,
0.0984,0.0,0.0,12.0,89.11,0,0.0,0.0,37.824,0.0,0,-1,0.0,0.0,82.4024,0,0.0,40.9029,0.0,0.0,,,4-Wheel Drive,79,,9,900,0,Electricity,Electricity,10,-1,75.46,0,0.0,0.0,44.666,0.0,0,0,49701,0,0,Rivian,R1T Performance Dual Large Plus (22in),N,False,0,0,330,354.0,0.0,300.0,0.0,Automatic (A1),127.3,0.0,107.8,0.0,Standard Pickup Trucks 4WD,2026,7500,R1T,,,,,EV,,,264 kW ACPM,RIV,,0.0,,Thu Sep 25 00:00:00 EDT 2025,Wed Mar 18 00:00:00 EDT 2026,N,0,0,0,,,,,,,,,
0.1128,0.0,0.0,12.0,76.16,0,0.0,0.0,44.2555,0.0,0,-1,0.0,0.0,71.885,0,0.0,46.8874,0.0,0.0,,,4-Wheel Drive,81,,9,1050,0,Electricity,Electricity,10,-1,67.27,0,0.0,0.0,50.1041,0.0,0,0,49702,0,0,Rivian,R1T All-Terrain Performance Dual Large Plus (20in),N,False,0,0,292,308.0,0.0,272.0,0.0,Automatic (A1),108.8,0.0,96.1,0.0,Standard Pickup Trucks 4WD,2026,6750,R1T,,,,,EV,,,264 kW ACPM,RIV,,0.0,,Thu Sep 25 00:00:00 EDT 2025,Wed Mar 18 00:00:00 EDT 2026,N,0,0,0,,,,,,,,,
0.1032,0.0,0.0,12.0,84.56,0,0.0,0.0,39.8593,0.0,0,-1,0.0,0.0,78.1589,0,0.0,43.1237,0.0,0.0,,,4-Wheel Drive,83,,9,950,0,Electricity,Electricity,10,-1,71.54,0,0.0,0.0,47.1135,0.0,0,0,49703,0,0,Rivian,R1T Dual Large Plus (20in),N,False,0,0,317,341.0,0.0,288.0,0.0,Automatic (A1),120.8,0.0,102.2,0.0,Standard Pickup Trucks 4WD,2026,7250,R1T,,,,,EV,,,264 kW ACPM,RIV,,0.0,,Thu Sep 25 00:00:00 EDT 2025,Wed Mar 18 00:00:00 EDT 2026,N,0,0,0,,,,,,,,,
0.1032,0.0,0.0,12.0,84.56,0,0.0,0.0,39.8593,0.0,0,-1,0.0,0.0,78.1589,0,0.0,43.1237,0.0,0.0,,,4-Wheel Drive,85,,9,950,0,Electricity,Electricity,10,-1,71.54,0,0.0,0.0,47.1135,0.0,0,0,49704,0,0,Rivian,R1T Performance Dual Large Plus (20in),N,False,0,0,317,341.0,0.0,288.0,0.0,Automatic (A1),120.8,0.0,102.2,0.0,Standard Pickup Trucks 4WD,2026,7250,R1T,,,,,EV,,,208 kW ACPM,RIV,,0.0,,Thu Sep 25 00:00:00 EDT 2025,Wed Mar 18 00:00:00 EDT 2026,N,0,0,0,,,,,,,,,
0.108,0.0,0.0,15.0,81.0366,0,0.0,0.0,41.5923,0.0,0,-1,0.0,0.0,75.6197,0,0.0,44.5717,0.0,0.0,,,4-Wheel Drive,87,,9,1000,0,Electricity,Electricity,10,-1,69.9083,0,0.0,0.0,48.2132,0.0,0,0,49705,0,0,Rivian,R1T Tri Max (22in),N,False,0,0,371,395.0,0.0,341.0,0.0,Automatic (A1),113.6,0.0,98.0,0.0,Standard Pickup Trucks 4WD,2026,7000,R1T,,,,,EV,,,201 and 233 kW ACPM,RIV,,0.0,,Thu Sep 25 00:00:00 EDT 2025,Wed Mar 18 00:00:00 EDT 2026,N,0,0,0,,,,,,,,,
0.12,0.0,0.0,15.0,71.7938,0,0.0,0.0,46.947,0.0,0,-1,0.0,0.0,67.6338,0,0.0,49.8346,0.0,0.0,,,4-Wheel Drive,89,,9,1100,0,Electricity,Electricity,10,-1,63.1608,0,0.0,0.0,53.3638,0.0,0,0,49706,0,0,Rivian,R1T All-Terrain Tri Max (20in),N,False,0,0,329,348.0,0.0,306.0,0.0,Automatic (A1),97.3,0.0,85.6,0.0,Standard Pickup Trucks 4WD,2026,6500,R1T,,,,,EV,,,201 and 233 kW ACPM,RIV,,0.0,,Thu Sep 25 00:00:00 EDT 2025,Wed Mar 18 00:00:00 EDT 2026,N,0,0,0,,,,,,,,,
0.0936,0.0,0.0,12.0,93.9193,0,0.0,0.0,35.8872,0.0,0,-1,0.0,0.0,85.3883,0,0.0,39.4726,0.0,0.0,,,4-Wheel Drive,91,,9,900,0,Electricity,Electricity,10,-1,76.8559,0,0.0,0.0,43.8548,0.0,0,0,49707,0,0,Rivian,R1T Dual Large (22in),N,False,0,0,329,358.0,0.0,293.0,0.0,Automatic (A1),133.0,0.0,109.0,0.0,Standard Pickup Trucks 4WD,2026,7500,R1T,,,,,EV,,,264 kW ACPM,RIV,,0.0,,Thu Sep 25 00:00:00 EDT 2025,Wed Mar 18 00:00:00 EDT 2026,N,0,0,0,,,,,,,,,
0.1032,0.0,0.0,12.0,84.98,0,0.0,0.0,39.6623,0.0,0,-1,0.0,0.0,78.6194,0,0.0,42.8711,0.0,0.0,,,4-Wheel Drive,93,,9,950,0,Electricity,Electricity,10,-1,72.03,0,0.0,0.0,46.793,0.0,0,0,49708,0,0,Rivian,R1T Dual Large (20in),N,False,0,0,300,322.0,0.0,273.0,0.0,Automatic (A1),121.0,0.0,103.0,0.0,Standard Pickup Trucks 4WD,2026,7250,R1T,,,,,EV,,,264 kW ACPM,RIV,,0.0,,Thu Sep 25 00:00:00 EDT 2025,Wed Mar 18 00:00:00 EDT 2026,N,0,0,0,,,,,,,,,
0.1056,0.0,0.0,12.0,81.8984,0,0.0,0.0,41.1546,0.0,0,-1,0.0,0.0,75.9769,0,0.0,44.3622,0.0,0.0,,,4-Wheel Drive,95,,9,1000,0,Electricity,Electricity,10,-1,69.808,0,0.0,0.0,48.2824,0.0,0,0,49709,0,0,Rivian,R1T All-Terrain Dual Large (20in),N,False,0,0,289,310.0,0.0,264.0,0.0,Automatic (A1),114.0,0.0,97.0,0.0,Standard Pickup Trucks 4WD,2026,7000,R1T,,,,,EV,,,264 kW ACPM,RIV,,0.0,,Thu Sep 25 00:00:00 EDT 2025,Wed Mar 18 00:00:00 EDT 2026,N,0,0,0,,,,,,,,,
0.0936,0.0,0.0,12.0,93.9193,0,0.0,0.0,35.8872,0.0,0,-1,0.0,0.0,85.3883,0,0.0,39.4726,0.0,0.0,,,4-Wheel Drive,97,,9,900,0,Electricity,Electricity,10,-1,76.8559,0,0.0,0.0,43.8548,0.0,0,0,49710,0,0,Rivian,R1T Performance Dual Large (22in),N,False,0,0,329,358.0,0.0,293.0,0.0,Automatic (A1),133.0,0.0,109.0,0.0,Standard Pickup Trucks 4WD,2026,7500,R1T,,,,,EV,,,264 kW ACPM,RIV,,0.0,,Thu Sep 25 00:00:00 EDT 2025,Wed Mar 18 00:00:00 EDT 2026,N,0,0,0,,,,,,,,,
0.1032,0.0,0.0,12.0,84.98,0,0.0,0.0,39.6623,0.0,0,-1,0.0,0.0,78.6194,0,0.0,42.8711,0.0,0.0,,,4-Wheel Drive,99,,9,950,0,Electricity,Electricity,10,-1,72.03,0,0.0,0.0,46.793,0.0,0,0,49711,0,0,Rivian,R1T Performance Dual Large (20in),N,False,0,0,300,322.0,0.0,273.0,0.0,Automatic (A1),121.0,0.0,103.0,0.0,Standard Pickup Trucks 4WD,2026,7250,R1T,,,,,EV,,,264 kW ACPM,RIV,,0.0,,Thu Sep 25 00:00:00 EDT 2025,Wed Mar 18 00:00:00 EDT 2026,N,0,0,0,,,,,,,,,
0.1056,0.0,0.0,12.0,81.8984,0,0.0,0.0,41.1546,0.0,0,-1,0.0,0.0,75.9769,0,0.0,44.3622,0.0,0.0,,,4-Wheel Drive,101,,9,1000,0,Electricity,Electricity,10,-1,69.808,0,0.0,0.0,48.2824,0.0,0,0,49712,0,0,Rivian,R1T All-Terrain Performance Dual Large (20in),N,False,0,0,289,310.0,0.0,264.0,0.0,Automatic (A1),114.0,0.0,97.0,0.0,Standard Pickup Trucks 4WD,2026,7000,R1T,,,,,EV,,,264 kW ACPM,RIV,,0.0,,Thu Sep 25 00:00:00 EDT 2025,Wed Mar 18 00:00:00 EDT 2026,N,0,0,0,,,,,,,,,
0.1128,0.0,0.0,14.0,75.4317,0,0.0,0.0,44.6828,0.0,0,-1,0.0,0.0,71.1878,0,0.0,47.3466,0.0,0.0,,,4-Wheel Drive,104,,9,1050,0,Electricity,Electricity,10,-1,66.6076,0,0.0,0.0,50.6023,0.0,0,0,49713,0,0,Rivian,R1T Quad Max (22in UHP),N,False,0,0,338,357.0,0.0,315.0,0.0,Automatic (A1),106.0,0.0,93.6,0.0,Standard Pickup Trucks 4WD,2026,6750,R1T,,,,,EV,,,201 kW ACPM,RIV,,0.0,,Thu Sep 25 00:00:00 EDT 2025,Wed Mar 18 00:00:00 EDT 2026,N,0,0,0,,,,,,,,,
0.12,0.0,0.0,14.0,70.9644,0,0.0,0.0,47.4956,0.0,0,-1,0.0,0.0,67.2718,0,0.0,50.1027,0.0,0.0,,,4-Wheel Drive,106,,9,1150,0,Electricity,Electricity,10,-1,63.2493,0,0.0,0.0,53.2891,0.0,0,0,49714,0,0,Rivian,R1T Quad Max (20in AT),N,False,0,0,325,342.0,0.0,305.0,0.0,Automatic (A1),97.5,0.0,86.9,0.0,Standard Pickup Trucks 4WD,2026,6250,R1T,,,,,EV,,,201 kW ACPM,RIV,,0.0,,Thu Sep 25 00:00:00 EDT 2025,Wed Mar 18 00:00:00 EDT 2026,N,0,0,0,,,,,,,,,
0.1056,0.0,0.0,14.0,80.3248,0,0.0,0.0,41.9609,0.0,0,-1,0.0,0.0,75.9604,0,0.0,44.3718,0.0,0.0,,,4-Wheel Drive,108,,9,1000,0,Electricity,Electricity,10,-1,71.2301,0,0.0,0.0,47.3185,0.0,0,0,49715,0,0,Rivian,R1T Quad Max (22in),N,False,0,0,374,394.0,0.0,349.0,0.0,Automatic (A1),110.4,0.0,97.9,0.0,Standard Pickup Trucks 4WD,2026,7000,R1T,,,,,EV,,,201 kW ACPM,RIV,,0.0,,Thu Sep 25 00:00:00 EDT 2025,Wed Mar 18 00:00:00 EDT 2026,N,0,0,0,,,,,,,,,
0.096,0.0,0.0,9.5,91.8189,0,0.0,0.0,36.7081,0.0,0,-1,0.0,0.0,84.5046,0,0.0,39.8854,0.0,0.0,,,Part-time 4-Wheel Drive,60,,9,900,0,Electricity,Electricity,10,-1,77.007,0,0.0,0.0,43.7687,0.0,0,0,49716,0,0,Rivian,R1S Dual Standard (22in),N,False,0,0,270,291.0,0.0,244.0,0.0,Automatic (A1),127.7,0.0,107.1,0.0,Standard Sport Utility Vehicle 4WD,2026,7500,R1S,,,,,EV,,,208 kW ACPM,RIV,,0.0,,Thu Sep 25 00:00:00 EDT 2025,Wed Mar 18 00:00:00 EDT 2026,N,0,0,0,,,,,,,,,
0.1032,0.0,0.0,9.5,85.0281,0,0.0,0.0,39.6399,0.0,0,-1,0.0,0.0,78.6245,0,0.0,42.8683,0.0,0.0,,,Part-time 4-Wheel Drive,62,,9,950,0,Electricity,Electricity,10,-1,71.9972,0,0.0,0.0,46.8143,0.0,0,0,49717,0,0,Rivian,R1S Dual Standard (20in),N,False,0,0,258,277.0,0.0,235.0,0.0,Automatic (A1),116.8,0.0,98.9,0.0,Standard Sport Utility Vehicle 4WD,2026,7250,R1S,,,,,EV,,,208 kW ACPM,RIV,,0.0,,Thu Sep 25 00:00:00 EDT 2025,Wed Mar 18 00:00:00 EDT 2026,N,0,0,0,,,,,,,,,
0.1008,0.0,0.0,15.0,86.4347,0,0.0,0.0,38.9947,0.0,0,-1,0.0,0.0,80.3018,0,0.0,41.9729,0.0,0.0,,,Part-time 4-Wheel Drive,64,,9,950,0,Electricity,Electricity,10,-1,73.8935,0,0.0,0.0,45.6129,0.0,0,0,49718,0,0,Rivian,R1S Dual Max (20in),N,False,0,0,380,407.0,0.0,348.0,0.0,Automatic (A1),121.3,0.0,103.7,0.0,Standard Sport Utility Vehicle 4WD,2026,7250,R1S,,,,,EV,,,264 kW ACPM,RIV,,0.0,,Thu Sep 25 00:00:00 EDT 2025,Wed Mar 18 00:00:00 EDT 2026,N,0,0,0,,,,,,,,,
0.096,0.0,0.0,15.0,91.3191,0,0.0,0.0,36.909,0.0,0,-1,0.0,0.0,84.3922,0,0.0,39.9385,0.0,0.0,,,Part-time 4-Wheel Drive,66,,9,900,0,Electricity,Electricity,10,-1,77.2319,0,0.0,0.0,43.6413,0.0,0,0,49719,0,0,Rivian,R1S Dual Max (22in),N,False,0,0,410,441.0,0.0,373.0,0.0,Automatic (A1),129.0,0.0,109.1,0.0,Standard Sport Utility Vehicle 4WD,2026,7500,R1S,,,,,EV,,,264 kW ACPM,RIV,,0.0,,Thu Sep 25 00:00:00 EDT 2025,Wed Mar 18 00:00:00 EDT 2026,N,0,0,0,,,,,,,,,
0.1032,0.0,0.0,15.0,82.1475,0,0.0,0.0,41.0298,0.0,0,-1,0.0,0.0,77.976,0,0.0,43.2248,0.0,0.0,,,Part-time 4-Wheel Drive,68,,9,950,0,Electricity,Electricity,10,-1,73.4193,0,0.0,0.0,45.9075,0.0,0,0,49720,0,0,Rivian,R1S All-Terrain Dual Max (20in),N,False,0,0,370,389.0,0.0,347.0,0.0,Automatic (A1),112.0,0.0,100.1,0.0,Standard Sport Utility Vehicle 4WD,2026,7250,R1S,,,,,EV,,,264 kW ACPM,RIV,,0.0,,Thu Sep 25 00:00:00 EDT 2025,Wed Mar 18 00:00:00 EDT 2026,N,0,0,0,,,,,,,,,
0.1008,0.0,0.0,15.0,86.4347,0,0.0,0.0,38.9947,0.0,0,-1,0.0,0.0,80.3018,0,0.0,41.9729,0.0,0.0,,,Part-time 4-Wheel Drive,70,,9,950,0,Electricity,Electricity,10,-1,73.8935,0,0.0,0.0,45.6129,0.0,0,0,49721,0,0,Rivian,R1S Performance Dual Max (20in),N,False,0,0,380,407.0,0.0,348.0,0.0,Automatic (A1),121.3,0.0,103.7,0.0,Standard Sport Utility Vehicle 4WD,2026,7250,R1S,,,,,EV,,,264 kW ACPM,RIV,,0.0,,Thu Sep 25 00:00:00 EDT 2025,Wed Mar 18 00:00:00 EDT 2026,N,0,0,0,,,,,,,,,
0.096,0.0,0.0,15.0,91.3191,0,0.0,0.0,36.909,0.0,0,-1,0.0,0.0,84.3922,0,0.0,39.9385,0.0,0.0,,,Part-time 4-Wheel Drive,72,,9,900,0,Electricity,Electricity,10,-1,77.2319,0,0.0,0.0,43.6413,0.0,0,0,49722,0,0,Rivian,R1S Performance Dual Max (22in),N,False,0,0,410,441.0,0.0,373.0,0.0,Automatic (A1),129.0,0.0,109.1,0.0,Standard Sport Utility Vehicle 4WD,2026,7500,R1S,,,,,EV,,,264 kW ACPM,RIV,,0.0,,Thu Sep 25 00:00:00 EDT 2025,Wed Mar 18 00:00:00 EDT 2026,N,0,0,0,,,,,,,,,
0.1032,0.0,0.0,15.0,82.1475,0,0.0,0.0,41.0298,0.0,0,-1,0.0,0.0,77.976,0,0.0,43.2248,0.0,0.0,,,Part-time 4-Wheel Drive,74,,9,950,0,Electricity,Electricity,10,-1,73.4193,0,0.0,0.0,45.9075,0.0,0,0,49723,0,0,Rivian,R1S All-Terrain Performance  Dual Max (20in),N,False,0,0,370,389.0,0.0,347.0,0.0,Automatic (A1),112.0,0.0,100.1,0.0,Standard Sport Utility Vehicle 4WD,2026,7250,R1S,,,,,EV,,,264 kW ACPM,RIV,,0.0,,Thu Sep 25 00:00:00 EDT 2025,Wed Mar 18 00:00:00 EDT 2026,N,0,0,0,,,,,,,,,
0.0984,0.0,0.0,12.0,89.11,0,0.0,0.0,37.824,0.0,0,-1,0.0,0.0,82.4024,0,0.0,40.9029,0.0,0.0,,,4-Wheel Drive,76,,9,900,0,Electricity,Electricity,10,-1,75.46,0,0.0,0.0,44.666,0.0,0,0,49724,0,0,Rivian,R1S Dual Large Plus (22in),N,False,0,0,330,354.0,0.0,300.0,0.0,Automatic (A1),127.3,0.0,107.8,0.0,Standard Sport Utility Vehicle 4WD,2026,7500,R1S,,,,,EV,,,264 kW ACPM,RIV,,0.0,,Thu Sep 25 00:00:00 EDT 2025,Wed Mar 18 00:00:00 EDT 2026,N,0,0,0,,,,,,,,,
0.1128,0.0,0.0,12.0,76.16,0,0.0,0.0,44.2555,0.0,0,-1,0.0,0.0,71.885,0,0.0,46.8874,0.0,0.0,,,4-Wheel Drive,78,,9,1050,0,Electricity,Electricity,10,-1,67.27,0,0.0,0.0,50.1041,0.0,0,0,49725,0,0,Rivian,R1S All-Terrain Dual Large Plus (20in),N,False,0,0,292,308.0,0.0,272.0,0.0,Automatic (A1),108.8,0.0,96.1,0.0,Standard Sport Utility Vehicle 4WD,2026,6750,R1S,,,,,EV,,,264 kW ACPM,RIV,,0.0,,Thu Sep 25 00:00:00 EDT 2025,Wed Mar 18 00:00:00 EDT 2026,N,0,0,0,,,,,,,,,
0.0984,0.0,0.0,12.0,89.11,0,0.0,0.0,37.824,0.0,0,-1,0.0,0.0,82.4024,0,0.0,40.9029,0.0,0.0,,,4-Wheel Drive,80,,9,900,0,Electricity,Electricity,10,-1,75.46,0,0.0,0.0,44.666,0.0,0,0,49726,0,0,Rivian,R1S Performance Dual Large Plus (22in),N,False,0,0,330,354.0,0.0,300.0,0.0,Automatic (A1),127.3,0.0,107.8,0.0,Standard Sport Utility Vehicle 4WD,2026,7500,R1S,,,,,EV,,,264 kW ACPM,RIV,,0.0,,Thu Sep 25 00:00:00 EDT 2025,Wed Mar 18 00:00:00 EDT 2026,N,0,0,0,,,,,,,,,
0.1128,0.0,0.0,12.0,76.16,0,0.0,0.0,44.2555,0.0,0,-1,0.0,0.0,71.885,0,0.0,46.8874,0.0,0.0,,,4-Wheel Drive,82,,9,1050,0,Electricity,Electricity,10,-1,67.27,0,0.0,0.0,50.1041,0.0,0,0,49727,0,0,Rivian,R1S All-Terrain Performance Dual Large Plus (20in),N,False,0,0,292,308.0,0.0,272.0,0.0,Automatic (A1),108.8,0.0,96.1,0.0,Standard Sport Utility Vehicle 4WD,2026,6750,R1S,,,,,EV,,,264 kW ACPM,RIV,,0.0,,Thu Sep 25 00:00:00 EDT 2025,Wed Mar 18 00:00:00 EDT 2026,N,0,0,0,,,,,,,,,
0.1032,0.0,0.0,12.0,84.56,0,0.0,0.0,39.8593,0.0,0,-1,0.0,0.0,78.1589,0,0.0,43.1237,0.0,0.0,,,4-Wheel Drive,84,,9,950,0,Electricity,Electricity,10,-1,71.54,0,0.0,0.0,47.1135,0.0,0,0,49728,0,0,Rivian,R1S Dual Large Plus (20in),N,False,0,0,317,341.0,0.0,288.0,0.0,Automatic (A1),120.8,0.0,102.2,0.0,Standard Sport Utility Vehicle 4WD,2026,7250,R1S,,,,,EV,,,264 kW ACPM,RIV,,0.0,,Thu Sep 25 00:00:00 EDT 2025,Wed Mar 18 00:00:00 EDT 2026,N,0,0,0,,,,,,,,,
0.1032,0.0,0.0,12.0,84.56,0,0.0,0.0,39.8593,0.0,0,-1,0.0,0.0,78.1589,0,0.0,43.1237,0.0,0.0,,,4-Wheel Drive,86,,9,950,0,Electricity,Electricity,10,-1,71.54,0,0.0,0.0,47.1135,0.0,0,0,49729,0,0,Rivian,R1S Performance Dual Large Plus (20in),N,False,0,0,317,341.0,0.0,288.0,0.0,Automatic (A1),120.8,0.0,102.2,0.0,Standard Sport Utility Vehicle 4WD,2026,7250,R1S,,,,,EV,,,264 kW ACPM,RIV,,0.0,,Thu Sep 25 00:00:00 EDT 2025,Wed Mar 18 00:00:00 EDT 2026,N,0,0,0,,,,,,,,,
0.108,0.0,0.0,15.0,81.0366,0,0.0,0.0,41.5923,0.0,0,-1,0.0,0.0,75.6197,0,0.0,44.5717,0.0,0.0,,,4-Wheel Drive,88,,9,1000,0,Electricity,Electricity,10,-1,69.9083,0,0.0,0.0,48.2132,0.0,0,0,49730,0,0,Rivian,R1S Tri Max (22in),N,False,0,0,371,395.0,0.0,341.0,0.0,Automatic (A1),113.6,0.0,98.0,0.0,Standard Sport Utility Vehicle 4WD,2026,7000,R1S,,,,,EV,,,201 and 233 kW ACPM,RIV,,0.0,,Thu Sep 25 00:00:00 EDT 2025,Wed Mar 18 00:00:00 EDT 2026,N,0,0,0,,,,,,,,,
0.12,0.0,0.0,15.0,71.7938,0,0.0,0.0,46.947,0.0,0,-1,0.0,0.0,67.6338,0,0.0,49.8346,0.0,0.0,,,4-Wheel Drive,90,,9,1100,0,Electricity,Electricity,10,-1,63.1608,0,0.0,0.0,53.3638,0.0,0,0,49731,0,0,Rivian,R1S All-Terrain Tri Max (20in),N,False,0,0,329,348.0,0.0,306.0,0.0,Automatic (A1),97.3,0.0,85.6,0.0,Standard Sport Utility Vehicle 4WD,2026,6500,R1S,,,,,EV,,,201 and 233 kW ACPM,RIV,,0.0,,Thu Sep 25 00:00:00 EDT 2025,Wed Mar 18 00:00:00 EDT 2026,N,0,0,0,,,,,,,,,
0.0936,0.0,0.0,12.0,93.9193,0,0.0,0.0,35.8872,0.0,0,-1,0.0,0.0,85.3883,0,0.0,39.4726,0.0,0.0,,,4-Wheel Drive,92,,9,900,0,Electricity,Electricity,10,-1,76.8559,0,0.0,0.0,43.8548,0.0,0,0,49732,0,0,Rivian,R1S Dual Large (22in),N,False,0,0,329,358.0,0.0,293.0,0.0,Automatic (A1),133.0,0.0,109.0,0.0,Standard Sport Utility Vehicle 4WD,2026,7500,R1S,,,,,EV,,,264 kW ACPM,RIV,,0.0,,Thu Sep 25 00:00:00 EDT 2025,Wed Mar 18 00:00:00 EDT 2026,N,0,0,0,,,,,,,,,
0.1032,0.0,0.0,12.0,84.98,0,0.0,0.0,39.6623,0.0,0,-1,0.0,0.0,78.6194,0,0.0,42.8711,0.0,0.0,,,4-Wheel Drive,94,,9,950,0,Electricity,Electricity,10,-1,72.03,0,0.0,0.0,46.793,0.0,0,0,49733,0,0,Rivian,R1S Dual Large (20in),N,False,0,0,300,322.0,0.0,273.0,0.0,Automatic (A1),121.0,0.0,103.0,0.0,Standard Sport Utility Vehicle 4WD,2026,7250,R1S,,,,,EV,,,264 kW ACPM,RIV,,0.0,,Thu Sep 25 00:00:00 EDT 2025,Wed Mar 18 00:00:00 EDT 2026,N,0,0,0,,,,,,,,,
0.1056,0.0,0.0,12.0,81.8984,0,0.0,0.0,41.1546,0.0,0,-1,0.0,0.0,75.9769,0,0.0,44.3622,0.0,0.0,,,4-Wheel Drive,96,,9,1000,0,Electricity,Electricity,10,-1,69.808,0,0.0,0.0,48.2824,0.0,0,0,49734,0,0,Rivian,R1S All-Terrain Dual Large (20in),N,False,0,0,289,310.0,0.0,264.0,0.0,Automatic (A1),114.0,0.0,97.0,0.0,Standard Sport Utility Vehicle 4WD,2026,7000,R1S,,,,,EV,,,264 kW ACPM,RIV,,0.0,,Thu Sep 25 00:00:00 EDT 2025,Wed Mar 18 00:00:00 EDT 2026,N,0,0,0,,,,,,,,,
0.0936,0.0,0.0,12.0,93.9193,0,0.0,0.0,35.8872,0.0,0,-1,0.0,0.0,85.3883,0,0.0,39.4726,0.0,0.0,,,4-Wheel Drive,98,,9,900,0,Electricity,Electricity,10,-1,76.8559,0,0.0,0.0,43.8548,0.0,0,0,49735,0,0,Rivian,R1S Performance Dual Large (22in),N,False,0,0,329,358.0,0.0,293.0,0.0,Automatic (A1),133.0,0.0,109.0,0.0,Standard Sport Utility Vehicle 4WD,2026,7500,R1S,,,,,EV,,,264 kW ACPM,RIV,,0.0,,Thu Sep 25 00:00:00 EDT 2025,Wed Mar 18 00:00:00 EDT 2026,N,0,0,0,,,,,,,,,
0.1032,0.0,0.0,12.0,84.98,0,0.0,0.0,39.6623,0.0,0,-1,0.0,0.0,78.6194,0,0.0,42.8711,0.0,0.0,,,4-Wheel Drive,100,,9,950,0,Electricity,Electricity,10,-1,72.03,0,0.0,0.0,46.793,0.0,0,0,49736,0,0,Rivian,R1S Performance Dual Large (20in),N,False,0,0,300,322.0,0.0,273.0,0.0,Automatic (A1),121.0,0.0,103.0,0.0,Standard Sport Utility Vehicle 4WD,2026,7250,R1S,,,,,EV,,,264 kW ACPM,RIV,,0.0,,Thu Sep 25 00:00:00 EDT 2025,Wed Mar 18 00:00:00 EDT 2026,N,0,0,0,,,,,,,,,
0.1056,0.0,0.0,12.0,81.8984,0,0.0,0.0,41.1546,0.0,0,-1,0.0,0.0,75.9769,0,0.0,44.3622,0.0,0.0,,,4-Wheel Drive,102,,9,1000,0,Electricity,Electricity,10,-1,69.808,0,0.0,0.0,48.2824,0.0,0,0,49737,0,0,Rivian,R1S All-Terrain Performance Dual Large (20in),N,False,0,0,289,310.0,0.0,264.0,0.0,Automatic (A1),114.0,0.0,97.0,0.0,Standard Sport Utility Vehicle 4WD,2026,7000,R1S,,,,,EV,,,264 kW ACPM,RIV,,0.0,,Thu Sep 25 00:00:00 EDT 2025,Wed Mar 18 00:00:00 EDT 2026,N,0,0,0,,,,,,,,,
0.1128,0.0,0.0,14.0,75.4317,0,0.0,0.0,44.6828,0.0,0,-1,0.0,0.0,71.1878,0,0.0,47.3466,0.0,0.0,,,4-Wheel Drive,103,,9,1050,0,Electricity,Electricity,10,-1,66.6076,0,0.0,0.0,50.6023,0.0,0,0,49738,0,0,Rivian,R1S Quad Max (22in UHP),N,False,0,0,338,357.0,0.0,315.0,0.0,Automatic (A1),106.0,0.0,93.6,0.0,Standard Sport Utility Vehicle 4WD,2026,6750,R1S,,,,,EV,,,201 kW ACPM,RIV,,0.0,,Thu Sep 25 00:00:00 EDT 2025,Wed Mar 18 00:00:00 EDT 2026,N,0,0,0,,,,,,,,,
0.12,0.0,0.0,14.0,70.9644,0,0.0,0.0,47.4956,0.0,0,-1,0.0,0.0,67.2718,0,0.0,50.1027,0.0,0.0,,,4-Wheel Drive,105,,9,1150,0,Electricity,Electricity,10,-1,63.2493,0,0.0,0.0,53.2891,0.0,0,0,49739,0,0,Rivian,R1S Quad Max (20in AT),N,False,0,0,325,342.0,0.0,305.0,0.0,Automatic (A1),97.5,0.0,86.9,0.0,Standard Sport Utility Vehicle 4WD,2026,6250,R1S,,,,,EV,,,201 kW ACPM,RIV,,0.0,,Thu Sep 25 00:00:00 EDT 2025,Wed Mar 18 00:00:00 EDT 2026,N,0,0,0,,,,,,,,,
0.1056,0.0,0.0,14.0,80.3248,0,0.0,0.0,41.9609,0.0,0,-1,0.0,0.0,75.9604,0,0.0,44.3718,0.0,0.0,,,4-Wheel Drive,107,,9,1000,0,Electricity,Electricity,10,-1,71.2301,0,0.0,0.0,47.3185,0.0,0,0,49740,0,0,Rivian,R1S Quad Max (22in),N,False,0,0,374,394.0,0.0,349.0,0.0,Automatic (A1),110.4,0.0,97.9,0.0,Standard Sport Utility Vehicle 4WD,2026,7000,R1S,,,,,EV,,,201 kW ACPM,RIV,,0.0,,Thu Sep 25 00:00:00 EDT 2025,Wed Mar 18 00:00:00 EDT 2026,N,0,0,0,,,,,,,,,
0.0648,0.0,0.0,9.7,131.53,0,0.0,0.0,25.6253,0.0,0,-1,0.0,0.0,124.2309,0,0.0,27.1309,0.0,0.0,,,All-Wheel Drive,58,,10,600,0,Electricity,Electricity,10,-1,116.34,0,0.0,0.0,28.9711,0.0,26,94,49741,0,0,Tesla,Model S,N,False,0,0,410,432.0,0.0,383.0,0.0,Automatic (A1),187.9,0.0,166.2,0.0,Large Cars,2026,9000,Model S,,,,,EV,,,243 and 248 kW ACPM 3-Phase,TSL,,0.0,,Thu Sep 25 00:00:00 EDT 2025,Wed Feb 18 00:00:00 EST 2026,N,0,0,0,95.0,,8.6,,11.0,250.0,NACS,,
0.0744,0.0,0.0,12.0,114.4404,0,0.0,0.0,29.452,0.0,0,-1,0.0,0.0,110.1939,0,0.0,30.587,0.0,0.0,,,All-Wheel Drive,60,,9,700,0,Electricity,Electricity,10,-1,105.4131,0,0.0,0.0,31.9742,0.0,26,94,49742,0,0,Tesla,Model S Plaid,N,False,0,0,368,382.0,0.0,351.0,0.0,Automatic (A1),161.0,0.0,148.3,0.0,Large Cars,2026,8500,Model S,,,,,EV,,,250 kW ACPM 3-Phase,TSL,,0.0,,Thu Sep 25 00:00:00 EDT 2025,Wed Feb 18 00:00:00 EST 2026,N,0,0,0,,,,,,,,,
0.06,0.0,0.0,10.0,143.78,0,0.0,0.0,23.4421,0.0,0,-1,0.0,0.0,133.6162,0,0.0,25.2252,0.0,0.0,,,Rear-Wheel Drive,42,,10,550,0,Electricity,Electricity,10,-1,122.99,0,0.0,0.0,27.4047,0.0,0,0,49743,0,0,Tesla,Model Y Long Range RWD,N,False,0,0,357,382.0,0.0,327.0,0.0,Automatic (A1),205.4,0.0,175.7,0.0,Small Sport Utility Vehicle 2WD,2026,9250,Model Y,,,,,EV,,,228 and 243 kW ACPM,TSL,,0.0,,Thu Sep 25 00:00:00 EDT 2025,Wed Feb 18 00:00:00 EST 2026,N,0,0,0,79.0,,7.2,,11.0,250.0,NACS,,
0.0648,0.0,0.0,8.0,129.78,0,0.0,0.0,25.9709,0.0,0,-1,0.0,0.0,122.582,0,0.0,27.4959,0.0,0.0,,,All-Wheel Drive,45,,10,600,0,Electricity,Electricity,10,-1,114.8,0,0.0,0.0,29.3598,0.0,0,0,49744,0,0,Tesla,Model Y Long Range AWD,N,False,0,0,327,345.0,0.0,305.0,0.0,Automatic (A1),185.4,0.0,164.0,0.0,Small Sport Utility Vehicle 4WD,2026,9000,Model Y,,,,,EV,,,90 and 200 kW ACPM,TSL,,0.0,,Thu Sep 25 00:00:00 EDT 2025,Wed Feb 18 00:00:00 EST 2026,N,0,0,0,79.0,,7.2,,11.0,250.0,NACS,,
0.0768,0.0,0.0,14.0,109.9,0,0.0,0.0,30.6688,0.0,0,-1,0.0,0.0,104.6667,0,0.0,32.2022,0.0,0.0,,,All-Wheel Drive,73,,9,700,0,Electricity,Electricity,10,-1,98.91,0,0.0,0.0,34.0764,0.0,0,0,49745,0,0,Tesla,Model X,N,False,0,0,352,369.0,0.0,332.0,0.0,Automatic (A1),157.0,0.0,141.3,0.0,Standard Sport Utility Vehicle 4WD,2026,8500,Model X,,,,,EV,,,246 and 251 kW ACPM,TSL,,0.0,,Thu Sep 25 00:00:00 EDT 2025,Wed Feb 18 00:00:00 EST 2026,N,0,0,0,95.0,,8.6,,11.0,250.0,NACS,,
0.0815999999999999,0.0,0.0,12.0,105.3257,0,0.0,0.0,32.0007,0.0,0,-1,0.0,0.0,100.03,0,0.0,33.6949,0.0,0.0,,,All-Wheel Drive,76,,9,750,0,Electricity,Electricity,10,-1,94.2388,0,0.0,0.0,35.7655,0.0,0,0,49746,0,0,Tesla,Model X Plaid,N,False,0,0,335,352.0,0.0,315.0,0.0,Automatic (A1),148.0,0.0,132.6,0.0,Standard Sport Utility Vehicle 4WD,2026,8250,Model X,,,,,EV,,,230 kW ACPM 3-Phase,TSL,,0.0,,Thu Sep 25 00:00:00 EDT 2025,Wed Feb 18 00:00:00 EST 2026,N,0,0,0,,,,,,,,,
0.0768,0.0,0.0,8.0,118.44,0,0.0,0.0,28.4574,0.0,0,-1,0.0,0.0,106.3196,0,0.0,31.7016,0.0,0.0,,,Rear-Wheel Drive,265,,9,700,0,Electricity,Electricity,10,-1,94.5,0,0.0,0.0,35.6667,0.0,0,0,49747,0,0,Volvo,EX40,N,False,0,0,296,326.0,0.0,260.0,0.0,Automatic (A1),169.2,0.0,135.0,0.0,Small Sport Utility Vehicle 2WD,2026,8500,EX40,,,,,EV,,,185 kW PMSM,VVX,,0.0,,Thu Sep 25 00:00:00 EDT 2025,Thu Dec 11 00:00:00 EST 2025,N,0,0,0,69.0,,6.3,,11.0,150.0,CCS2,,
0.0768,0.0,0.0,8.0,117.6,0,0.0,0.0,28.6607,0.0,0,-1,0.0,0.0,106.3797,0,0.0,31.6837,0.0,0.0,,,Rear-Wheel Drive,266,,9,700,0,Electricity,Electricity,10,-1,95.3,0,0.0,0.0,35.3784,0.0,0,0,49748,0,0,Volvo,EC40,N,False,0,0,298,326.0,0.0,264.0,0.0,Automatic (A1),168.0,0.0,136.1,0.0,Small Sport Utility Vehicle 2WD,2026,8500,EC40,,,,,EV,,,185 kW PMSM,VVX,,0.0,,Thu Sep 25 00:00:00 EDT 2025,Thu Sep 25 00:00:00 EDT 2025,N,0,0,0,69.0,,6.3,,11.0,150.0,CCS2,,
0.0863999999999999,0.0,0.0,8.0,102.76,0,0.0,0.0,32.7997,0.0,0,-1,0.0,0.0,93.6861,0,0.0,35.9765,0.0,0.0,,,All-Wheel Drive,261,,9,800,0,Electricity,Electricity,10,-1,84.56,0,0.0,0.0,39.8593,0.0,0,0,49749,0,0,Volvo,EX40 Twin,N,False,0,0,260,283.0,0.0,232.0,0.0,Automatic (A1),146.8,0.0,120.8,0.0,Small Sport Utility Vehicle 4WD,2026,8000,EX40,,,,,EV,,,"110, 135 and 190 kW PMSM",VVX,,0.0,,Thu Sep 25 00:00:00 EDT 2025,Thu Dec 11 00:00:00 EST 2025,N,0,0,0,,,,,,,,,
0.0839999999999999,0.0,0.0,8.0,105.07,0,0.0,0.0,32.0786,0.0,0,-1,0.0,0.0,96.7432,0,0.0,34.8397,0.0,0.0,,,All-Wheel Drive,262,,9,800,0,Electricity,Electricity,10,-1,88.2,0,0.0,0.0,38.2143,0.0,0,0,49750,0,0,Volvo,EC40 Twin,N,False,0,0,268,289.0,0.0,242.0,0.0,Automatic (A1),150.1,0.0,126.0,0.0,Small Sport Utility Vehicle 4WD,2026,8000,EC40,,,,,EV,,,"110, 135 and 190 kW PMSM",VVX,,0.0,,Thu Sep 25 00:00:00 EDT 2025,Thu Sep 25 00:00:00 EDT 2025,N,0,0,0,,,,,,,,,
6.778688517940504,7.083571428571429,0.0,3.0,19.0736,41,41.0,0.0,71.0,0.523,206,-1,0.0,206.0,20.7725,42,42.0,67.0,0.0,0.538,6.0,3.0,All-Wheel Drive,600,SIDI; PHEV,6,3900,0,Premium and Electricity,Premium Gasoline,7,-1,23.3102,43,43.0,0.0,62.0,0.556,0,0,49751,0,0,Bentley,Bentayga Hybrid,N,True,0,0,440,0.0,19.99,0.0,22.16,Automatic (S8),24.0,66.7,32.6,75.1,Standard Sport Utility Vehicle 4WD,2026,-1250,Bentayga,,,T,,Plug-in Hybrid,Electricity,20.0,100 kW AC Induction,VGA,,0.0,,Thu Sep 25 00:00:00 EDT 2025,Wed Mar 18 00:00:00 EDT 2026,Y,27,33,29,,,,,,,,,
5.3594227190374335,6.467608695652174,0.0,3.0,17.1523,43,43.0,0.0,68.0,0.651,161,-1,0.0,161.0,19.1452,46,46.0,64.0,0.0,0.668,8.0,4.0,All-Wheel Drive,735,SIDI; PHEV,6,4300,0,Premium and Electricity,Premium Gasoline,8,-1,22.3141,51,51.0,0.0,58.0,0.688,0,0,49752,11,0,Bentley,Continental GT,N,True,87,0,440,0.0,28.3,0.0,31.9,Automatic (AM-S8),21.4,70.0,31.1,81.0,Subcompact Cars,2026,0,Continental,,,T,,Plug-in Hybrid,Electricity,30.0,140 kW DCPM,VGA,,0.0,,Thu Sep 25 00:00:00 EDT 2025,Wed Mar 18 00:00:00 EDT 2026,Y,29,38,32,,,,,,,,,
5.3594227190374335,6.467608695652174,0.0,3.0,17.1523,43,43.0,0.0,68.0,0.651,161,-1,0.0,161.0,19.1452,46,46.0,64.0,0.0,0.668,8.0,4.0,All-Wheel Drive,746,SIDI; PHEV,6,4300,0,Premium and Electricity,Premium Gasoline,8,-1,22.3141,51,51.0,0.0,58.0,0.688,0,0,49753,6,0,Bentley,Continental GTC,N,True,77,0,440,0.0,28.3,0.0,31.9,Automatic (AM-S8),21.4,70.0,31.1,81.0,Minicompact Cars,2026,0,Continental,,,T,,Plug-in Hybrid,Electricity,30.0,140 kW DCPM,VGA,,0.0,,Thu Sep 25 00:00:00 EDT 2025,Wed Mar 18 00:00:00 EDT 2026,Y,29,38,32,,,,,,,,,
5.3594227190374335,6.467608695652174,0.0,3.0,17.1523,43,43.0,0.0,68.0,0.651,161,-1,0.0,161.0,19.1452,46,46.0,64.0,0.0,0.668,8.0,4.0,All-Wheel Drive,748,SIDI; PHEV,6,4300,0,Premium and Electricity,Premium Gasoline,8,10,22.3141,51,51.0,0.0,58.0,0.688,0,0,49754,13,0,Bentley,Flying Spur,N,True,102,0,440,0.0,28.3,0.0,31.9,Automatic (AM-S8),21.4,70.0,31.1,81.0,Midsize Cars,2026,0,Flying Spur,,,T,,Plug-in Hybrid,Electricity,30.0,140 kW DCPM,VGA,,0.0,,Thu Sep 25 00:00:00 EDT 2025,Wed Mar 18 00:00:00 EDT 2026,Y,29,38,32,,,,,,,,,
5.5473802064661655,6.198125,0.0,4.0,18.8536,46,46.3157,0.0,72.0,0.634,251,-1,0.0,251.0,19.7526,48,47.8321,70.0,0.0,0.637,8.0,4.0,4-Wheel Drive,410,SIDI; PHEV,6,4100,0,Premium and Electricity,Premium Gasoline,8,-1,20.9751,50,49.8259,0.0,67.0,0.641,0,0,49755,0,16,Lamborghini,Urus SE,N,True,0,104,450,0.0,34.81,0.0,35.56,Automatic (S8),23.7,65.4,29.1,71.2,Standard Sport Utility Vehicle 4WD,2026,-500,Urus,,,T,,Plug-in Hybrid,Electricity,35.0,141 kW AC 3-Phase,VGA,,0.0,,Thu Sep 25 00:00:00 EDT 2025,Thu Sep 25 00:00:00 EDT 2025,N,24,30,26,,,,,,,,,
4.656213027857143,4.375147058823529,0.0,2.0,22.3446,65,64.8389,0.0,52.0,0.616,133,-1,0.0,133.0,24.744,68,68.2385,49.0,0.0,0.627,6.0,3.0,All-Wheel Drive,550,SIDI & PFI; PHEV,7,3250,0,Premium and Electricity,Premium Gasoline,9,10,28.4821,73,72.9109,0.0,46.0,0.639,0,0,49756,0,14,BMW,550e xDrive Sedan,N,True,0,98,430,0.0,32.91,0.0,35.41,Automatic (S8),31.8,92.2,39.9,104.2,Midsize Cars,2026,2250,5 Series,,,T,,Plug-in Hybrid,Electricity,34.0,145 kW PMSM,BMX,,0.0,,Thu Sep 25 00:00:00 EDT 2025,Thu Sep 25 00:00:00 EDT 2025,Y,37,46,41,,,,,,,,,
8.711000424210527,6.330000000000001,0.0,2.0,11.9243,41,40.5542,0.9,52.0,0.608,264,-1,0.0,264.0,14.3508,47,46.6878,55.0,0.5,0.576,8.0,4.4,All-Wheel Drive,560,SIDI; PHEV,5,5850,0,Premium and Electricity,Premium Gasoline,6,-1,19.1018,57,57.2754,0.0,58.0,0.533,0,0,49757,0,13,BMW,M5 Sedan,N,True,0,98,280,0.0,32.09,0.0,25.5,Automatic (S8),15.6,56.3,24.9,81.8,Midsize Cars,2026,-4500,M,G,,T,,Plug-in Hybrid,Electricity,29.0,145 kW PMSM,BMX,,0.0,,Thu Sep 25 00:00:00 EDT 2025,Thu Sep 25 00:00:00 EDT 2025,Y,22,29,25,,,,,,,,,
10.67638865647059,5.509444444444444,0.0,2.0,11.4455,52,51.8788,0.0,65.0,0.537,304,-1,0.0,304.0,13.4632,54,53.915,62.0,0.0,0.533,8.0,4.4,All-Wheel Drive,565,SIDI; PHEV,4,6300,0,Premium and Electricity,Premium Gasoline,6,10,17.1607,57,56.6318,0.0,59.0,0.529,0,0,49758,0,27,BMW,M5 Touring,N,True,0,104,270,0.0,25.8,0.0,25.12,Automatic (S8),15.0,73.3,23.6,80.8,Midsize Station Wagons,2026,-6250,M,G,,T,,Plug-in Hybrid,Electricity,25.0,145 kW PMSM,BMX,,0.0,,Thu Sep 25 00:00:00 EDT 2025,Wed Mar 18 00:00:00 EDT 2026,Y,20,27,22,,,,,,,,,
4.503313246053511,4.2501428571428574,0.0,2.0,22.834,68,67.5904,0.0,50.0,0.63,130,-1,0.0,130.0,24.3055,70,70.21,48.0,0.0,0.64,6.0,3.0,All-Wheel Drive,750,SIDI; PHEV,7,3400,0,Premium and Electricity,Premium Gasoline,9,10,26.3835,74,73.7013,0.0,46.0,0.651,0,0,49759,0,14,BMW,750e xDrive Sedan,N,True,0,109,460,0.0,34.4,0.0,36.78,Automatic (S8),34.2,96.1,40.7,105.3,Large Cars,2026,2500,7 Series,,,T,,Plug-in Hybrid,Electricity,35.0,145 kW PMSM,BMX,,0.0,,Thu Sep 25 00:00:00 EDT 2025,Tue Oct 28 00:00:00 EDT 2025,Y,39,45,41,,,,,,,,,
4.474858634409938,4.9585,0.0,2.0,21.395,58,58.179,0.0,58.0,0.675,130,-1,0.0,130.0,22.0147,60,59.9165,56.0,0.0,0.678,6.0,3.0,All-Wheel Drive,576,SIDI; PHEV,7,3700,0,Premium and Electricity,Premium Gasoline,9,10,22.8227,62,62.1864,0.0,54.0,0.682,0,0,49760,0,0,BMW,X5 xDrive50e,N,True,0,0,440,0.0,39.69,0.0,40.58,Automatic (S8),29.5,82.6,35.9,88.8,Standard Sport Utility Vehicle 4WD,2026,1750,X5,,,T,,Plug-in Hybrid,Electricity,40.0,145 kW PMSM,BMX,,0.0,,Thu Sep 25 00:00:00 EDT 2025,Thu Sep 25 00:00:00 EDT 2025,Y,37,40,38,,,,,,,,,
8.972257616470587,6.330000000000001,0.0,2.0,11.8956,47,46.968,0.0,71.0,0.592,263,-1,0.0,263.0,13.8363,47,46.727,72.0,0.0,0.587,8.0,4.4,All-Wheel Drive,905,SIDI; PHEV,5,5850,0,Premium and Electricity,Premium Gasoline,6,10,17.2824,46,46.4358,0.0,73.0,0.58,0,0,49761,0,0,BMW,XM Label,N,True,0,0,300,0.0,30.55,0.0,29.44,Automatic (S8),15.3,66.2,22.8,66.3,Standard Sport Utility Vehicle 4WD,2026,-5000,XM,,,T,,Plug-in Hybrid,Electricity,30.0,145 kW PMSM,BMX,,0.0,,Thu Sep 25 00:00:00 EDT 2025,Tue Oct 28 00:00:00 EDT 2025,Y,21,27,23,,,,,,,,,
4.022632882758621,3.6281707317073177,0.0,2.0,29.417,87,86.6743,0.0,39.0,0.63,119,-1,0.0,119.0,29.5205,82,81.9715,41.0,0.0,0.609,6.0,3.6,Front-Wheel Drive,532,PHEV,8,2250,0,Regular Gas and Electricity,Regular Gasoline,9,10,29.648,77,76.8735,0.0,45.0,0.58,0,0,49762,0,0,Chrysler,Pacifica Hybrid,N,True,0,0,520,0.0,34.41,0.0,29.49,Automatic (variable gear ratios),42.7429,123.6,42.7998,109.8,Minivan - 2WD,2026,4750,Pacifica,,,,,Plug-in Hybrid,Electricity,32.0,89 kW AC Induction,CRX,,0.0,,Thu Sep 25 00:00:00 EDT 2025,Thu Dec 11 00:00:00 EST 2025,N,50,46,48,,,,,,,,,
2.676412906100386,2.945643564356436,0.0,3.2,41.9805,111,111.2426,0.0,30.0,0.682,222,-1,0.0,222.0,39.7405,101,101.1863,33.0,0.0,0.655,4.0,2.5,Front-Wheel Drive,53,PHEV,8,1700,0,Regular Gas and Electricity,Regular Gasoline,9,10,37.3074,91,91.1188,0.0,37.0,0.617,0,0,49763,0,0,Ford,Escape FWD PHEV,N,True,0,0,520,0.0,40.6,0.0,33.08,Automatic (variable gear ratios),58.8,158.9,55.9,130.2,Small Sport Utility Vehicle 2WD,2026,6500,Escape,,,,,Plug-in Hybrid,Electricity,37.0,78 kW DCPM,FMX,,0.0,,Thu Sep 25 00:00:00 EDT 2025,Wed May 13 00:00:00 EDT 2026,Y,111,91,101,,,,,,,,,
3.449677988571429,3.863766233766234,0.0,2.0,34.9642,80,80.1303,0.0,42.0,0.616,103,-1,0.0,103.0,34.9037,77,76.8976,44.0,0.0,0.602,4.0,1.6,All-Wheel Drive,64,SIDI; PHEV,8,1950,0,Regular Gas and Electricity,Regular Gasoline,9,10,34.8301,73,73.2841,0.0,46.0,0.584,0,0,49764,0,0,Hyundai,Tucson Plug-in Hybrid,N,True,0,0,420,0.0,32.97,0.0,29.8,Automatic (AM-S6),44.5,114.3,46.2,104.7,Small Sport Utility Vehicle 4WD,2026,5250,Tucson,,,T,,Plug-in Hybrid,Electricity,32.0,72  kW AC PMSM,HYX,,0.0,,Thu Sep 25 00:00:00 EDT 2025,Thu Dec 11 00:00:00 EST 2025,Y,53,49,51,,,,,,,,,
2.39209800122449,2.754722222222222,0.0,2.8,49.2453,113,112.8985,0.0,30.0,0.638,71,-1,0.0,71.0,48.2483,108,107.5179,31.0,0.0,0.622,4.0,1.6,Front-Wheel Drive,32,SIDI; PHEV,9,1400,0,Regular Gas and Electricity,Regular Gasoline,10,10,47.0833,102,101.5997,0.0,33.0,0.601,0,0,49765,0,19,Kia,Niro Plug-in Hybrid,N,True,0,105,510,0.0,35.27,0.0,31.44,Automatic (AM-S6),67.9,161.3,65.3,145.1,Small Sport Utility Vehicle 2WD,2026,7250,Niro,,,,,Plug-in Hybrid,Electricity,33.0,67  kW AC PMSM,KMX,,0.0,,Thu Sep 25 00:00:00 EDT 2025,Wed Feb 18 00:00:00 EST 2026,Y,76,69,73,,,,,,,,,
3.703186847058824,4.0204054054054055,0.0,3.4,32.7466,77,76.9578,0.0,44.0,0.606,110,-1,0.0,110.0,33.3811,74,73.9844,45.0,0.0,0.591,4.0,1.6,All-Wheel Drive,25,SIDI; PHEV,8,2050,0,Regular Gas and Electricity,Regular Gasoline,9,10,34.1908,71,70.6482,0.0,47.0,0.572,0,0,49766,0,0,Kia,Sorento Plug-in Hybrid,N,True,0,0,440,0.0,31.9,0.0,28.69,Automatic (AM-S6),45.9,109.9,43.7,100.9,Small Sport Utility Vehicle 4WD,2026,4750,Sorento,,,T,,Plug-in Hybrid,Electricity,30.0,72  kW AC PMSM,KMX,,0.0,,Thu Sep 25 00:00:00 EDT 2025,Thu Sep 25 00:00:00 EDT 2025,Y,50,48,49,,,,,,,,,
3.326514075000001,3.584457831325301,0.0,2.0,34.8739,87,86.9496,0.0,39.0,0.643,97,-1,0.0,97.0,35.5734,83,82.7729,43.0,0.0,0.613,4.0,1.6,All-Wheel Drive,22,SIDI; PHEV,8,1900,0,Regular Gas and Electricity,Regular Gasoline,9,10,36.4675,78,78.1827,0.0,47.0,0.571,0,0,49767,0,0,Kia,Sportage Plug-in Hybrid,N,True,0,0,470,0.0,35.85,0.0,28.69,Automatic (AM-S6),47.5,124.2,48.5,111.7,Small Sport Utility Vehicle 4WD,2026,5500,Sportage,,,T,,Plug-in Hybrid,Electricity,33.0,72  kW AC PMSM,KMX,,0.0,,Thu Sep 25 00:00:00 EDT 2025,Tue Oct 28 00:00:00 EDT 2025,Y,56,52,54,,,,,,,,,
4.095557939889706,3.914605263157895,0.0,3.2,33.9596,83,83.4382,0.0,40.0,0.574,122,-1,0.0,122.0,33.0093,76,76.2862,44.0,0.0,0.553,4.0,2.5,Part-time 4-Wheel Drive,55,PHEV,6,2050,0,Regular Gas and Electricity,Regular Gasoline,6,10,31.9178,69,69.0521,0.0,49.0,0.525,0,0,49768,0,0,Lincoln,Corsair AWD PHEV,N,True,0,0,420,0.0,28.92,0.0,24.83,Automatic (variable gear ratios),45.8,119.0,46.0,98.6,Small Sport Utility Vehicle 4WD,2026,4750,Corsair,,,,,Plug-in Hybrid,Electricity,27.0,50 and 96 kW DCPM,FMX,,0.0,,Thu Sep 25 00:00:00 EDT 2025,Wed May 13 00:00:00 EDT 2026,Y,51,44,48,,,,,,,,,
3.79588237,4.9585,0.0,2.75,21.5376,55,54.794,0.0,61.0,0.681,115,-1,0.0,115.0,23.5714,60,59.885,56.0,0.0,0.706,6.0,3.0,All-Wheel Drive,304,SIDI; PHEV,7,3400,0,Premium and Electricity,Premium Gasoline,9,-1,26.6469,68,67.5566,0.0,50.0,0.732,0,0,49769,0,13,Mercedes-Benz,AMG E53 Hybrid 4matic Plus,N,True,0,100,420,0.0,40.49,0.0,48.1,Automatic 9-spd,27.4,77.7,37.7,96.5,Midsize Cars,2026,2500,E-Class,,,T,,Plug-in Hybrid,Electricity,44.0,120 kW AC PMSM,MBX,,0.0,,Thu Sep 25 00:00:00 EDT 2025,Tue Oct 28 00:00:00 EDT 2025,N,36,47,40,,,,,,,,,
4.249918228571429,5.312678571428571,0.0,2.75,20.6741,52,51.6754,0.0,65.0,0.663,127,-1,0.0,127.0,22.451,56,56.4235,59.0,0.0,0.688,6.0,3.0,All-Wheel Drive,305,SIDI; PHEV,7,3700,0,Premium and Electricity,Premium Gasoline,9,-1,25.0863,64,63.5615,0.0,53.0,0.715,0,0,49770,0,33,Mercedes-Benz,AMG E53 Hybrid 4matic Plus (station wagon),N,True,0,102,400,0.0,38.22,0.0,45.34,Automatic 9-spd,26.2,73.5,35.3,90.8,Midsize Station Wagons,2026,1750,E-Class,,,T,,Plug-in Hybrid,Electricity,41.0,120 kW AC PMSM,MBX,,0.0,,Thu Sep 25 00:00:00 EDT 2025,Tue Oct 28 00:00:00 EDT 2025,N,34,44,38,,,,,,,,,
3.9003225,4.722380952380953,0.0,5.0,27.6039,66,66.0,0.0,49.0,0.651,122,-1,0.0,122.0,27.6946,63,63.0,50.0,0.0,0.64,4.0,2.0,All-Wheel Drive,226,SIDI; PHEV,7,2900,0,Premium and Electricity,Premium Gasoline,9,10,27.8062,60,60.0,0.0,52.0,0.627,0,0,49771,0,0,Volvo,XC60 T8 AWD,N,True,0,0,560,0.0,36.72,0.0,34.03,Automatic (S8),36.1,99.1,39.5,90.4,Small Sport Utility Vehicle 4WD,2026,3000,XC60,,,T,,Plug-in Hybrid,Electricity,36.0,34 and 107 kW 3-phase Sync.,VVX,,0.0,,Thu Sep 25 00:00:00 EDT 2025,Thu Dec 11 00:00:00 EST 2025,Y,45,42,44,,,,,,,,,
4.442686733076924,5.12948275862069,0.0,5.0,25.9637,59,59.0,0.0,54.0,0.619,137,-1,0.0,137.0,26.5451,58,58.0,55.0,0.0,0.613,4.0,2.0,All-Wheel Drive,232,SIDI; PHEV,7,3050,0,Premium and Electricity,Premium Gasoline,9,10,27.2921,57,57.0,0.0,57.0,0.604,0,0,49772,0,0,Volvo,XC90 T8 AWD,N,True,0,0,530,0.0,33.27,0.0,31.77,Automatic (S8),33.7,88.7,38.7,85.4,Standard Sport Utility Vehicle 4WD,2026,2250,XC90,,,T,,Plug-in Hybrid,Electricity,33.0,34 and 107 kW 3-phase Sync.,VVX,,0.0,,Thu Sep 25 00:00:00 EDT 2025,Thu Dec 11 00:00:00 EST 2025,Y,40,40,40,,,,,,,,,
0.0911999999999999,0.0,0.0,10.0,84.63,0,0.0,0.0,39.8263,0.0,0,-1,0.0,0.0,88.2426,0,0.0,38.1958,0.0,0.0,,,Rear-Wheel Drive,709,,9,850,0,Electricity,Electricity,10,-1,93.1,0,0.0,0.0,36.203,0.0,0,0,49940,0,14,BMW,i7 eDrive50 Sedan (19 inch Wheels),N,False,0,109,314,300.0,0.0,331.0,0.0,Automatic (A1),120.9,0.0,133.0,0.0,Large Cars,2026,7750,i7,,,,,EV,,,335 kW EESM,BMX,,0.0,,Fri Oct 03 00:00:00 EDT 2025,Thu Dec 11 00:00:00 EST 2025,N,0,0,0,,,,,,,,,
0.096,0.0,0.0,10.0,81.55,0,0.0,0.0,41.3305,0.0,0,-1,0.0,0.0,84.5293,0,0.0,39.8738,0.0,0.0,,,Rear-Wheel Drive,710,,9,900,0,Electricity,Electricity,10,-1,88.48,0,0.0,0.0,38.0934,0.0,0,0,49941,0,14,BMW,i7 eDrive50 Sedan (20 inch Wheels),N,False,0,109,301,290.0,0.0,315.0,0.0,Automatic (A1),116.5,0.0,126.4,0.0,Large Cars,2026,7500,i7,,,,,EV,,,335 kW EESM,BMX,,0.0,,Fri Oct 03 00:00:00 EDT 2025,Thu Dec 11 00:00:00 EST 2025,N,0,0,0,,,,,,,,,
0.0936,0.0,0.0,10.0,83.93,0,0.0,0.0,40.1585,0.0,0,-1,0.0,0.0,86.5362,0,0.0,38.949,0.0,0.0,,,Rear-Wheel Drive,711,,9,900,0,Electricity,Electricity,10,-1,89.95,0,0.0,0.0,37.4708,0.0,0,0,49942,0,14,BMW,i7 eDrive50 Sedan (21 inch Wheels),N,False,0,109,307,297.0,0.0,319.0,0.0,Automatic (A1),119.9,0.0,128.5,0.0,Large Cars,2026,7500,i7,,,,,EV,,,335 kW EESM,BMX,,0.0,,Fri Oct 03 00:00:00 EDT 2025,Thu Dec 11 00:00:00 EST 2025,N,0,0,0,,,,,,,,,
0.108,0.0,0.0,10.0,72.1,0,0.0,0.0,46.7476,0.0,0,-1,0.0,0.0,74.805,0,0.0,45.0571,0.0,0.0,,,All-Wheel Drive,730,,9,1000,0,Electricity,Electricity,10,-1,78.4,0,0.0,0.0,42.9911,0.0,0,0,49943,0,14,BMW,i7 M70 xDrive Sedan (20 inch Wheels),N,False,0,109,267,257.0,0.0,279.0,0.0,Automatic (A1),103.0,0.0,112.0,0.0,Large Cars,2026,7000,i7,,,,,EV,,,190 and 360 kW EESM,BMX,,0.0,,Fri Oct 03 00:00:00 EDT 2025,Thu Dec 11 00:00:00 EST 2025,N,0,0,0,,,,,,,,,
0.1008,0.0,0.0,10.0,76.86,0,0.0,0.0,43.8525,0.0,0,-1,0.0,0.0,79.3992,0,0.0,42.4501,0.0,0.0,,,All-Wheel Drive,731,,9,950,0,Electricity,Electricity,10,-1,82.74,0,0.0,0.0,40.736,0.0,0,0,49944,0,14,BMW,i7 M70 xDrive Sedan (21 inch Wheels),N,False,0,109,285,276.0,0.0,297.0,0.0,Automatic (A1),109.8,0.0,118.2,0.0,Large Cars,2026,7250,i7,,,,,EV,,,190 and 360 kW EESM,BMX,,0.0,,Fri Oct 03 00:00:00 EDT 2025,Thu Dec 11 00:00:00 EST 2025,N,0,0,0,,,,,,,,,
0.0911999999999999,0.0,0.0,10.0,85.4,0,0.0,0.0,39.4672,0.0,0,-1,0.0,0.0,87.7442,0,0.0,38.4128,0.0,0.0,,,All-Wheel Drive,719,,9,850,0,Electricity,Electricity,10,-1,90.79,0,0.0,0.0,37.1241,0.0,0,0,49945,0,14,BMW,i7 xDrive60 Sedan (19 inch Wheels),N,False,0,109,311,302.0,0.0,321.0,0.0,Automatic (A1),122.0,0.0,129.7,0.0,Large Cars,2026,7750,i7,,,,,EV,,,190 and 230 kW EESM,BMX,,0.0,,Fri Oct 03 00:00:00 EDT 2025,Thu Dec 11 00:00:00 EST 2025,N,0,0,0,,,,,,,,,
0.0984,0.0,0.0,10.0,80.57,0,0.0,0.0,41.8332,0.0,0,-1,0.0,0.0,82.7036,0,0.0,40.754,0.0,0.0,,,All-Wheel Drive,720,,9,900,0,Electricity,Electricity,10,-1,85.47,0,0.0,0.0,39.4349,0.0,0,0,49946,0,14,BMW,i7 xDrive60 Sedan (20 inch Wheels),N,False,0,109,296,288.0,0.0,306.0,0.0,Automatic (A1),115.1,0.0,122.1,0.0,Large Cars,2026,7500,i7,,,,,EV,,,190 and 230 kW EESM,BMX,,0.0,,Fri Oct 03 00:00:00 EDT 2025,Thu Dec 11 00:00:00 EST 2025,N,0,0,0,,,,,,,,,
0.0936,0.0,0.0,10.0,84.98,0,0.0,0.0,39.6623,0.0,0,-1,0.0,0.0,86.9392,0,0.0,38.7685,0.0,0.0,,,All-Wheel Drive,721,,9,850,0,Electricity,Electricity,10,-1,89.46,0,0.0,0.0,37.6761,0.0,0,0,49947,0,14,BMW,i7 xDrive60 Sedan (21 inch Wheels),N,False,0,109,308,301.0,0.0,317.0,0.0,Automatic (A1),121.4,0.0,127.8,0.0,Large Cars,2026,7750,i7,,,,,EV,,,190 and 230 kW EESM,BMX,,0.0,,Fri Oct 03 00:00:00 EDT 2025,Thu Dec 11 00:00:00 EST 2025,N,0,0,0,,,,,,,,,
0.096,0.0,0.0,7.0,92.61,0,0.0,0.0,36.3946,0.0,0,-1,0.0,0.0,84.8677,0,0.0,39.7147,0.0,0.0,,,All-Wheel Drive,415,,9,900,0,Electricity,Electricity,10,-1,77.0,0,0.0,0.0,43.7727,0.0,0,0,49948,0,24,Cadillac,LYRIQ AWD,N,False,0,105,303,328.0,0.0,273.0,0.0,Automatic (A1),132.3,0.0,110.0,0.0,Small Sport Utility Vehicle 4WD,2026,7500,LYRIQ,,,,,EV,,,"140, 155, 205 and 220 kW ACPM",GMX,,0.0,,Fri Oct 03 00:00:00 EDT 2025,Fri Oct 03 00:00:00 EDT 2025,N,0,0,0,95.0,,8.3,,11.5,190.0,CCS,,
0.0768,0.0,0.0,9.5,117.39,0,0.0,0.0,28.712,0.0,0,-1,0.0,0.0,105.0554,0,0.0,32.0831,0.0,0.0,,,Rear-Wheel Drive,442,,9,700,0,Electricity,Electricity,10,-1,93.0992,0,0.0,0.0,36.2034,0.0,0,0,49949,0,26,Cadillac,OPTIQ RWD (11 kW Charger),N,False,0,102,317,350.0,0.0,277.0,0.0,Automatic (A1),167.6999,0.0,132.9988,0.0,Standard Sport Utility Vehicle 2WD,2026,8500,OPTIQ,,,,,EV,,,210 and 255 kW ACPM,GMX,,0.0,,Fri Oct 03 00:00:00 EDT 2025,Fri Oct 03 00:00:00 EDT 2025,N,0,0,0,,,,,,,,,
0.0768,0.0,0.0,5.9,117.39,0,0.0,0.0,28.712,0.0,0,-1,0.0,0.0,105.0554,0,0.0,32.0831,0.0,0.0,,,Rear-Wheel Drive,443,,9,700,0,Electricity,Electricity,10,-1,93.0992,0,0.0,0.0,36.2034,0.0,0,0,49950,0,26,Cadillac,OPTIQ RWD (19 kW Charger),N,False,0,102,317,350.0,0.0,277.0,0.0,Automatic (A1),167.6999,0.0,132.9988,0.0,Standard Sport Utility Vehicle 2WD,2026,8500,OPTIQ,,,,,EV,,,210 and 255 kW ACPM,GMX,,0.0,,Fri Oct 03 00:00:00 EDT 2025,Fri Oct 03 00:00:00 EDT 2025,N,0,0,0,,,,,,,,,
0.0815999999999999,0.0,0.0,9.5,110.2125,0,0.0,0.0,30.5818,0.0,0,-1,0.0,0.0,99.0633,0,0.0,34.0237,0.0,0.0,,,All-Wheel Drive,439,,9,750,0,Electricity,Electricity,10,-1,88.1627,0,0.0,0.0,38.2305,0.0,0,0,49951,0,26,Cadillac,OPTIQ AWD (11 kW Charger),N,False,0,102,303,333.0,0.0,266.0,0.0,Automatic (A1),157.4464,0.0,125.9466,0.0,Standard Sport Utility Vehicle 4WD,2026,8250,OPTIQ,,,,,EV,,,"140, 155, 205 and 220 kW ACPM",GMX,,0.0,,Fri Oct 03 00:00:00 EDT 2025,Fri Oct 03 00:00:00 EDT 2025,N,0,0,0,,,,,,,,,
0.0815999999999999,0.0,0.0,5.9,110.2125,0,0.0,0.0,30.5818,0.0,0,-1,0.0,0.0,99.0633,0,0.0,34.0237,0.0,0.0,,,All-Wheel Drive,440,,9,750,0,Electricity,Electricity,10,-1,88.1627,0,0.0,0.0,38.2305,0.0,0,0,49952,0,26,Cadillac,OPTIQ AWD (19 kW Charger),N,False,0,102,303,333.0,0.0,266.0,0.0,Automatic (A1),157.4464,0.0,125.9466,0.0,Standard Sport Utility Vehicle 4WD,2026,8250,OPTIQ,,,,,EV,,,"140, 155, 205 and 220 kW ACPM",GMX,,0.0,,Fri Oct 03 00:00:00 EDT 2025,Fri Oct 03 00:00:00 EDT 2025,N,0,0,0,,,,,,,,,
0.0744,0.0,0.0,9.5,117.04,0,0.0,0.0,28.7978,0.0,0,-1,0.0,0.0,108.4594,0,0.0,31.0762,0.0,0.0,,,Front-Wheel Drive,422,,9,700,0,Electricity,Electricity,10,-1,99.54,0,0.0,0.0,33.8608,0.0,0,0,49953,0,0,Chevrolet,Equinox EV FWD,N,False,0,0,319,342.0,0.0,291.0,0.0,Automatic (A1),167.2,0.0,142.2,0.0,Small Sport Utility Vehicle 2WD,2026,8500,Equinox,,,,,EV,,,180 kW AC Induction,GMX,,0.0,,Fri Oct 03 00:00:00 EDT 2025,Fri Oct 03 00:00:00 EDT 2025,N,0,0,0,80.0,,7.0,,11.5,150.0,CCS,,
0.096,0.0,0.0,11.2,92.4,0,0.0,0.0,36.4773,0.0,0,-1,0.0,0.0,84.9611,0,0.0,39.6711,0.0,0.0,,,All-Wheel Drive,419,,9,900,0,Electricity,Electricity,10,-1,77.35,0,0.0,0.0,43.5747,0.0,0,0,49954,0,26,Chevrolet,Blazer EV AWD SS,N,False,0,104,302,326.0,0.0,273.0,0.0,Automatic (A1),132.0,0.0,110.5,0.0,Small Sport Utility Vehicle 4WD,2026,7500,Blazer,,,,,EV,,,67 and 180 kW AC Induction,GMX,,0.0,,Fri Oct 03 00:00:00 EDT 2025,Tue Oct 28 00:00:00 EDT 2025,N,0,0,0,,,,,,,,,
0.0791999999999999,0.0,0.0,9.5,111.65,0,0.0,0.0,30.1881,0.0,0,-1,0.0,0.0,103.333,0,0.0,32.6179,0.0,0.0,,,All-Wheel Drive,426,,9,750,0,Electricity,Electricity,10,-1,94.71,0,0.0,0.0,35.5876,0.0,0,0,49955,0,0,Chevrolet,Equinox EV AWD (11 kW Charger),N,False,0,0,307,329.0,0.0,280.0,0.0,Automatic (A1),159.5,0.0,135.3,0.0,Small Sport Utility Vehicle 4WD,2026,8250,Equinox,,,,,EV,,,67 and 180 kW AC Induction,GMX,,0.0,,Fri Oct 03 00:00:00 EDT 2025,Fri Oct 03 00:00:00 EDT 2025,N,0,0,0,,,,,,,,,
0.0839999999999999,0.0,0.0,5.9,103.39,0,0.0,0.0,32.5999,0.0,0,-1,0.0,0.0,95.9909,0,0.0,35.1127,0.0,0.0,,,All-Wheel Drive,428,,9,800,0,Electricity,Electricity,10,-1,88.27,0,0.0,0.0,38.184,0.0,0,0,49956,0,0,Chevrolet,Equinox EV AWD (19 kW Charger),N,False,0,0,288,308.0,0.0,263.0,0.0,Automatic (A1),147.7,0.0,126.1,0.0,Small Sport Utility Vehicle 4WD,2026,8000,Equinox,,,,,EV,,,67 and 180 kW AC Induction,GMX,,0.0,,Fri Oct 03 00:00:00 EDT 2025,Fri Oct 03 00:00:00 EDT 2025,N,0,0,0,,,,,,,,,
0.096,0.0,0.0,10.0,91.0,0,0.0,0.0,37.0,0.0,0,-1,0.0,0.0,85.0,0,0.0,40.0,0.0,0.0,,,All-Wheel Drive,2,,9,900,0,Electricity,Electricity,10,-1,78.0,0,0.0,0.0,42.5353,0.0,0,0,49957,0,25,Dodge,Charger Daytona R/T AWD 245/55ZR18,N,False,0,105,263,279.0,0.0,243.0,0.0,Automatic (A1),132.4,0.0,113.2,0.0,Large Cars,2026,7500,Charger,,,,,EV,,,250 and 250 kW DCPM,CRX,,0.0,,Fri Oct 03 00:00:00 EDT 2025,Thu Dec 11 00:00:00 EST 2025,N,0,0,0,,,,,,,,,
0.0863999999999999,0.0,0.0,10.0,99.61,0,0.0,0.0,33.837,0.0,0,-1,0.0,0.0,94.736,0,0.0,35.5778,0.0,0.0,,,All-Wheel Drive,3,,9,800,0,Electricity,Electricity,10,-1,89.39,0,0.0,0.0,37.7056,0.0,0,0,49958,0,25,Dodge,Charger Daytona R/T AWD 255/45R20,N,False,0,105,295,309.0,0.0,278.0,0.0,Automatic (A1),142.3,0.0,127.7,0.0,Large Cars,2026,8000,Charger,,,,,EV,,,250 and 250 kW DCPM,CRX,,0.0,,Fri Oct 03 00:00:00 EDT 2025,Thu Dec 11 00:00:00 EST 2025,N,0,0,0,,,,,,,,,
0.0984,0.0,0.0,10.0,89.0,0,0.0,0.0,38.0,0.0,0,-1,0.0,0.0,83.0,0,0.0,41.0,0.0,0.0,,,All-Wheel Drive,4,,9,900,0,Electricity,Electricity,10,-1,76.0,0,0.0,0.0,44.0,0.0,0,0,49959,0,25,Dodge,Charger Daytona R/T AWD 275/40R20,N,False,0,105,258,275.0,0.0,237.0,0.0,Automatic (A1),132.4,0.0,113.2,0.0,Large Cars,2026,7500,Charger,,,,,EV,,,250 and 250 kW DCPM,CRX,,0.0,,Fri Oct 03 00:00:00 EDT 2025,Thu Dec 11 00:00:00 EST 2025,N,0,0,0,,,,,,,,,
0.072,0.0,0.0,9.1,129.0,0,0.0,0.0,26.0,0.0,0,-1,0.0,0.0,114.0,0,0.0,30.0,0.0,0.0,,,Rear-Wheel Drive,34,,9,700,0,Electricity,Electricity,10,-1,100.0,0,0.0,0.0,34.0,0.0,0,0,49960,0,0,Hyundai,Ioniq 5 RWD,N,False,0,0,318,356.0,0.0,272.0,0.0,Automatic (A1),189.0,0.0,145.7,0.0,Small Sport Utility Vehicle 2WD,2026,8500,Ioniq 5,,,,,EV,,,168 kW PMSM,HYX,,0.0,,Fri Oct 03 00:00:00 EDT 2025,Thu Dec 11 00:00:00 EST 2025,N,0,0,0,72.6,,6.6,,11.0,220.0,CCS2,,
0.0696,0.0,0.0,6.3,131.0,0,0.0,0.0,26.0,0.0,0,-1,0.0,0.0,115.0,0,0.0,29.0,0.0,0.0,,,Rear-Wheel Drive,35,,9,650,0,Electricity,Electricity,10,-1,100.0,0,0.0,0.0,34.0,0.0,0,0,49961,0,0,Hyundai,Ioniq 5 Standard range,N,False,0,0,245,274.0,0.0,210.0,0.0,Automatic (A1),193.2,0.0,146.9,0.0,Small Sport Utility Vehicle 2WD,2026,8750,Ioniq 5,,,,,EV,,,125 kW PMSM,HYX,,0.0,,Fri Oct 03 00:00:00 EDT 2025,Thu Dec 11 00:00:00 EST 2025,N,0,0,0,,,,,,,,,
0.0768,0.0,0.0,8.2,116.27,0,0.0,0.0,28.9886,0.0,0,-1,0.0,0.0,106.4337,0,0.0,31.6676,0.0,0.0,,,All-Wheel Drive,33,,9,700,0,Electricity,Electricity,10,-1,96.46,0,0.0,0.0,34.9419,0.0,0,0,49962,0,0,Hyundai,Ioniq 5 AWD (19inch Wheels),N,False,0,0,290,314.0,0.0,261.0,0.0,Automatic (A1),166.1,0.0,137.8,0.0,Small Sport Utility Vehicle 4WD,2026,8500,Ioniq 5,,,,,EV,,,74 and 165 kW PMSM,HYX,,0.0,,Fri Oct 03 00:00:00 EDT 2025,Thu Dec 11 00:00:00 EST 2025,N,0,0,0,,,,,,,,,
0.0815999999999999,0.0,0.0,8.2,108.01,0,0.0,0.0,31.2054,0.0,0,-1,0.0,0.0,97.7042,0,0.0,34.497,0.0,0.0,,,All-Wheel Drive,78,,9,800,0,Electricity,Electricity,10,-1,87.5,0,0.0,0.0,38.52,0.0,0,0,49963,0,0,Hyundai,Ioniq 5 AWD (20inch Wheels),N,False,0,0,269,294.0,0.0,238.0,0.0,Automatic (A1),154.3,0.0,125.0,0.0,Small Sport Utility Vehicle 4WD,2026,8000,Ioniq 5,,,,,EV,,,74 and 165 kW PMSM,HYX,,0.0,,Fri Oct 03 00:00:00 EDT 2025,Thu Dec 11 00:00:00 EST 2025,N,0,0,0,,,,,,,,,
0.0863999999999999,0.0,0.0,8.2,103.39,0,0.0,0.0,32.5999,0.0,0,-1,0.0,0.0,94.2448,0,0.0,35.7633,0.0,0.0,,,All-Wheel Drive,77,,9,800,0,Electricity,Electricity,10,-1,85.05,0,0.0,0.0,39.6296,0.0,0,0,49964,0,0,Hyundai,Ioniq 5 AWD XRT,N,False,0,0,259,281.0,0.0,232.0,0.0,Automatic (A1),147.7,0.0,121.5,0.0,Small Sport Utility Vehicle 4WD,2026,8000,Ioniq 5,,,,,EV,,,74 and 165 kW PMSM,HYX,,0.0,,Fri Oct 03 00:00:00 EDT 2025,Thu Dec 11 00:00:00 EST 2025,N,0,0,0,,,,,,,,,
0.1032,0.0,0.0,8.7,84.0,0,0.0,0.0,40.0,0.0,0,-1,0.0,0.0,78.0,0,0.0,43.0,0.0,0.0,,,All-Wheel Drive,73,,9,950,0,Electricity,Electricity,10,-1,72.0,0,0.0,0.0,47.0,0.0,0,0,49965,0,0,Hyundai,Ioniq 5 N,N,False,0,0,221,237.0,0.0,202.0,0.0,Automatic (A1),125.8,0.0,108.3,0.0,Small Sport Utility Vehicle 4WD,2026,7250,Ioniq 5,,,,,EV,,,166 and 282 kW PMSM,HYX,,0.0,,Fri Oct 03 00:00:00 EDT 2025,Fri Oct 03 00:00:00 EDT 2025,N,0,0,0,,,,,,,,,
0.0624,0.0,0.0,13.0,128.6285,0,0.0,0.0,26.2034,0.0,0,-1,0.0,0.0,127.5338,0,0.0,26.4283,0.0,0.0,,,All-Wheel Drive,43,,10,600,0,Electricity,Electricity,10,-1,126.2208,0,0.0,0.0,26.7032,0.0,0,0,49966,0,32,Lucid,Air G Touring XR AWD with19 inch wheels,N,False,0,99,512,516.0,0.0,507.0,0.0,Automatic (A1),176.3,0.0,173.0,0.0,Large Cars,2026,9000,Air,,,,,EV,,,178 and 433 kW ACPM,LMU,,0.0,,Fri Oct 03 00:00:00 EDT 2025,Thu Dec 11 00:00:00 EST 2025,N,0,0,0,,,,,,,,,
0.0672,0.0,0.0,13.0,121.6973,0,0.0,0.0,27.6958,0.0,0,-1,0.0,0.0,119.6876,0,0.0,28.1608,0.0,0.0,,,All-Wheel Drive,44,,9,650,0,Electricity,Electricity,10,-1,117.3197,0,0.0,0.0,28.7292,0.0,0,0,49967,0,32,Lucid,Air G Touring XR AWD with 20 inch wheels,N,False,0,99,480,488.0,0.0,470.0,0.0,Automatic (A1),166.8,0.0,160.8,0.0,Large Cars,2026,8750,Air,,,,,EV,,,178 and 433 kW ACPM,LMU,,0.0,,Fri Oct 03 00:00:00 EDT 2025,Thu Dec 11 00:00:00 EST 2025,N,0,0,0,,,,,,,,,
0.072,0.0,0.0,13.0,113.9635,0,0.0,0.0,29.5753,0.0,0,-1,0.0,0.0,111.8825,0,0.0,30.1254,0.0,0.0,,,All-Wheel Drive,45,,9,700,0,Electricity,Electricity,10,-1,109.44,0,0.0,0.0,30.7977,0.0,0,0,49968,0,32,Lucid,Air G Touring XR AWD with 21 inch wheels,N,False,0,99,446,454.0,0.0,436.0,0.0,Automatic (A1),156.2,0.0,150.0,0.0,Large Cars,2026,8500,Air,,,,,EV,,,178 and 433 kW ACPM,LMU,,0.0,,Fri Oct 03 00:00:00 EDT 2025,Thu Dec 11 00:00:00 EST 2025,N,0,0,0,,,,,,,,,
0.0552,0.0,0.0,10.0,149.0465,0,0.0,0.0,22.6138,0.0,0,-1,0.0,0.0,145.6506,0,0.0,23.141,0.0,0.0,,,Rear-Wheel Drive,40,,10,500,0,Electricity,Electricity,10,-1,141.7046,0,0.0,0.0,23.7854,0.0,0,0,49969,0,32,Lucid,Air Pure RWD with 19 inch wheels,N,False,0,101,420,430.0,0.0,408.0,0.0,Automatic (A1),209.1,0.0,198.8,0.0,Large Cars,2026,9500,Air,,,,,EV,,,330 kW ACPM,LMU,,0.0,,Fri Oct 03 00:00:00 EDT 2025,Thu Dec 11 00:00:00 EST 2025,N,0,0,0,,,,,,,,,
0.0624,0.0,0.0,10.0,132.367,0,0.0,0.0,25.4633,0.0,0,-1,0.0,0.0,129.1296,0,0.0,26.1017,0.0,0.0,,,Rear-Wheel Drive,41,,10,600,0,Electricity,Electricity,10,-1,125.3815,0,0.0,0.0,26.882,0.0,0,0,49970,0,32,Lucid,Air Pure RWD with 20 inch wheels,N,False,0,101,372,381.0,0.0,361.0,0.0,Automatic (A1),185.7,0.0,175.9,0.0,Large Cars,2026,9000,Air,,,,,EV,,,330 kW ACPM,LMU,,0.0,,Fri Oct 03 00:00:00 EDT 2025,Thu Dec 11 00:00:00 EST 2025,N,0,0,0,,,,,,,,,
0.0768,0.0,0.0,13.0,107.9611,0,0.0,0.0,31.2196,0.0,0,-1,0.0,0.0,104.8952,0,0.0,32.1321,0.0,0.0,,,All-Wheel Drive,39,,9,700,0,Electricity,Electricity,10,-1,101.3764,0,0.0,0.0,33.2474,0.0,0,0,49971,0,32,Lucid,Air Sapphire AWD,N,False,0,99,427,439.0,0.0,412.0,0.0,Automatic (A1),149.2,0.0,140.1,0.0,Large Cars,2026,8500,Air,,,,,EV,,,310 kW ACPM,LMU,,0.0,,Fri Oct 03 00:00:00 EDT 2025,Thu Dec 11 00:00:00 EST 2025,N,0,0,0,,,,,,,,,
0.06,0.0,0.0,10.0,135.7056,0,0.0,0.0,24.8369,0.0,0,-1,0.0,0.0,133.8021,0,0.0,25.1902,0.0,0.0,,,All-Wheel Drive,46,,10,550,0,Electricity,Electricity,10,-1,131.5469,0,0.0,0.0,25.622,0.0,0,0,49972,0,32,Lucid,Air Touring AWD with 19 inch wheels,N,False,0,101,431,437.0,0.0,424.0,0.0,Automatic (A1),186.0,0.0,180.3,0.0,Large Cars,2026,9250,Air,,,,,EV,,,178 and 433 kW ACPM,LMU,,0.0,,Fri Oct 03 00:00:00 EDT 2025,Thu Dec 11 00:00:00 EST 2025,N,0,0,0,,,,,,,,,
0.0648,0.0,0.0,10.0,125.856,0,0.0,0.0,26.7806,0.0,0,-1,0.0,0.0,123.4366,0,0.0,27.3055,0.0,0.0,,,All-Wheel Drive,47,,10,600,0,Electricity,Electricity,10,-1,120.6029,0,0.0,0.0,27.9471,0.0,0,0,49973,0,32,Lucid,Air Touring AWD with 20 inch wheels,N,False,0,101,396,404.0,0.0,387.0,0.0,Automatic (A1),172.5,0.0,165.3,0.0,Large Cars,2026,9000,Air,,,,,EV,,,178 and 433 kW ACPM,LMU,,0.0,,Fri Oct 03 00:00:00 EDT 2025,Thu Dec 11 00:00:00 EST 2025,N,0,0,0,,,,,,,,,
0.072,0.0,0.0,12.0,122.0,0,0.0,0.0,28.0,0.0,0,-1,0.0,0.0,114.0,0,0.0,30.0,0.0,0.0,,,Front-Wheel Drive,906,,9,700,0,Electricity,Electricity,10,-1,105.0,0,0.0,0.0,31.8452,0.0,0,0,49974,0,20,Nissan,LEAF 75kWh (18 inch alloy Wheels),N,False,0,92,288,305.0,0.0,268.0,0.0,Automatic (A1),176.2,0.0,151.2,0.0,Small Station Wagons,2026,8500,LEAF,,,,,EV,,,160 kW AC 3-phase,NSX,,0.0,,Fri Oct 03 00:00:00 EDT 2025,Fri Oct 03 00:00:00 EDT 2025,N,0,0,0,,,,,,,,,
0.0672,0.0,0.0,12.0,130.76,0,0.0,0.0,25.7762,0.0,0,-1,0.0,0.0,121.1475,0,0.0,27.8215,0.0,0.0,,,Front-Wheel Drive,905,,10,650,0,Electricity,Electricity,10,-1,111.16,0,0.0,0.0,30.3212,0.0,0,0,49975,0,20,Nissan,LEAF 75kWh (18 inch steel Wheels),N,False,0,92,303,325.0,0.0,276.0,0.0,Automatic (A1),186.8,0.0,158.8,0.0,Small Station Wagons,2026,8750,LEAF,,,,,EV,,,160 kW AC 3-phase,NSX,,0.0,,Fri Oct 03 00:00:00 EDT 2025,Fri Oct 03 00:00:00 EDT 2025,N,0,0,0,,,,,,,,,
0.0791999999999999,0.0,0.0,12.0,109.69,0,0.0,0.0,30.7275,0.0,0,-1,0.0,0.0,102.9872,0,0.0,32.7274,0.0,0.0,,,Front-Wheel Drive,907,,9,750,0,Electricity,Electricity,10,-1,95.83,0,0.0,0.0,35.1717,0.0,0,0,49976,0,17,Nissan,LEAF 75kWh (19 inch Wheels),N,False,0,92,259,275.0,0.0,240.0,0.0,Automatic (A1),156.7,0.0,136.9,0.0,Small Station Wagons,2026,8250,LEAF,,,,,EV,,,160 kW AC 3-phase,NSX,,0.0,,Fri Oct 03 00:00:00 EDT 2025,Fri Oct 03 00:00:00 EDT 2025,N,0,0,0,,,,,,,,,
0.108,0.0,0.0,10.0,70.21,0,0.0,0.0,48.006,0.0,0,-1,0.0,0.0,74.1967,0,0.0,45.4265,0.0,0.0,,,All-Wheel Drive,25,,9,1000,0,Electricity,Electricity,10,-1,79.73,0,0.0,0.0,42.2739,0.0,0,0,49977,10,0,Rolls-Royce,Spectre Black Badge (22 inch Wheels),N,False,94,0,266,251.0,0.0,285.0,0.0,Automatic (A1),100.3,0.0,113.9,0.0,Compact Cars,2026,7000,Spectre,,,,,EV,,,190 and 360 kW EESM,RRG,,0.0,,Fri Oct 03 00:00:00 EDT 2025,Fri Oct 03 00:00:00 EDT 2025,N,0,0,0,,,,,,,,,
0.1152,0.0,0.0,10.0,67.06,0,0.0,0.0,50.261,0.0,0,-1,0.0,0.0,69.8126,0,0.0,48.2792,0.0,0.0,,,All-Wheel Drive,26,,9,1100,0,Electricity,Electricity,10,-1,73.5,0,0.0,0.0,45.8571,0.0,0,0,49978,10,0,Rolls-Royce,Spectre Black Badge (23 inch Wheels),N,False,94,0,251,241.0,0.0,264.0,0.0,Automatic (A1),95.8,0.0,105.0,0.0,Compact Cars,2026,6500,Spectre,,,,,EV,,,190 and 360 kW EESM,RRG,,0.0,,Fri Oct 03 00:00:00 EDT 2025,Fri Oct 03 00:00:00 EDT 2025,N,0,0,0,,,,,,,,,
0.1056,0.0,0.0,10.0,73.64,0,0.0,0.0,45.77,0.0,0,-1,0.0,0.0,77.2247,0,0.0,43.6454,0.0,0.0,,,All-Wheel Drive,17,,9,1000,0,Electricity,Electricity,10,-1,82.11,0,0.0,0.0,41.0486,0.0,0,0,49979,10,0,Rolls-Royce,Spectre (22 inch Wheels),N,False,94,0,277,263.0,0.0,294.0,0.0,Automatic (A1),105.2,0.0,117.3,0.0,Compact Cars,2026,7000,Spectre,,,,,EV,,,190 and 360 kW EESM,RRG,,0.0,,Fri Oct 03 00:00:00 EDT 2025,Fri Oct 03 00:00:00 EDT 2025,N,0,0,0,,,,,,,,,
0.1152,0.0,0.0,10.0,67.06,0,0.0,0.0,50.261,0.0,0,-1,0.0,0.0,70.4582,0,0.0,47.8369,0.0,0.0,,,All-Wheel Drive,18,,9,1100,0,Electricity,Electricity,10,-1,75.11,0,0.0,0.0,44.8742,0.0,0,0,49980,10,0,Rolls-Royce,Spectre (23 inch Wheels),N,False,94,0,253,240.0,0.0,269.0,0.0,Automatic (A1),95.8,0.0,107.3,0.0,Compact Cars,2026,6500,Spectre,,,,,EV,,,190 and 360 kW EESM,RRG,,0.0,,Fri Oct 03 00:00:00 EDT 2025,Fri Oct 03 00:00:00 EDT 2025,N,0,0,0,,,,,,,,,
0.0696,0.0,0.0,8.0,127.54,0,0.0,0.0,26.427,0.0,0,-1,0.0,0.0,116.5364,0,0.0,28.9223,0.0,0.0,,,All-Wheel Drive,87,,9,650,0,Electricity,Electricity,10,-1,105.42,0,0.0,0.0,31.9721,0.0,0,0,49981,0,0,Subaru,Solterra 20 AWD,N,False,0,0,278,302.0,0.0,249.0,0.0,Automatic (A1),182.2,0.0,150.6,0.0,Small Sport Utility Vehicle 4WD,2026,8750,Solterra,,,,,EV,,,87 and 167  kW AC Synchronous,FJX,,0.0,,Fri Oct 03 00:00:00 EDT 2025,Tue Oct 28 00:00:00 EDT 2025,N,0,0,0,,,,,,,,,
0.0672,0.0,0.0,8.0,131.0,0,0.0,0.0,25.6253,0.0,0,-1,0.0,0.0,120.0,0,0.0,27.9567,0.0,0.0,,,All-Wheel Drive,86,,9,650,0,Electricity,Electricity,10,-1,109.41,0,0.0,0.0,30.8061,0.0,0,0,49982,0,0,Subaru,Solterra AWD,N,False,0,0,288,312.0,0.0,259.0,0.0,Automatic (A1),187.9,0.0,156.3,0.0,Small Sport Utility Vehicle 4WD,2026,8750,Solterra,,,,,EV,,,87 and 167  kW AC Synchronous,FJX,,0.0,,Fri Oct 03 00:00:00 EDT 2025,Tue Oct 28 00:00:00 EDT 2025,N,0,0,0,,,,,,,,,
0.0624,0.0,0.0,6.0,143.71,0,0.0,0.0,23.4535,0.0,0,-1,0.0,0.0,130.4614,0,0.0,25.8352,0.0,0.0,,,Front-Wheel Drive,38,,10,600,0,Electricity,Electricity,10,-1,117.25,0,0.0,0.0,28.7463,0.0,0,0,49983,0,0,Toyota,bZ (energy capacity 200 Ah),N,False,0,0,236,257.0,0.0,210.0,0.0,Automatic (A1),205.3,0.0,167.5,0.0,Small Sport Utility Vehicle 2WD,2026,9000,bZ,,,,,EV,,,167  kW AC Synchronous,TYX,,0.0,,Fri Oct 03 00:00:00 EDT 2025,Fri Oct 03 00:00:00 EDT 2025,N,0,0,0,,,,,,,,,
0.0648,0.0,0.0,8.0,133.91,0,0.0,0.0,25.1699,0.0,0,-1,0.0,0.0,122.6173,0,0.0,27.488,0.0,0.0,,,Front-Wheel Drive,41,,10,600,0,Electricity,Electricity,10,-1,111.16,0,0.0,0.0,30.3212,0.0,0,0,49984,0,0,Toyota,bZ LIMITED (energy capacity 200 Ah),N,False,0,0,296,321.0,0.0,266.0,0.0,Automatic (A1),191.3,0.0,158.8,0.0,Small Sport Utility Vehicle 2WD,2026,9000,bZ,,,,,EV,,,167  kW AC Synchronous,TYX,,0.0,,Fri Oct 03 00:00:00 EDT 2025,Fri Oct 03 00:00:00 EDT 2025,N,0,0,0,,,,,,,,,
0.0672,0.0,0.0,8.0,131.25,0,0.0,0.0,25.68,0.0,0,-1,0.0,0.0,120.3938,0,0.0,27.9956,0.0,0.0,,,All-Wheel Drive,44,,9,650,0,Electricity,Electricity,10,-1,109.34,0,0.0,0.0,30.8259,0.0,0,0,49985,0,0,Toyota,bZ AWD,N,False,0,0,288,311.0,0.0,259.0,0.0,Automatic (A1),187.5,0.0,156.2,0.0,Small Sport Utility Vehicle 4WD,2026,8750,bZ,,,,,EV,,,87 and 167  kW AC Synchronous,TYX,,0.0,,Fri Oct 03 00:00:00 EDT 2025,Fri Oct 03 00:00:00 EDT 2025,N,0,0,0,,,,,,,,,
0.0696,0.0,0.0,8.0,127.54,0,0.0,0.0,26.427,0.0,0,-1,0.0,0.0,116.5364,0,0.0,28.9223,0.0,0.0,,,All-Wheel Drive,46,,9,650,0,Electricity,Electricity,10,-1,105.42,0,0.0,0.0,31.9721,0.0,0,0,49986,0,0,Toyota,bZ AWD LIMITED,N,False,0,0,278,302.0,0.0,249.0,0.0,Automatic (A1),182.2,0.0,150.6,0.0,Small Sport Utility Vehicle 4WD,2026,8750,bZ,,,,,EV,,,87 and 167  kW AC Synchronous,TYX,,0.0,,Fri Oct 03 00:00:00 EDT 2025,Fri Oct 03 00:00:00 EDT 2025,N,0,0,0,,,,,,,,,
0.072,0.0,0.0,8.0,122.5,0,0.0,0.0,27.5143,0.0,0,-1,0.0,0.0,113.1687,0,0.0,29.783,0.0,0.0,,,Rear-Wheel Drive,309,,9,650,0,Electricity,Electricity,10,-1,103.53,0,0.0,0.0,32.5558,0.0,0,0,49987,0,30,Volkswagen,ID.4,N,False,0,100,291,313.0,0.0,264.0,0.0,Automatic (A1),175.0,0.0,147.9,0.0,Small Sport Utility Vehicle 2WD,2026,8750,ID.4,,,,,EV,,,210 kW ACPM 3-Phase,VGA,,0.0,,Fri Oct 03 00:00:00 EDT 2025,Thu Dec 11 00:00:00 EST 2025,N,0,0,0,77.0,,7.0,,11.0,135.0,CCS2,,
0.0791999999999999,0.0,0.0,8.0,108.22,0,0.0,0.0,31.1449,0.0,0,-1,0.0,0.0,102.234,0,0.0,32.9685,0.0,0.0,,,All-Wheel Drive,308,,9,750,0,Electricity,Electricity,10,-1,95.76,0,0.0,0.0,35.1974,0.0,0,0,49988,0,30,Volkswagen,ID.4 AWD,N,False,0,100,263,277.0,0.0,245.0,0.0,Automatic (A1),154.6,0.0,136.8,0.0,Small Sport Utility Vehicle 4WD,2026,8250,ID.4,,,,,EV,,,210 kW ACPM 3-Phase,VGA,,0.0,,Fri Oct 03 00:00:00 EDT 2025,Thu Dec 11 00:00:00 EST 2025,N,0,0,0,77.0,,7.0,,11.0,135.0,CCS2,,
0.0696,0.0,0.0,8.0,126.77,0,0.0,0.0,26.5875,0.0,0,-1,0.0,0.0,115.5663,0,0.0,29.1651,0.0,0.0,,,Rear-Wheel Drive,283,,9,650,0,Electricity,Electricity,10,-1,104.3,0,0.0,0.0,32.3154,0.0,0,0,49989,0,0,Volvo,EX30 Single motor extended range,N,False,0,0,261,284.0,0.0,233.0,0.0,Automatic (A1),181.1,0.0,149.0,0.0,Small Sport Utility Vehicle 2WD,2026,8750,EX30,,,,,EV,,,200 kW PMSM,VVX,,0.0,,Fri Oct 03 00:00:00 EDT 2025,Thu Dec 11 00:00:00 EST 2025,N,0,0,0,,,,,,,,,
0.0911999999999999,0.0,0.0,8.0,94.71,0,0.0,0.0,35.5876,0.0,0,-1,0.0,0.0,89.1388,0,0.0,37.8118,0.0,0.0,,,All-Wheel Drive,284,,9,850,0,Electricity,Electricity,10,-1,83.16,0,0.0,0.0,40.5303,0.0,0,0,49990,0,0,Volvo,EX30 Cross Country (18 Inch Wheels),N,False,0,0,203,215.0,0.0,189.0,0.0,Automatic (A1),135.3,0.0,118.8,0.0,Small Sport Utility Vehicle 4WD,2026,7750,EX30,,,,,EV,,,115 and 200 kW PMSM,VVX,,0.0,,Fri Oct 03 00:00:00 EDT 2025,Thu Dec 11 00:00:00 EST 2025,N,0,0,0,,,,,,,,,
0.0815999999999999,0.0,0.0,8.0,105.77,0,0.0,0.0,31.8663,0.0,0,-1,0.0,0.0,98.8653,0,0.0,34.0919,0.0,0.0,,,All-Wheel Drive,285,,9,750,0,Electricity,Electricity,10,-1,91.56,0,0.0,0.0,36.8119,0.0,0,0,49991,0,0,Volvo,EX30 Cross Country (19 Inch Wheels),N,False,0,0,227,242.0,0.0,209.0,0.0,Automatic (A1),151.1,0.0,130.8,0.0,Small Sport Utility Vehicle 4WD,2026,8250,EX30,,,,,EV,,,115 and 200 kW PMSM,VVX,,0.0,,Fri Oct 03 00:00:00 EDT 2025,Thu Dec 11 00:00:00 EST 2025,N,0,0,0,,,,,,,,,
0.0744,0.0,0.0,8.0,116.2,0,0.0,0.0,29.006,0.0,0,-1,0.0,0.0,108.5048,0,0.0,31.0632,0.0,0.0,,,All-Wheel Drive,282,,9,700,0,Electricity,Electricity,10,-1,100.38,0,0.0,0.0,33.5774,0.0,0,0,49992,0,0,Volvo,EX30 Twin Performance,N,False,0,0,253,270.0,0.0,233.0,0.0,Automatic (A1),166.0,0.0,143.4,0.0,Small Sport Utility Vehicle 4WD,2026,8500,EX30,,,,,EV,,,115 and 200 kW PMSM,VVX,,0.0,,Fri Oct 03 00:00:00 EDT 2025,Thu Dec 11 00:00:00 EST 2025,N,0,0,0,,,,,,,,,
0.0887999999999999,0.0,0.0,11.2,100.2047,0,0.0,0.0,33.6362,0.0,0,-1,0.0,0.0,91.4351,0,0.0,36.8622,0.0,0.0,,,Rear-Wheel Drive,721,,9,850,0,Electricity,Electricity,10,-1,82.5998,0,0.0,0.0,40.8052,0.0,0,0,50023,0,30,Acura,ZDX RWD,N,False,0,103,327,355.0,0.0,293.0,0.0,Automatic (A1),143.1496,0.0,117.9997,0.0,Standard Sport Utility Vehicle 2WD,2026,7750,ZDX,,,,,EV,,,255 kW ACPM,HNX,,0.0,,Tue Oct 28 00:00:00 EDT 2025,Tue Oct 28 00:00:00 EDT 2025,N,0,0,0,,,,,,,,,
0.0911999999999999,0.0,0.0,11.2,98.21,0,0.0,0.0,34.3193,0.0,0,-1,0.0,0.0,89.4019,0,0.0,37.7006,0.0,0.0,,,All-Wheel Drive,722,,9,850,0,Electricity,Electricity,10,-1,80.57,0,0.0,0.0,41.8332,0.0,0,0,50024,0,30,Acura,ZDX AWD,N,False,0,103,323,351.0,0.0,288.0,0.0,Automatic (A1),140.3,0.0,115.1,0.0,Standard Sport Utility Vehicle 4WD,2026,7750,ZDX,,,,,EV,,,155 and 220 kW AC Induction,HNX,,0.0,,Tue Oct 28 00:00:00 EDT 2025,Tue Oct 28 00:00:00 EDT 2025,N,0,0,0,,,,,,,,,
0.0984,0.0,0.0,11.2,89.74,0,0.0,0.0,37.5585,0.0,0,-1,0.0,0.0,83.0742,0,0.0,40.5722,0.0,0.0,,,All-Wheel Drive,723,,9,900,0,Electricity,Electricity,10,-1,76.16,0,0.0,0.0,44.2555,0.0,0,0,50025,0,30,Acura,ZDX AWD Type S,N,False,0,103,296,318.0,0.0,270.0,0.0,Automatic (A1),128.2,0.0,108.8,0.0,Standard Sport Utility Vehicle 4WD,2026,7500,ZDX,,,,,EV,,,155 and 220 kW AC Induction,HNX,,0.0,,Tue Oct 28 00:00:00 EDT 2025,Tue Oct 28 00:00:00 EDT 2025,N,0,0,0,,,,,,,,,
0.0887999999999999,0.0,0.0,9.5,103.1783,0,0.0,0.0,32.6668,0.0,0,-1,0.0,0.0,91.9351,0,0.0,36.6617,0.0,0.0,,,All-Wheel Drive,438,,9,800,0,Electricity,Electricity,10,-1,81.1299,0,0.0,0.0,41.5444,0.0,0,0,50026,0,26,Cadillac,OPTIQ AWD V SERIES 11 kW Charger 15 modes,N,False,0,102,278,308.0,0.0,242.0,0.0,Automatic (A1),147.3976,0.0,115.8999,0.0,Standard Sport Utility Vehicle 2WD,2026,8000,OPTIQ,,,,,EV,,,"140, 155, 205 and 220 kW ACPM",GMX,,0.0,,Tue Oct 28 00:00:00 EDT 2025,Tue Oct 28 00:00:00 EDT 2025,N,0,0,0,,,,,,,,,
0.0984,0.0,0.0,5.9,92.0,0,0.0,0.0,37.0,0.0,0,-1,0.0,0.0,83.0,0,0.0,41.0,0.0,0.0,,,All-Wheel Drive,436,,9,900,0,Electricity,Electricity,10,-1,74.0,0,0.0,0.0,46.0,0.0,0,0,50027,0,26,Cadillac,OPTIQ AWD V SERIES 19 kW charger 15 modes,N,False,0,102,250,274.0,0.0,221.0,0.0,Automatic (A1),141.0929,0.0,113.4996,0.0,Standard Sport Utility Vehicle 2WD,2026,7500,OPTIQ,,,,,EV,,,"140, 155, 205 and 220 kW ACPM",GMX,,0.0,,Tue Oct 28 00:00:00 EDT 2025,Tue Oct 28 00:00:00 EDT 2025,N,0,0,0,,,,,,,,,
0.1152,0.0,0.0,10.3,72.87,0,0.0,0.0,46.2536,0.0,0,-1,0.0,0.0,70.9181,0,0.0,47.5266,0.0,0.0,,,Rear-Wheel Drive,76,,9,1050,0,Electricity,Electricity,10,-1,68.67,0,0.0,0.0,49.0826,0.0,0,0,50028,0,0,Hyundai,Ioniq 5 Robo taxi,N,False,0,0,168,172.0,0.0,163.0,0.0,Automatic (A1),104.1,0.0,98.1,0.0,Small Sport Utility Vehicle 2WD,2026,6750,Ioniq 5,,,,,EV,,,168 kW PMSM,HYX,,0.0,,Tue Oct 28 00:00:00 EDT 2025,Tue Oct 28 00:00:00 EDT 2025,N,0,0,0,,,,,,,,,
0.0768,0.0,0.0,9.5,107.5795,0,0.0,0.0,31.3595,0.0,0,-1,0.0,0.0,103.9308,0,0.0,32.4302,0.0,0.0,,,All-Wheel Drive,30,,9,750,0,Electricity,Electricity,10,-1,99.8995,0,0.0,0.0,33.7389,0.0,0,0,50029,0,0,Lucid,Gravity GT w/20F21R wheels (3R),N,False,0,0,437,451.0,0.0,419.0,0.0,Automatic (A1),150.3,0.0,139.7,0.0,Standard Sport Utility Vehicle 4WD,2026,8250,Gravity,,,,,EV,,,399 kW ACPM,LMU,,0.0,,Tue Oct 28 00:00:00 EDT 2025,Thu Dec 11 00:00:00 EST 2025,N,0,0,0,,,,,,,,,
0.0744,0.0,0.0,8.75,112.0,0,0.0,0.0,30.0,0.0,0,-1,0.0,0.0,109.0,0,0.0,31.0,0.0,0.0,,,Rear-Wheel Drive,930,,9,700,0,Electricity,Electricity,10,-1,105.0,0,0.0,0.0,32.0,0.0,0,0,50030,0,12,Mercedes-Benz,CLA250 Plus with EQ Tech,N,False,0,91,317,326.0,0.0,306.0,0.0,Automatic (A1),167.8,0.0,157.5,0.0,Compact Cars,2026,8500,CLA-Class,,,,,EV,,,200  kW ACPM 3-Phase,MBX,,0.0,,Tue Oct 28 00:00:00 EDT 2025,Tue Oct 28 00:00:00 EDT 2025,Y,0,0,0,,,,,,,,,
0.0648,0.0,0.0,8.75,127.0,0,0.0,0.0,26.0,0.0,0,-1,0.0,0.0,126.0,0,0.0,27.0,0.0,0.0,,,Rear-Wheel Drive,929,,10,600,0,Electricity,Electricity,10,-1,124.0,0,0.0,0.0,27.0,0.0,0,0,50031,0,12,Mercedes-Benz,CLA250 Plus with EQ Tech (R22),N,False,0,91,374,380.0,0.0,366.0,0.0,Automatic (A1),192.8,0.0,188.0,0.0,Compact Cars,2026,9000,CLA-Class,,,,,EV,,,200  kW ACPM 3-Phase,MBX,,0.0,,Tue Oct 28 00:00:00 EDT 2025,Tue Oct 28 00:00:00 EDT 2025,Y,0,0,0,,,,,,,,,
0.0696,0.0,0.0,8.75,120.0,0,0.0,0.0,28.0,0.0,0,-1,0.0,0.0,118.0,0,0.0,29.0,0.0,0.0,,,All-Wheel Drive,931,,9,650,0,Electricity,Electricity,10,-1,115.0,0,0.0,0.0,28.5418,0.0,0,0,50032,0,12,Mercedes-Benz,CLA350 4matic with EQ Tech,N,False,0,91,312,315.0,0.0,309.0,0.0,Automatic (A2),176.0,0.0,168.7,0.0,Compact Cars,2026,8750,CLA-Class,,,,,EV,,,81 and 210 kW ACPM 3-Phase,MBX,,0.0,,Tue Oct 28 00:00:00 EDT 2025,Tue Oct 28 00:00:00 EDT 2025,Y,0,0,0,,,,,,,,,
0.0839999999999999,0.0,0.0,11.0,100.0,0,0.0,0.0,34.0,0.0,0,-1,0.0,0.0,95.0,0,0.0,35.0,0.0,0.0,,,Rear-Wheel Drive,1,,9,800,0,Electricity,Electricity,10,-1,90.0,0,0.0,0.0,37.0,0.0,0,0,50033,0,0,Polestar,4 Long Range Single Motor,N,False,0,0,310,322.0,0.0,296.0,0.0,Automatic (A1),146.5,0.0,132.2,0.0,Standard Sport Utility Vehicle 2WD,2026,8000,4,,,,,EV,,,200 kW PMSM,PAB,,0.0,,Tue Oct 28 00:00:00 EDT 2025,Thu Dec 11 00:00:00 EST 2025,N,0,0,0,,,,,,,,,
0.096,0.0,0.0,11.0,90.0,0,0.0,0.0,38.0,0.0,0,-1,0.0,0.0,85.0,0,0.0,40.0,0.0,0.0,,,All-Wheel Drive,2,,9,900,0,Electricity,Electricity,10,-1,80.0,0,0.0,0.0,42.0,0.0,0,0,50034,0,0,Polestar,4 Long Range Dual Motor,N,False,0,0,280,293.0,0.0,265.0,0.0,Automatic (A1),131.0,0.0,117.2,0.0,Standard Sport Utility Vehicle 4WD,2026,7500,4,,,,,EV,,,200 kW PMSM,PAB,,0.0,,Tue Oct 28 00:00:00 EDT 2025,Thu Dec 11 00:00:00 EST 2025,N,0,0,0,,,,,,,,,
0.1056,0.0,0.0,11.0,80.0,0,0.0,0.0,42.0,0.0,0,-1,0.0,0.0,77.0,0,0.0,44.0,0.0,0.0,,,All-Wheel Drive,3,,9,1000,0,Electricity,Electricity,10,-1,74.0,0,0.0,0.0,46.0,0.0,0,0,50035,0,0,Polestar,4 Long Range Dual Motor Performance,N,False,0,0,255,265.0,0.0,242.0,0.0,Automatic (A1),117.5,0.0,108.5,0.0,Standard Sport Utility Vehicle 4WD,2026,7000,4,,,,,EV,,,200 kW PMSM,PAB,,0.0,,Tue Oct 28 00:00:00 EDT 2025,Thu Dec 11 00:00:00 EST 2025,N,0,0,0,,,,,,,,,
0.072,0.0,0.0,12.0,120.05,0,0.0,0.0,28.0758,0.0,0,-1,0.0,0.0,113.9261,0,0.0,29.585,0.0,0.0,,,All-Wheel Drive,38,,9,650,0,Electricity,Electricity,10,-1,107.24,0,0.0,0.0,31.4295,0.0,0,0,50036,0,15,Tesla,Model 3 Performance,N,False,0,97,309,325.0,0.0,290.0,0.0,Automatic (A1),171.5,0.0,153.2,0.0,Midsize Cars,2026,8750,Model 3,,,,,EV,,,88 and 208 kW AC Induction,TSL,,0.0,,Tue Oct 28 00:00:00 EDT 2025,Wed Feb 18 00:00:00 EST 2026,N,0,0,0,75.0,,6.8,,11.0,250.0,NACS,,
0.0624,0.0,0.0,11.7,133.35,0,0.0,0.0,25.2756,0.0,0,-1,0.0,0.0,127.7882,0,0.0,26.3757,0.0,0.0,,,All-Wheel Drive,36,,10,600,0,Electricity,Electricity,10,-1,121.59,0,0.0,0.0,27.7202,0.0,0,0,50037,0,15,Tesla,Model 3 Premium AWD,N,False,0,97,346,360.0,0.0,329.0,0.0,Automatic (A1),190.5,0.0,173.7,0.0,Midsize Cars,2026,9000,Model 3,,,,,EV,,,88 and 208 kW AC Induction,TSL,,0.0,,Tue Oct 28 00:00:00 EDT 2025,Wed Feb 18 00:00:00 EST 2026,N,0,0,0,75.0,,6.8,,11.0,250.0,NACS,,
0.06,0.0,0.0,11.7,144.83,0,0.0,0.0,23.2721,0.0,0,-1,0.0,0.0,136.7907,0,0.0,24.6398,0.0,0.0,,,Rear-Wheel Drive,32,,10,550,0,Electricity,Electricity,10,-1,128.1,0,0.0,0.0,26.3115,0.0,0,0,50038,0,15,Tesla,Model 3 Premium RWD,N,False,0,97,363,383.0,0.0,339.0,0.0,Automatic (A1),206.9,0.0,183.0,0.0,Midsize Cars,2026,9250,Model 3,,,,,EV,,,225 kW ACPM 3-Phase,TSL,,0.0,,Tue Oct 28 00:00:00 EDT 2025,Wed Feb 18 00:00:00 EST 2026,N,0,0,0,75.0,,6.8,,11.0,250.0,NACS,,
0.1032,0.0,0.0,11.7,84.5478,0,0.0,0.0,39.865,0.0,0,-1,0.0,0.0,78.5557,0,0.0,42.9059,0.0,0.0,,,All-Wheel Drive,12,,9,950,0,Electricity,Electricity,10,-1,72.2935,0,0.0,0.0,46.6225,0.0,0,0,50039,0,0,Tesla,Cybertruck AWD,N,False,0,0,325,348.0,0.0,297.0,0.0,Automatic (A1),116.6,0.0,99.7,0.0,Standard Pickup Trucks 4WD,2026,7250,Cybertruck,,,,,EV,,,223 and 226 kW ACPM 3-Phase,TSL,,0.0,,Tue Oct 28 00:00:00 EDT 2025,Wed Feb 18 00:00:00 EST 2026,N,0,0,0,122.0,,10.6,,11.5,250.0,NACS,,
0.0576,0.0,0.0,10.0,147.56,0,0.0,0.0,22.8416,0.0,0,-1,0.0,0.0,138.4469,0,0.0,24.3451,0.0,0.0,,,Rear-Wheel Drive,40,,10,550,0,Electricity,Electricity,10,-1,128.73,0,0.0,0.0,26.1827,0.0,0,0,50040,0,0,Tesla,Model Y Standard RWD (18in Wheels),N,False,0,0,321,341.0,0.0,297.0,0.0,Automatic (A1),210.8,0.0,183.9,0.0,Small Sport Utility Vehicle 2WD,2026,9250,Model Y,,,,,EV,,,228 and 243 kW ACPM 3-Phase,TSL,,0.0,,Tue Oct 28 00:00:00 EDT 2025,Wed Feb 18 00:00:00 EST 2026,N,0,0,0,,,,,,,,,
0.0624,0.0,0.0,10.0,141.82,0,0.0,0.0,23.766,0.0,0,-1,0.0,0.0,131.1953,0,0.0,25.6907,0.0,0.0,,,Rear-Wheel Drive,41,,10,600,0,Electricity,Electricity,10,-1,120.19,0,0.0,0.0,28.0431,0.0,0,0,50041,0,0,Tesla,Model Y Standard RWD (19in Wheels),N,False,0,0,303,325.0,0.0,276.0,0.0,Automatic (A1),202.6,0.0,171.7,0.0,Small Sport Utility Vehicle 2WD,2026,9000,Model Y,,,,,EV,,,228 and 243 kW ACPM 3-Phase,TSL,,0.0,,Tue Oct 28 00:00:00 EDT 2025,Wed Mar 18 00:00:00 EDT 2026,N,0,0,0,,,,,,,,,
0.0624,0.0,0.0,8.0,143.0,0,0.0,0.0,24.0,0.0,0,-1,0.0,0.0,131.0,0,0.0,25.5044,0.0,0.0,,,Front-Wheel Drive,40,,10,550,0,Electricity,Electricity,10,-1,119.0,0,0.0,0.0,28.1086,0.0,0,0,50042,0,0,Toyota,bZ (energy capacity 191 Ah),N,False,0,0,314,336.0,0.0,287.0,0.0,Automatic (A1),206.0,0.0,171.3,0.0,Small Sport Utility Vehicle 2WD,2026,9250,bZ,,,,,EV,,,167 kW AC Synchronous,TYX,,0.0,,Tue Oct 28 00:00:00 EDT 2025,Tue Oct 28 00:00:00 EDT 2025,N,0,0,0,,,,,,,,,
0.0648,0.0,0.0,8.0,137.69,0,0.0,0.0,24.4789,0.0,0,-1,0.0,0.0,125.469,0,0.0,26.8632,0.0,0.0,,,Front-Wheel Drive,42,,10,600,0,Electricity,Electricity,10,-1,113.19,0,0.0,0.0,29.7774,0.0,0,0,50043,0,0,Toyota,bZ LIMITED (energy capacity 191 Ah),N,False,0,0,299,325.0,0.0,267.0,0.0,Automatic (A1),196.7,0.0,161.7,0.0,Small Sport Utility Vehicle 2WD,2026,9000,bZ,,,,,EV,,,167 kW AC Synchronous,TYX,,0.0,,Tue Oct 28 00:00:00 EDT 2025,Tue Oct 28 00:00:00 EDT 2025,N,0,0,0,,,,,,,,,
0.0839999999999999,0.0,0.0,9.5,105.0547,0,0.0,0.0,32.0833,0.0,0,-1,0.0,0.0,97.3402,0,0.0,34.626,0.0,0.0,,,All-Wheel Drive,362,,9,800,0,Electricity,Electricity,10,-1,89.3233,0,0.0,0.0,37.7338,0.0,0,0,50182,0,26,Audi,Q4 55 e-tron quattro,N,False,0,96,251,269.0,0.0,229.0,0.0,Automatic (A1),150.0781,0.0,127.6047,0.0,Standard Sport Utility Vehicle 4WD,2026,8000,Q4 e-tron,,,,,EV,,,80 and 210 kW Asynchron 3-Phase,VGA,,0.0,,Wed Feb 18 00:00:00 EST 2026,Wed Feb 18 00:00:00 EST 2026,N,0,0,0,,,,,,,,,
0.0839999999999999,0.0,0.0,9.5,105.0547,0,0.0,0.0,32.0833,0.0,0,-1,0.0,0.0,97.3402,0,0.0,34.626,0.0,0.0,,,All-Wheel Drive,363,,9,800,0,Electricity,Electricity,10,-1,89.3233,0,0.0,0.0,37.7338,0.0,0,0,50183,0,26,Audi,Q4 Sportback 55 e-tron quattro,N,False,0,96,251,269.0,0.0,229.0,0.0,Automatic (A1),150.0781,0.0,127.6047,0.0,Standard Sport Utility Vehicle 4WD,2026,8000,Q4 e-tron,,,,,EV,,,80 and 210 kW Asynchron 3-Phase,VGA,,0.0,,Wed Feb 18 00:00:00 EST 2026,Wed Feb 18 00:00:00 EST 2026,N,0,0,0,,,,,,,,,
0.096,0.0,0.0,15.5,85.4,0,0.0,0.0,39.4672,0.0,0,-1,0.0,0.0,83.8874,0,0.0,40.1788,0.0,0.0,,,All-Wheel Drive,353,,9,900,0,Electricity,Electricity,10,-1,82.11,0,0.0,0.0,41.0486,0.0,0,0,50184,0,11,Audi,RS e-tron GT Performance,N,False,0,91,278,283.0,0.0,272.0,0.0,Automatic (A1),122.0,0.0,117.3,0.0,Compact Cars,2026,7500,RS e-tron,,,,,EV,,,"176, 252 and 415 kW PSM 3-Phase",VGA,,0.0,,Wed Feb 18 00:00:00 EST 2026,Wed Feb 18 00:00:00 EST 2026,N,0,0,0,,,,,,,,,
0.0911999999999999,0.0,0.0,15.5,91.0349,0,0.0,0.0,37.0243,0.0,0,-1,0.0,0.0,89.5236,0,0.0,37.6493,0.0,0.0,,,All-Wheel Drive,352,,9,850,0,Electricity,Electricity,10,-1,87.7433,0,0.0,0.0,38.4132,0.0,0,0,50185,0,11,Audi,S e-tron GT (20 inch wheels),N,False,0,91,300,305.0,0.0,294.0,0.0,Automatic (A1),130.0498,0.0,125.3476,0.0,Compact Cars,2026,7750,S e-tron,,,,,EV,,,"176, 252 and 415 kW PSM 3-Phase",VGA,,0.0,,Wed Feb 18 00:00:00 EST 2026,Wed Feb 18 00:00:00 EST 2026,N,0,0,0,,,,,,,,,
0.0911999999999999,0.0,0.0,15.5,89.32,0,0.0,0.0,37.7351,0.0,0,-1,0.0,0.0,87.5454,0,0.0,38.5,0.0,0.0,,,All-Wheel Drive,452,,9,850,0,Electricity,Electricity,10,-1,85.47,0,0.0,0.0,39.4349,0.0,0,0,50186,0,11,Audi,S e-tron GT (21 inch wheels),N,False,0,91,294,300.0,0.0,287.0,0.0,Automatic (A1),127.6,0.0,122.1,0.0,Compact Cars,2026,7750,S e-tron,,,,,EV,,,"176, 252 and 415 kW PSM 3-Phase",VGA,,0.0,,Wed Feb 18 00:00:00 EST 2026,Wed Feb 18 00:00:00 EST 2026,N,0,0,0,,,,,,,,,
0.0744,0.0,0.0,7.0,113.12,0,0.0,0.0,29.7958,0.0,0,-1,0.0,0.0,109.3158,0,0.0,30.8327,0.0,0.0,,,Rear-Wheel Drive,431,,9,700,0,Electricity,Electricity,10,-1,105.0,0,0.0,0.0,32.1,0.0,0,0,50187,0,10,BMW,i4 eDrive35 Gran Coupe (19 inch Wheels),N,False,0,90,251,259.0,0.0,241.0,0.0,Automatic (A1),161.6,0.0,150.0,0.0,Compact Cars,2026,8500,i4,,,,,EV,,,210 kW EESM,BMX,,0.0,,Wed Feb 18 00:00:00 EST 2026,Wed Feb 18 00:00:00 EST 2026,N,0,0,0,,,,,,,,,
0.0696,0.0,0.0,9.0,121.17,0,0.0,0.0,27.8163,0.0,0,-1,0.0,0.0,118.1513,0,0.0,28.527,0.0,0.0,,,Rear-Wheel Drive,440,,9,650,0,Electricity,Electricity,10,-1,114.66,0,0.0,0.0,29.3956,0.0,0,0,50188,0,10,BMW,i4 eDrive40 Gran Coupe (18 inch wheels),N,False,0,90,333,341.0,0.0,323.0,0.0,Automatic (A1),173.1,0.0,163.8,0.0,Compact Cars,2026,8750,i4,,,,,EV,,,250 kW EESM,BMX,,0.0,,Wed Feb 18 00:00:00 EST 2026,Wed Feb 18 00:00:00 EST 2026,N,0,0,0,,,,,,,,,
0.0744,0.0,0.0,9.0,111.72,0,0.0,0.0,30.1692,0.0,0,-1,0.0,0.0,108.39,0,0.0,31.0961,0.0,0.0,,,Rear-Wheel Drive,441,,9,700,0,Electricity,Electricity,10,-1,104.58,0,0.0,0.0,32.2289,0.0,0,0,50189,0,10,BMW,i4 eDrive40 Gran Coupe (19 inch Wheels),N,False,0,90,307,316.0,0.0,296.0,0.0,Automatic (A1),159.6,0.0,149.4,0.0,Compact Cars,2026,8500,i4,,,,,EV,,,250 kW EESM,BMX,,0.0,,Wed Feb 18 00:00:00 EST 2026,Wed Feb 18 00:00:00 EST 2026,N,0,0,0,,,,,,,,,
0.0815999999999999,0.0,0.0,9.0,99.4,0,0.0,0.0,33.9085,0.0,0,-1,0.0,0.0,97.99,0,0.0,34.3964,0.0,0.0,,,All-Wheel Drive,450,,9,750,0,Electricity,Electricity,10,-1,96.32,0,0.0,0.0,34.9927,0.0,0,0,50190,0,10,BMW,i4 M60 xDrive Gran Coupe (19 inch Wheels),N,False,0,90,278,282.0,0.0,273.0,0.0,Automatic (A1),142.0,0.0,137.6,0.0,Compact Cars,2026,8250,i4,,,,,EV,,,200 and 250 kW EESM,BMX,,0.0,,Wed Feb 18 00:00:00 EST 2026,Wed Feb 18 00:00:00 EST 2026,N,0,0,0,,,,,,,,,
0.0984,0.0,0.0,9.0,82.46,0,0.0,0.0,40.8744,0.0,0,-1,0.0,0.0,81.3392,0,0.0,41.4376,0.0,0.0,,,All-Wheel Drive,451,,9,950,0,Electricity,Electricity,10,-1,80.01,0,0.0,0.0,42.126,0.0,0,0,50191,0,10,BMW,i4 M60 xDrive Gran Coupe (20 inch Wheels),N,False,0,90,232,235.0,0.0,228.0,0.0,Automatic (A1),117.8,0.0,114.3,0.0,Compact Cars,2026,7250,i4,,,,,EV,,,200 and 250 kW EESM,BMX,,0.0,,Wed Feb 18 00:00:00 EST 2026,Wed Feb 18 00:00:00 EST 2026,N,0,0,0,,,,,,,,,
0.0791999999999999,0.0,0.0,8.0,99.19,0,0.0,0.0,33.9802,0.0,0,-1,0.0,0.0,100.8863,0,0.0,33.4089,0.0,0.0,,,All-Wheel Drive,445,,9,750,0,Electricity,Electricity,10,-1,103.04,0,0.0,0.0,32.7106,0.0,0,0,50192,0,10,BMW,i4 xDrive40 Gran Coupe (18 inch Wheels),N,False,0,90,287,282.0,0.0,293.0,0.0,Automatic (A1),141.7,0.0,147.2,0.0,Compact Cars,2026,8250,i4,,,,,EV,,,190 and 230 kW EESM,BMX,,0.0,,Wed Feb 18 00:00:00 EST 2026,Wed Feb 18 00:00:00 EST 2026,N,0,0,0,,,,,,,,,
0.0863999999999999,0.0,0.0,8.0,92.82,0,0.0,0.0,36.3122,0.0,0,-1,0.0,0.0,93.6611,0,0.0,35.9861,0.0,0.0,,,All-Wheel Drive,446,,9,800,0,Electricity,Electricity,10,-1,94.71,0,0.0,0.0,35.5876,0.0,0,0,50193,0,10,BMW,i4 xDrive40 Gran Coupe (19 inch Wheels),N,False,0,90,268,266.0,0.0,271.0,0.0,Automatic (A1),132.6,0.0,135.3,0.0,Compact Cars,2026,8000,i4,,,,,EV,,,190 and 230 kW EESM,BMX,,0.0,,Wed Feb 18 00:00:00 EST 2026,Wed Feb 18 00:00:00 EST 2026,N,0,0,0,,,,,,,,,
0.0815999999999999,0.0,0.0,8.0,99.61,0,0.0,0.0,33.837,0.0,0,-1,0.0,0.0,98.7183,0,0.0,34.1426,0.0,0.0,,,All-Wheel Drive,525,,9,750,0,Electricity,Electricity,10,-1,97.65,0,0.0,0.0,34.5161,0.0,0,0,50194,0,11,BMW,i5 M60 xDrive Sedan (19 inch Wheels),N,False,0,98,277,279.0,0.0,274.0,0.0,Automatic (A1),142.3,0.0,139.5,0.0,Compact Cars,2026,8250,i5,,,,,EV,,,192 and 250 kW EESM,BMX,,0.0,,Wed Feb 18 00:00:00 EST 2026,Wed Feb 18 00:00:00 EST 2026,N,0,0,0,,,,,,,,,
0.0863999999999999,0.0,0.0,8.0,95.97,0,0.0,0.0,35.1204,0.0,0,-1,0.0,0.0,94.0995,0,0.0,35.8185,0.0,0.0,,,All-Wheel Drive,526,,9,800,0,Electricity,Electricity,10,-1,91.91,0,0.0,0.0,36.6717,0.0,0,0,50195,0,11,BMW,i5 M60 xDrive Sedan (20 inch Wheels),N,False,0,98,266,271.0,0.0,260.0,0.0,Automatic (A1),137.1,0.0,131.3,0.0,Compact Cars,2026,8000,i5,,,,,EV,,,192 and 250 kW EESM,BMX,,0.0,,Wed Feb 18 00:00:00 EST 2026,Wed Feb 18 00:00:00 EST 2026,N,0,0,0,,,,,,,,,
0.0887999999999999,0.0,0.0,8.0,92.33,0,0.0,0.0,36.5049,0.0,0,-1,0.0,0.0,90.7871,0,0.0,37.1253,0.0,0.0,,,All-Wheel Drive,527,,9,850,0,Electricity,Electricity,10,-1,88.97,0,0.0,0.0,37.8836,0.0,0,0,50196,0,11,BMW,i5 M60 xDrive Sedan (21 inch Wheels),N,False,0,98,259,263.0,0.0,254.0,0.0,Automatic (A1),131.9,0.0,127.1,0.0,Compact Cars,2026,7750,i5,,,,,EV,,,192 and 250 kW EESM,BMX,,0.0,,Wed Feb 18 00:00:00 EST 2026,Wed Feb 18 00:00:00 EST 2026,N,0,0,0,,,,,,,,,
0.1008,0.0,0.0,8.0,84.4304,0,0.0,0.0,39.9204,0.0,0,-1,0.0,0.0,80.8295,0,0.0,41.6988,0.0,0.0,,,All-Wheel Drive,445,,9,950,0,Electricity,Electricity,10,-1,76.8249,0,0.0,0.0,43.8724,0.0,0,0,50197,0,14,Cadillac,CELESTIQ,N,False,0,107,303,316.0,0.0,287.0,0.0,Automatic (A1),115.8343,0.0,105.3999,0.0,Small Station Wagons,2026,7250,CELESTIQ,,,,,EV,,,205 and 260 kW ACPM,GMX,,0.0,,Wed Feb 18 00:00:00 EST 2026,Wed Feb 18 00:00:00 EST 2026,N,0,0,0,105.0,,5.5,,19.2,200.0,CCS,,
0.0696,0.0,0.0,6.2,126.8911,0,0.0,0.0,26.5621,0.0,0,-1,0.0,0.0,115.5041,0,0.0,29.1808,0.0,0.0,,,Front-Wheel Drive,403,,9,650,0,Electricity,Electricity,10,-1,104.0878,0,0.0,0.0,32.3813,0.0,7,72,50198,0,0,Fiat,500e,N,False,0,0,149,162.0,0.0,133.0,0.0,Automatic (A1),181.3,0.0,148.7,0.0,Minicompact Cars,2026,8750,500e,,,,,EV,,,87 kW DCPM,CRX,,0.0,,Wed Feb 18 00:00:00 EST 2026,Wed Feb 18 00:00:00 EST 2026,N,0,0,0,37.3,,3.4,,11.0,85.0,CCS2,,
0.0744,0.0,0.0,6.2,120.61,0,0.0,0.0,27.9454,0.0,0,-1,0.0,0.0,110.3899,0,0.0,30.5327,0.0,0.0,,,Front-Wheel Drive,404,,9,700,0,Electricity,Electricity,10,-1,100.03,0,0.0,0.0,33.6949,0.0,7,72,50199,0,0,Fiat,500e All Season,N,False,0,0,141,153.0,0.0,127.0,0.0,Automatic (A1),172.3,0.0,142.9,0.0,Minicompact Cars,2026,8500,500e,,,,,EV,,,87 kW DCPM,CRX,,0.0,,Wed Feb 18 00:00:00 EST 2026,Wed Feb 18 00:00:00 EST 2026,N,0,0,0,,,,,,,,,
0.0815999999999999,0.0,0.0,7.7,104.37,0,0.0,0.0,32.2938,0.0,0,-1,0.0,0.0,100.2075,0,0.0,33.6352,0.0,0.0,,,All-Wheel Drive,131,,9,750,0,Electricity,Electricity,10,-1,95.55,0,0.0,0.0,35.2747,0.0,0,0,50200,0,0,Ford,Mustang Mach-E AWD,N,False,0,0,240,249.0,0.0,228.0,0.0,Automatic (A1),149.1,0.0,136.5,0.0,Small Sport Utility Vehicle 4WD,2026,8250,Mustang Mach-E,,,,,EV,,,242 kW ACPM,FMX,,0.0,,Wed Feb 18 00:00:00 EST 2026,Wed Feb 18 00:00:00 EST 2026,N,0,0,0,91.0,,8.3,,11.0,150.0,CCS,4.8,
0.0768,0.0,0.0,10.2,110.18,0,0.0,0.0,30.5909,0.0,0,-1,0.0,0.0,104.4868,0,0.0,32.2577,0.0,0.0,,,All-Wheel Drive,132,,9,750,0,Electricity,Electricity,10,-1,98.28,0,0.0,0.0,34.2949,0.0,0,0,50201,0,0,Ford,Mustang Mach-E AWD Extended,N,False,0,0,300,315.0,0.0,281.0,0.0,Automatic (A1),157.4,0.0,140.4,0.0,Small Sport Utility Vehicle 4WD,2026,8250,Mustang Mach-E,,,,,EV,,,258 kW ACPM,FMX,,0.0,,Wed Feb 18 00:00:00 EST 2026,Wed Feb 18 00:00:00 EST 2026,N,0,0,0,,,,,,,,,
0.0887999999999999,0.0,0.0,9.9,94.99,0,0.0,0.0,35.4827,0.0,0,-1,0.0,0.0,90.1373,0,0.0,37.393,0.0,0.0,,,All-Wheel Drive,133,,9,850,0,Electricity,Electricity,10,-1,84.84,0,0.0,0.0,39.7277,0.0,0,0,50202,0,0,Ford,Mustang Mach-E GT,N,False,0,0,280,294.0,0.0,263.0,0.0,Automatic (A1),135.7,0.0,121.2,0.0,Small Sport Utility Vehicle 4WD,2026,7750,Mustang Mach-E,,,,,EV,,,179 kW ACPM,FMX,,0.0,,Wed Feb 18 00:00:00 EST 2026,Wed Feb 18 00:00:00 EST 2026,N,0,0,0,,,,,,,,,
0.096,0.0,0.0,10.0,89.39,0,0.0,0.0,37.7056,0.0,0,-1,0.0,0.0,83.9406,0,0.0,40.1534,0.0,0.0,,,All-Wheel Drive,130,,9,900,0,Electricity,Electricity,10,-1,78.12,0,0.0,0.0,43.1452,0.0,0,0,50203,0,0,Ford,Mustang Mach-E Rally,N,False,0,0,255,270.0,0.0,236.0,0.0,Automatic (A1),127.7,0.0,111.6,0.0,Small Sport Utility Vehicle 4WD,2026,7500,Mustang Mach-E,,,,,EV,,,179 kW ACPM,FMX,,0.0,,Wed Feb 18 00:00:00 EST 2026,Wed Feb 18 00:00:00 EST 2026,N,0,0,0,,,,,,,,,
0.0744,0.0,0.0,7.8,111.02,0,0.0,0.0,30.3594,0.0,0,-1,0.0,0.0,107.2128,0,0.0,31.4375,0.0,0.0,,,Rear-Wheel Drive,134,,9,700,0,Electricity,Electricity,10,-1,102.9,0,0.0,0.0,32.7551,0.0,0,0,50204,0,0,Ford,Mustang Mach-E RWD,N,False,0,0,260,269.0,0.0,249.0,0.0,Automatic (A1),158.6,0.0,147.0,0.0,Small Sport Utility Vehicle 2WD,2026,8500,Mustang Mach-E,,,,,EV,,,197 kW ACPM,FMX,,0.0,,Wed Feb 18 00:00:00 EST 2026,Wed Feb 18 00:00:00 EST 2026,N,0,0,0,91.0,,8.3,,11.0,150.0,CCS,4.8,
0.0744,0.0,0.0,9.6,115.29,0,0.0,0.0,29.235,0.0,0,-1,0.0,0.0,109.8951,0,0.0,30.6702,0.0,0.0,,,Rear-Wheel Drive,136,,9,700,0,Electricity,Electricity,10,-1,103.95,0,0.0,0.0,32.4242,0.0,0,0,50205,0,0,Ford,Mustang Mach-E RWD Extended,N,False,0,0,320,335.0,0.0,302.0,0.0,Automatic (A1),164.7,0.0,148.5,0.0,Small Sport Utility Vehicle 2WD,2026,8500,Mustang Mach-E,,,,,EV,,,207 kW ACPM,FMX,,0.0,,Wed Feb 18 00:00:00 EST 2026,Wed Feb 18 00:00:00 EST 2026,N,0,0,0,,,,,,,,,
0.0815999999999999,0.0,0.0,9.5,107.7739,0,0.0,0.0,31.2738,0.0,0,-1,0.0,0.0,98.9213,0,0.0,34.0725,0.0,0.0,,,All-Wheel Drive,712,,9,750,0,Electricity,Electricity,10,-1,89.8963,0,0.0,0.0,37.4932,0.0,0,0,50206,0,26,Honda,Prologue AWD,N,False,0,107,294,318.0,0.0,265.0,0.0,Automatic (A1),153.9627,0.0,128.4234,0.0,Standard Sport Utility Vehicle 4WD,2026,8250,Prologue,,,,,EV,,,67 and 180 kW ACPM,HNX,,0.0,,Wed Feb 18 00:00:00 EST 2026,Wed Feb 18 00:00:00 EST 2026,N,0,0,0,81.7,,7.1,,11.5,155.0,CCS,5.7,
0.0839999999999999,0.0,0.0,9.5,104.02,0,0.0,0.0,32.4024,0.0,0,-1,0.0,0.0,95.4948,0,0.0,35.2951,0.0,0.0,,,All-Wheel Drive,713,,9,800,0,Electricity,Electricity,10,-1,86.8,0,0.0,0.0,38.8306,0.0,0,0,50207,0,26,Honda,Prologue AWD,N,False,0,107,283,306.0,0.0,255.0,0.0,Automatic (A1),148.6,0.0,124.0,0.0,Standard Sport Utility Vehicle 4WD,2026,8000,Prologue,,,,,EV,,,67 and 180 kW ACPM,HNX,,0.0,,Wed Feb 18 00:00:00 EST 2026,Wed Feb 18 00:00:00 EST 2026,N,0,0,0,81.7,,7.1,,11.5,155.0,CCS,5.7,
0.0791999999999999,0.0,0.0,9.5,112.7,0,0.0,0.0,29.9068,0.0,0,-1,0.0,0.0,103.5597,0,0.0,32.5465,0.0,0.0,,,Front-Wheel Drive,711,,9,750,0,Electricity,Electricity,10,-1,94.22,0,0.0,0.0,35.7727,0.0,0,0,50208,0,26,Honda,Prologue FWD,N,False,0,107,308,333.0,0.0,278.0,0.0,Automatic (A1),161.0,0.0,134.6,0.0,Standard Sport Utility Vehicle 2WD,2026,8250,Prologue,,,,,EV,,,180 kW ACPM,HNX,,0.0,,Wed Feb 18 00:00:00 EST 2026,Wed Feb 18 00:00:00 EST 2026,N,0,0,0,81.7,,7.1,,11.5,155.0,CCS,5.7,
0.0863999999999999,0.0,0.0,10.0,100.45,0,0.0,0.0,33.554,0.0,0,-1,0.0,0.0,93.1067,0,0.0,36.2004,0.0,0.0,,,All-Wheel Drive,9,,9,800,0,Electricity,Electricity,10,-1,85.47,0,0.0,0.0,39.4349,0.0,0,0,50209,0,0,Jeep,Wagoneer S AWD (Falken tire),N,False,0,0,294,315.0,0.0,268.0,0.0,Automatic (A1),143.5,0.0,122.1,0.0,Standard Sport Utility Vehicle 4WD,2026,8000,Wagoneer,,,,,EV,,,250 kW DCPM,CRX,,0.0,,Wed Feb 18 00:00:00 EST 2026,Wed Feb 18 00:00:00 EST 2026,N,0,0,0,,,,,,,,,
0.0936,0.0,0.0,10.0,90.3,0,0.0,0.0,37.3256,0.0,0,-1,0.0,0.0,86.176,0,0.0,39.1118,0.0,0.0,,,All-Wheel Drive,10,,9,900,0,Electricity,Electricity,10,-1,81.62,0,0.0,0.0,41.295,0.0,0,0,50210,0,0,Jeep,Wagoneer S AWD (Pirelli tire),N,False,0,0,268,280.0,0.0,253.0,0.0,Automatic (A1),129.0,0.0,116.6,0.0,Standard Sport Utility Vehicle 4WD,2026,7500,Wagoneer,,,,,EV,,,250 kW DCPM,CRX,,0.0,,Wed Feb 18 00:00:00 EST 2026,Wed Feb 18 00:00:00 EST 2026,N,0,0,0,,,,,,,,,
0.0984,0.0,0.0,8.6,87.0,0,0.0,0.0,39.0,0.0,0,-1,0.0,0.0,83.0,0,0.0,41.0,0.0,0.0,,,All-Wheel Drive,33,,9,900,0,Electricity,Electricity,10,-1,79.0,0,0.0,0.0,43.0,0.0,0,0,50211,0,0,Kia,EV6 AWD GT,N,False,0,0,231,241.0,0.0,219.0,0.0,Automatic (A1),125.5,0.0,114.1,0.0,Small Sport Utility Vehicle 4WD,2026,7500,EV6,,,,,EV,,,175 and 303 kW PMSM,KMX,,0.0,,Wed Feb 18 00:00:00 EST 2026,Wed Mar 18 00:00:00 EDT 2026,N,0,0,0,,,,,,,,,
0.0768,0.0,0.0,8.8,117.0,0,0.0,0.0,30.0,0.0,0,-1,0.0,0.0,106.0,0,0.0,31.5813,0.0,0.0,,,All-Wheel Drive,34,,9,700,0,Electricity,Electricity,10,-1,95.0,0,0.0,0.0,35.1717,0.0,0,0,50212,0,0,Kia,EV6 Long Range AWD (19 inch Wheels),N,False,0,0,295,322.0,0.0,262.0,0.0,Automatic (A1),168.1,0.0,136.9,0.0,Small Sport Utility Vehicle 4WD,2026,8500,EV6,,,,,EV,,,74 and 165  kW PMSM,KMX,,0.0,,Wed Feb 18 00:00:00 EST 2026,Wed Mar 18 00:00:00 EDT 2026,N,0,0,0,,,,,,,,,
0.0839999999999999,0.0,0.0,8.9,106.19,0,0.0,0.0,31.7403,0.0,0,-1,0.0,0.0,97.4538,0,0.0,34.5856,0.0,0.0,,,All-Wheel Drive,35,,9,800,0,Electricity,Electricity,10,-1,88.55,0,0.0,0.0,38.0632,0.0,0,0,50213,0,0,Kia,EV6 Long Range AWD (20 inch Wheels),N,False,0,0,270,292.0,0.0,243.0,0.0,Automatic (A1),151.7,0.0,126.5,0.0,Small Sport Utility Vehicle 4WD,2026,8000,EV6,,,,,EV,,,74 and 165  kW PMSM,KMX,,0.0,,Wed Feb 18 00:00:00 EST 2026,Wed Feb 18 00:00:00 EST 2026,N,0,0,0,,,,,,,,,
0.072,0.0,0.0,9.0,127.54,0,0.0,0.0,26.427,0.0,0,-1,0.0,0.0,113.9386,0,0.0,29.5817,0.0,0.0,,,Rear-Wheel Drive,37,,9,650,0,Electricity,Electricity,10,-1,100.8,0,0.0,0.0,33.4375,0.0,0,0,50214,0,0,Kia,EV6 Long Range RWD,N,False,0,0,319,352.0,0.0,278.0,0.0,Automatic (A1),182.2,0.0,144.0,0.0,Small Sport Utility Vehicle 2WD,2026,8750,EV6,,,,,EV,,,168  kW PMSM,KMX,,0.0,,Wed Feb 18 00:00:00 EST 2026,Wed Feb 18 00:00:00 EST 2026,N,0,0,0,,,,,,,,,
0.0696,0.0,0.0,6.2,127.89,0,0.0,0.0,26.3547,0.0,0,-1,0.0,0.0,115.33,0,0.0,29.2248,0.0,0.0,,,Rear-Wheel Drive,36,,9,650,0,Electricity,Electricity,10,-1,102.97,0,0.0,0.0,32.7328,0.0,0,0,50215,0,0,Kia,EV6 Standard Range RWD,N,False,0,0,237,260.0,0.0,209.0,0.0,Automatic (A1),182.7,0.0,147.1,0.0,Small Sport Utility Vehicle 2WD,2026,8750,EV6,,,,,EV,,,125  kW PMSM,KMX,,0.0,,Wed Feb 18 00:00:00 EST 2026,Wed Feb 18 00:00:00 EST 2026,N,0,0,0,,,,,,,,,
0.0672,0.0,0.0,8.0,128.87,0,0.0,0.0,26.1543,0.0,0,-1,0.0,0.0,119.8048,0,0.0,28.1333,0.0,0.0,,,Front-Wheel Drive,152,,9,650,0,Electricity,Electricity,10,-1,110.32,0,0.0,0.0,30.552,0.0,0,0,50216,0,0,Lexus,RZ 350e FWD (20 inch wheels),N,False,0,0,284,304.0,0.0,260.0,0.0,Automatic (A1),184.1,0.0,157.6,0.0,Small Sport Utility Vehicle 2WD,2026,8750,RZ,,,,,EV,,,167 kW AC Synchronous,TYX,,0.0,,Wed Feb 18 00:00:00 EST 2026,Wed Feb 18 00:00:00 EST 2026,N,0,0,0,,,,,,,,,
0.0744,0.0,0.0,8.0,120.12,0,0.0,0.0,28.0594,0.0,0,-1,0.0,0.0,110.3924,0,0.0,30.532,0.0,0.0,,,All-Wheel Drive,154,,9,700,0,Electricity,Electricity,10,-1,100.45,0,0.0,0.0,33.554,0.0,0,0,50217,0,0,Lexus,RZ 450e AWD (18 inch wheels),N,False,0,0,264,285.0,0.0,238.0,0.0,Automatic (A1),171.6,0.0,143.5,0.0,Small Sport Utility Vehicle 4WD,2026,8500,RZ,,,,,EV,,,167 kW AC Synchronous,TYX,,0.0,,Wed Feb 18 00:00:00 EST 2026,Wed Feb 18 00:00:00 EST 2026,N,0,0,0,,,,,,,,,
0.0744,0.0,0.0,8.0,117.18,0,0.0,0.0,28.7634,0.0,0,-1,0.0,0.0,108.1496,0,0.0,31.1651,0.0,0.0,,,All-Wheel Drive,156,,9,700,0,Electricity,Electricity,10,-1,98.84,0,0.0,0.0,34.1006,0.0,0,0,50218,0,0,Lexus,RZ 450e AWD (20 inch wheels - 235/50R20),N,False,0,0,257,276.0,0.0,233.0,0.0,Automatic (A1),167.4,0.0,141.2,0.0,Small Sport Utility Vehicle 4WD,2026,8500,RZ,,,,,EV,,,167 kW AC Synchronous,TYX,,0.0,,Wed Feb 18 00:00:00 EST 2026,Wed Feb 18 00:00:00 EST 2026,N,0,0,0,,,,,,,,,
0.0839999999999999,0.0,0.0,8.0,102.0,0,0.0,0.0,32.7328,0.0,0,-1,0.0,0.0,95.0,0,0.0,35.2268,0.0,0.0,,,All-Wheel Drive,149,,9,800,0,Electricity,Electricity,10,-1,87.0,0,0.0,0.0,39.0,0.0,0,0,50219,0,0,Lexus,"RZ 450e AWD (20 inch wheels - 235/50R20,255/45R20)",N,False,0,0,228,244.0,0.0,209.0,0.0,Automatic (A1),147.1,0.0,125.8,0.0,Small Sport Utility Vehicle 4WD,2026,8000,RZ,,,,,EV,,,167 kW AC Synchronous,TYX,,0.0,,Wed Feb 18 00:00:00 EST 2026,Wed Mar 18 00:00:00 EDT 2026,N,0,0,0,,,,,,,,,
0.0839999999999999,0.0,0.0,8.0,102.48,0,0.0,0.0,32.8893,0.0,0,-1,0.0,0.0,95.4467,0,0.0,35.3129,0.0,0.0,,,All-Wheel Drive,57,,9,800,0,Electricity,Electricity,10,-1,88.06,0,0.0,0.0,38.275,0.0,0,0,50220,0,0,Lexus,RZ 550e AWD,N,False,0,0,229,244.0,0.0,210.0,0.0,Automatic (A1),146.4,0.0,125.8,0.0,Small Sport Utility Vehicle 4WD,2026,8000,RZ,,,,,EV,,,167 kW AC Synchronous,TYX,,0.0,,Wed Feb 18 00:00:00 EST 2026,Wed Feb 18 00:00:00 EST 2026,N,0,0,0,,,,,,,,,
0.072,0.0,0.0,9.5,115.2741,0,0.0,0.0,29.239,0.0,0,-1,0.0,0.0,111.1076,0,0.0,30.3355,0.0,0.0,,,All-Wheel Drive,36,,9,700,0,Electricity,Electricity,10,-1,106.4069,0,0.0,0.0,31.6756,0.0,0,0,50221,0,0,Lucid,Gravity Touring w/20F21R wheels,N,False,0,0,337,349.0,0.0,322.0,0.0,Automatic (A1),161.2,0.0,148.8,0.0,Standard Sport Utility Vehicle 4WD,2026,8500,Gravity,,,,,EV,,,399 kW ACPM,LMU,,0.0,,Wed Feb 18 00:00:00 EST 2026,Wed Feb 18 00:00:00 EST 2026,N,0,0,0,,,,,,,,,
0.0839999999999999,0.0,0.0,8.0,98.56,0,0.0,0.0,34.1974,0.0,0,-1,0.0,0.0,96.3263,0,0.0,34.9904,0.0,0.0,,,All-Wheel Drive,98,,9,800,0,Electricity,Electricity,10,-1,93.73,0,0.0,0.0,35.9597,0.0,26,96,50222,0,0,MINI,Countryman SE ALL4 (18 inch Wheels),N,False,0,0,212,217.0,0.0,206.0,0.0,Automatic (A1),140.8,0.0,133.9,0.0,Small Sport Utility Vehicle 4WD,2026,8000,Countryman,,,,,EV,,,140 and 140 kW EESM,BMX,,0.0,,Wed Feb 18 00:00:00 EST 2026,Wed Feb 18 00:00:00 EST 2026,N,0,0,0,,,,,,,,,
0.0887999999999999,0.0,0.0,8.0,94.22,0,0.0,0.0,35.7727,0.0,0,-1,0.0,0.0,91.4462,0,0.0,36.8577,0.0,0.0,,,All-Wheel Drive,99,,9,850,0,Electricity,Electricity,10,-1,88.27,0,0.0,0.0,38.184,0.0,26,96,50223,0,0,MINI,Countryman SE ALL4 (19 inch Wheels),N,False,0,0,204,210.0,0.0,197.0,0.0,Automatic (A1),134.6,0.0,126.1,0.0,Small Sport Utility Vehicle 4WD,2026,7750,Countryman,,,,,EV,,,140 and 140 kW EESM,BMX,,0.0,,Wed Feb 18 00:00:00 EST 2026,Wed Feb 18 00:00:00 EST 2026,N,0,0,0,,,,,,,,,
0.0839999999999999,0.0,0.0,10.0,101.08,0,0.0,0.0,33.3449,0.0,0,-1,0.0,0.0,95.4981,0,0.0,35.2939,0.0,0.0,,,All-Wheel Drive,15,,9,800,0,Electricity,Electricity,10,-1,89.46,0,0.0,0.0,37.6761,0.0,0,0,50224,0,28,Nissan,ARIYA e-4ORCE 63kWh,N,False,0,101,205,216.0,0.0,191.0,0.0,Automatic (A1),144.4,0.0,127.8,0.0,Small Sport Utility Vehicle 4WD,2026,8000,ARIYA,,,,,EV,,,160 kW AC 3-phase,NSX,,0.0,,Wed Feb 18 00:00:00 EST 2026,Wed Feb 18 00:00:00 EST 2026,N,0,0,0,,,,,,,,,
0.0887999999999999,0.0,0.0,13.0,97.23,0,0.0,0.0,34.6652,0.0,0,-1,0.0,0.0,91.9925,0,0.0,36.6389,0.0,0.0,,,All-Wheel Drive,9,,9,800,0,Electricity,Electricity,10,-1,86.31,0,0.0,0.0,39.0511,0.0,0,0,50225,0,28,Nissan,ARIYA e-4ORCE 87kWh,N,False,0,97,272,286.0,0.0,254.0,0.0,Automatic (A1),138.9,0.0,123.3,0.0,Small Sport Utility Vehicle 4WD,2026,8000,ARIYA,,,,,EV,,,160 kW AC 3-phase,NSX,,0.0,,Wed Feb 18 00:00:00 EST 2026,Wed Feb 18 00:00:00 EST 2026,N,0,0,0,,,,,,,,,
0.0791999999999999,0.0,0.0,10.0,108.64,0,0.0,0.0,31.0245,0.0,0,-1,0.0,0.0,101.3459,0,0.0,33.2574,0.0,0.0,,,Front-Wheel Drive,14,,9,750,0,Electricity,Electricity,10,-1,93.66,0,0.0,0.0,35.9865,0.0,0,0,50226,0,28,Nissan,ARIYA FWD 63kWh,N,False,0,101,216,230.0,0.0,199.0,0.0,Automatic (A1),155.2,0.0,133.8,0.0,Small Sport Utility Vehicle 2WD,2026,8250,ARIYA,,,,,EV,,,160 kW AC 3-phase,NSX,,0.0,,Wed Feb 18 00:00:00 EST 2026,Wed Feb 18 00:00:00 EST 2026,N,0,0,0,,,,,,,,,
0.0815999999999999,0.0,0.0,14.0,104.93,0,0.0,0.0,32.1214,0.0,0,-1,0.0,0.0,98.0577,0,0.0,34.3726,0.0,0.0,,,Front-Wheel Drive,11,,9,750,0,Electricity,Electricity,10,-1,90.79,0,0.0,0.0,37.1241,0.0,0,0,50227,0,28,Nissan,ARIYA FWD 87kWh,N,False,0,97,289,308.0,0.0,266.0,0.0,Automatic (A1),149.9,0.0,129.7,0.0,Small Sport Utility Vehicle 2WD,2026,8250,ARIYA,,,,,EV,,,178 kW AC 3-phase,NSX,,0.0,,Wed Feb 18 00:00:00 EST 2026,Wed Feb 18 00:00:00 EST 2026,N,0,0,0,,,,,,,,,
0.0887999999999999,0.0,0.0,14.0,93.24,0,0.0,0.0,36.1486,0.0,0,-1,0.0,0.0,90.1254,0,0.0,37.3979,0.0,0.0,,,All-Wheel Drive,6,,9,850,0,Electricity,Electricity,10,-1,86.59,0,0.0,0.0,38.9248,0.0,0,0,50228,0,28,Nissan,ARIYA PLATINUM+ e-4ORCE 87kWh 19in. Wheels,N,False,0,97,267,276.0,0.0,256.0,0.0,Automatic (A1),133.2,0.0,123.7,0.0,Small Sport Utility Vehicle 4WD,2026,7750,ARIYA,,,,,EV,,,160 kW AC 3-phase,NSX,,0.0,,Wed Feb 18 00:00:00 EST 2026,Wed Feb 18 00:00:00 EST 2026,N,0,0,0,,,,,,,,,
0.0911999999999999,0.0,0.0,11.0,94.92,0,0.0,0.0,35.5088,0.0,0,-1,0.0,0.0,89.8174,0,0.0,37.5261,0.0,0.0,,,All-Wheel Drive,288,,9,850,0,Electricity,Electricity,10,-1,84.28,0,0.0,0.0,39.9917,0.0,0,0,50229,0,0,Polestar,3 Long Range Dual Motor (21 Inch Wheels),N,False,0,0,312,329.0,0.0,292.0,0.0,Automatic (A1),135.6,0.0,120.4,0.0,Standard Sport Utility Vehicle 4WD,2026,7750,3,,,,,EV,,,150 and 280 kW PMSM,VVX,,0.0,,Wed Feb 18 00:00:00 EST 2026,Wed Feb 18 00:00:00 EST 2026,N,0,0,0,,,,,,,,,
0.1008,0.0,0.0,11.0,85.47,0,0.0,0.0,39.4349,0.0,0,-1,0.0,0.0,81.1203,0,0.0,41.5494,0.0,0.0,,,All-Wheel Drive,289,,9,950,0,Electricity,Electricity,10,-1,76.37,0,0.0,0.0,44.1338,0.0,0,0,50230,0,0,Polestar,3 Long Range Dual Motor (22 Inch Wheels),N,False,0,0,281,295.0,0.0,264.0,0.0,Automatic (A1),122.1,0.0,109.1,0.0,Standard Sport Utility Vehicle 4WD,2026,7250,3,,,,,EV,,,150 and 250 kW PMSM,VVX,,0.0,,Wed Feb 18 00:00:00 EST 2026,Wed Feb 18 00:00:00 EST 2026,N,0,0,0,,,,,,,,,
0.1008,0.0,0.0,11.0,85.47,0,0.0,0.0,39.4349,0.0,0,-1,0.0,0.0,81.1203,0,0.0,41.5494,0.0,0.0,,,All-Wheel Drive,286,,9,950,0,Electricity,Electricity,10,-1,76.37,0,0.0,0.0,44.1338,0.0,0,0,50231,0,0,Polestar,3 Long Range Dual Motor Performance Pack,N,False,0,0,281,295.0,0.0,264.0,0.0,Automatic (A1),122.1,0.0,109.1,0.0,Standard Sport Utility Vehicle 4WD,2026,7250,3,,,,,EV,,,220 and 280 kW PMSM,VVX,,0.0,,Wed Feb 18 00:00:00 EST 2026,Wed Feb 18 00:00:00 EST 2026,N,0,0,0,,,,,,,,,
0.0839999999999999,0.0,0.0,10.0,102.06,0,0.0,0.0,33.0247,0.0,0,-1,0.0,0.0,94.9501,0,0.0,35.4976,0.0,0.0,,,Rear-Wheel Drive,290,,9,800,0,Electricity,Electricity,10,-1,87.5,0,0.0,0.0,38.52,0.0,0,0,50232,0,0,Polestar,3 Long Range Single Motor (20 Inch Wheels),N,False,0,0,286,306.0,0.0,262.0,0.0,Automatic (A1),145.8,0.0,125.0,0.0,Standard Sport Utility Vehicle 2WD,2026,8000,3,,,,,EV,,,245 kW PMSM,VVX,,0.0,,Wed Feb 18 00:00:00 EST 2026,Wed Feb 18 00:00:00 EST 2026,N,0,0,0,,,,,,,,,
0.0839999999999999,0.0,0.0,10.0,104.58,0,0.0,0.0,32.2289,0.0,0,-1,0.0,0.0,97.0393,0,0.0,34.7334,0.0,0.0,,,Rear-Wheel Drive,291,,9,800,0,Electricity,Electricity,10,-1,89.18,0,0.0,0.0,37.7943,0.0,0,0,50233,0,0,Polestar,3 Long Range Single Motor (21 Inch Wheels),N,False,0,0,291,312.0,0.0,266.0,0.0,Automatic (A1),149.4,0.0,127.4,0.0,Standard Sport Utility Vehicle 2WD,2026,8000,3,,,,,EV,,,245 kW PMSM,VVX,,0.0,,Wed Feb 18 00:00:00 EST 2026,Wed Feb 18 00:00:00 EST 2026,N,0,0,0,,,,,,,,,
0.1008,0.0,0.0,13.0,83.51,0,0.0,0.0,40.3604,0.0,0,-1,0.0,0.0,81.1978,0,0.0,41.5097,0.0,0.0,,,All-Wheel Drive,705,,9,950,0,Electricity,Electricity,10,-1,78.54,0,0.0,0.0,42.9144,0.0,24,90,50234,0,0,Porsche,Taycan 4 Cross Turismo,N,False,0,0,277,285.0,0.0,268.0,0.0,Automatic (A2),119.3,0.0,112.2,0.0,Midsize Cars,2026,7250,Taycan,,,,,EV,,,175 and 254 kW ACPM,PRX,,0.0,,Wed Feb 18 00:00:00 EST 2026,Wed Feb 18 00:00:00 EST 2026,N,0,0,0,,,,,,,,,
0.0936,0.0,0.0,13.0,88.9,0,0.0,0.0,37.9134,0.0,0,-1,0.0,0.0,87.026,0,0.0,38.7298,0.0,0.0,,,All-Wheel Drive,704,,9,850,0,Electricity,Electricity,10,-1,84.84,0,0.0,0.0,39.7277,0.0,0,0,50235,0,11,Porsche,Taycan 4 Perf Battery Plus,N,False,0,89,294,300.0,0.0,286.0,0.0,Automatic (A2),127.0,0.0,121.2,0.0,Compact Cars,2026,7750,Taycan,,,,,EV,,,175 and 503 kW ACPM,PRX,,0.0,,Wed Feb 18 00:00:00 EST 2026,Wed Feb 18 00:00:00 EST 2026,N,0,0,0,,,,,,,,,
0.1008,0.0,0.0,13.0,81.97,0,0.0,0.0,41.1187,0.0,0,-1,0.0,0.0,79.7909,0,0.0,42.2417,0.0,0.0,,,All-Wheel Drive,725,,9,950,0,Electricity,Electricity,10,-1,77.28,0,0.0,0.0,43.6141,0.0,24,91,50236,0,0,Porsche,Taycan 4S Cross Turismo,N,False,0,0,272,279.0,0.0,263.0,0.0,Automatic (A2),117.1,0.0,110.4,0.0,Midsize Cars,2026,7250,Taycan,,,,,EV,,,201 and 503 kW ACPM,PRX,,0.0,,Wed Feb 18 00:00:00 EST 2026,Wed Feb 18 00:00:00 EST 2026,N,0,0,0,,,,,,,,,
0.0936,0.0,0.0,13.0,89.32,0,0.0,0.0,37.7351,0.0,0,-1,0.0,0.0,87.4462,0,0.0,38.5437,0.0,0.0,,,All-Wheel Drive,721,,9,850,0,Electricity,Electricity,10,-1,85.26,0,0.0,0.0,39.532,0.0,0,0,50237,0,12,Porsche,Taycan 4S Perf Battery Plus,N,False,0,89,295,301.0,0.0,287.0,0.0,Automatic (A2),127.6,0.0,121.8,0.0,Compact Cars,2026,7750,Taycan,,,,,EV,,,150 and 201 kW ACPM,PRX,,0.0,,Wed Feb 18 00:00:00 EST 2026,Wed Feb 18 00:00:00 EST 2026,N,0,0,0,,,,,,,,,
0.0863999999999999,0.0,0.0,13.0,94.22,0,0.0,0.0,35.7727,0.0,0,-1,0.0,0.0,93.0041,0,0.0,36.2403,0.0,0.0,,,All-Wheel Drive,722,,9,800,0,Electricity,Electricity,10,-1,91.56,0,0.0,0.0,36.8119,0.0,0,0,50238,0,12,Porsche,Taycan 4S Perf Battery Plus 19in All-Season (M+S),N,False,0,89,315,319.0,0.0,310.0,0.0,Automatic (A2),134.6,0.0,130.8,0.0,Compact Cars,2026,8000,Taycan,,,,,EV,,,150 and 175 kW ACPM,PRX,,0.0,,Wed Feb 18 00:00:00 EST 2026,Wed Feb 18 00:00:00 EST 2026,N,0,0,0,,,,,,,,,
0.0911999999999999,0.0,0.0,11.5,90.37,0,0.0,0.0,37.2967,0.0,0,-1,0.0,0.0,87.6597,0,0.0,38.4498,0.0,0.0,,,All-Wheel Drive,720,,9,850,0,Electricity,Electricity,10,-1,84.56,0,0.0,0.0,39.8593,0.0,0,0,50239,0,12,Porsche,Taycan 4S Performance Battery,N,False,0,89,252,260.0,0.0,243.0,0.0,Automatic (A2),129.1,0.0,120.8,0.0,Compact Cars,2026,7750,Taycan,,,,,EV,,,235 and 254 kW ACPM,PRX,,0.0,,Wed Feb 18 00:00:00 EST 2026,Wed Feb 18 00:00:00 EST 2026,N,0,0,0,,,,,,,,,
0.0936,0.0,0.0,13.0,87.92,0,0.0,0.0,38.336,0.0,0,-1,0.0,0.0,86.474,0,0.0,38.977,0.0,0.0,,,All-Wheel Drive,770,,9,900,0,Electricity,Electricity,10,-1,84.77,0,0.0,0.0,39.7605,0.0,0,0,50240,0,11,Porsche,Taycan GTS,N,False,0,89,293,298.0,0.0,287.0,0.0,Automatic (A2),125.6,0.0,121.1,0.0,Compact Cars,2026,7500,Taycan,,,,,EV,,,234 and 503 kW ACPM,PRX,,0.0,,Wed Feb 18 00:00:00 EST 2026,Wed Feb 18 00:00:00 EST 2026,N,0,0,0,,,,,,,,,
0.0984,0.0,0.0,13.0,83.72,0,0.0,0.0,40.2592,0.0,0,-1,0.0,0.0,82.1079,0,0.0,41.0496,0.0,0.0,,,All-Wheel Drive,772,,9,900,0,Electricity,Electricity,10,-1,80.22,0,0.0,0.0,42.0157,0.0,24,90,50241,0,0,Porsche,Taycan GTS Sport Turismo,N,False,0,0,279,284.0,0.0,272.0,0.0,Automatic (A2),119.6,0.0,114.6,0.0,Midsize Cars,2026,7500,Taycan,,,,,EV,,,234 and 415 kW ACPM,PRX,,0.0,,Wed Feb 18 00:00:00 EST 2026,Wed Feb 18 00:00:00 EST 2026,N,0,0,0,,,,,,,,,
0.0887999999999999,0.0,0.0,11.5,93.66,0,0.0,0.0,35.9865,0.0,0,-1,0.0,0.0,90.9194,0,0.0,37.0713,0.0,0.0,,,Rear-Wheel Drive,701,,9,850,0,Electricity,Electricity,10,-1,87.78,0,0.0,0.0,38.3971,0.0,0,0,50242,0,12,Porsche,Taycan Performance Battery,N,False,0,90,274,282.0,0.0,264.0,0.0,Automatic (A2),133.8,0.0,125.4,0.0,Compact Cars,2026,7750,Taycan,,,,,EV,,,300 and 320 kW ACPM,PRX,,0.0,,Wed Feb 18 00:00:00 EST 2026,Wed Feb 18 00:00:00 EST 2026,N,0,0,0,,,,,,,,,
0.0936,0.0,0.0,13.0,87.71,0,0.0,0.0,38.4278,0.0,0,-1,0.0,0.0,85.6691,0,0.0,39.3432,0.0,0.0,,,All-Wheel Drive,740,,9,900,0,Electricity,Electricity,10,-1,83.3,0,0.0,0.0,40.4622,0.0,0,0,50243,0,11,Porsche,Taycan Turbo,N,False,0,89,292,299.0,0.0,284.0,0.0,Automatic (A2),125.3,0.0,119.0,0.0,Compact Cars,2026,7500,Taycan,,,,,EV,,,234 and 554 kW ACPM,PRX,,0.0,,Wed Feb 18 00:00:00 EST 2026,Wed Feb 18 00:00:00 EST 2026,N,0,0,0,,,,,,,,,
0.1032,0.0,0.0,13.0,80.29,0,0.0,0.0,41.9791,0.0,0,-1,0.0,0.0,78.4774,0,0.0,42.9487,0.0,0.0,,,All-Wheel Drive,745,,9,950,0,Electricity,Electricity,10,-1,76.37,0,0.0,0.0,44.1338,0.0,24,92,50244,0,0,Porsche,Taycan Turbo Cross Turismo,N,False,0,0,265,271.0,0.0,258.0,0.0,Automatic (A2),114.7,0.0,109.1,0.0,Midsize Cars,2026,7250,Taycan,,,,,EV,,,175 and 234 kW ACPM,PRX,,0.0,,Wed Feb 18 00:00:00 EST 2026,Wed Feb 18 00:00:00 EST 2026,N,0,0,0,,,,,,,,,
0.0984,0.0,0.0,13.0,86.24,0,0.0,0.0,39.0828,0.0,0,-1,0.0,0.0,82.4564,0,0.0,40.8761,0.0,0.0,,,All-Wheel Drive,756,,9,900,0,Electricity,Electricity,10,-1,78.26,0,0.0,0.0,43.068,0.0,0,0,50245,0,11,Porsche,Taycan Turbo GT,N,False,0,89,276,288.0,0.0,261.0,0.0,Automatic (A2),123.2,0.0,111.8,0.0,Compact Cars,2026,7500,Taycan,,,,,EV,,,190 and 254 kW ACPM,PRX,,0.0,,Wed Feb 18 00:00:00 EST 2026,Wed Feb 18 00:00:00 EST 2026,N,0,0,0,,,,,,,,,
0.1008,0.0,0.0,13.0,84.84,0,0.0,0.0,39.7277,0.0,0,-1,0.0,0.0,80.7365,0,0.0,41.7469,0.0,0.0,,,All-Wheel Drive,757,,9,950,0,Electricity,Electricity,10,-1,76.23,0,0.0,0.0,44.2149,0.0,0,0,50246,0,11,Porsche,Taycan Turbo GT with Weissach Package,N,False,0,89,269,282.0,0.0,253.0,0.0,Automatic (A2),121.2,0.0,108.9,0.0,Compact Cars,2026,7250,Taycan,,,,,EV,,,234 and 503 kW ACPM,PRX,,0.0,,Wed Feb 18 00:00:00 EST 2026,Wed Feb 18 00:00:00 EST 2026,N,0,0,0,,,,,,,,,
0.1032,0.0,0.0,13.0,79.87,0,0.0,0.0,42.1998,0.0,0,-1,0.0,0.0,78.8137,0,0.0,42.7654,0.0,0.0,,,All-Wheel Drive,750,,9,950,0,Electricity,Electricity,10,-1,77.56,0,0.0,0.0,43.4567,0.0,0,0,50247,0,11,Porsche,Taycan Turbo S,N,False,0,89,266,270.0,0.0,262.0,0.0,Automatic (A2),114.1,0.0,110.8,0.0,Compact Cars,2026,7250,Taycan,,,,,EV,,,150 and 201 kW ACPM,PRX,,0.0,,Wed Feb 18 00:00:00 EST 2026,Wed Feb 18 00:00:00 EST 2026,N,0,0,0,,,,,,,,,
0.1056,0.0,0.0,13.0,78.96,0,0.0,0.0,42.6862,0.0,0,-1,0.0,0.0,77.2794,0,0.0,43.6145,0.0,0.0,,,All-Wheel Drive,755,,9,1000,0,Electricity,Electricity,10,-1,75.32,0,0.0,0.0,44.7491,0.0,24,93,50248,0,0,Porsche,Taycan Turbo S Cross Turismo,N,False,0,0,261,267.0,0.0,254.0,0.0,Automatic (A2),112.8,0.0,107.6,0.0,Midsize Cars,2026,7000,Taycan,,,,,EV,,,150 and 234 kW ACPM,PRX,,0.0,,Wed Feb 18 00:00:00 EST 2026,Wed Feb 18 00:00:00 EST 2026,N,0,0,0,,,,,,,,,
0.1032,0.0,0.0,12.0,89.39,0,0.0,0.0,37.7056,0.0,0,-1,0.0,0.0,77.741,0,0.0,43.3555,0.0,0.0,,,Rear-Wheel Drive,11,,9,1000,0,Electricity,Electricity,10,-1,67.06,0,0.0,0.0,50.261,0.0,0,0,50249,0,0,Tesla,Cybertruck Long Range (20in Cyber wheels),N,False,0,0,335,377.0,0.0,283.0,0.0,Automatic (A1),127.7,0.0,95.8,0.0,Standard Pickup Trucks 2WD,2026,7000,Cybertruck,,,,,EV,,,240 kW ACPM 3-Phase,TSL,,0.0,,Wed Feb 18 00:00:00 EST 2026,Wed Feb 18 00:00:00 EST 2026,N,0,0,0,,,,,,,,,
0.072,0.0,0.0,12.0,116.69,0,0.0,0.0,28.8842,0.0,0,-1,0.0,0.0,111.4393,0,0.0,30.2452,0.0,0.0,,,All-Wheel Drive,39,,9,700,0,Electricity,Electricity,10,-1,105.63,0,0.0,0.0,31.9085,0.0,0,0,50250,0,15,Tesla,Model 3 Performance AWD,N,False,0,97,314,328.0,0.0,297.0,0.0,Automatic (A1),166.7,0.0,150.9,0.0,Midsize Cars,2026,8500,Model 3,,,,,EV,,,88 and 208  kW ACPM 3-Phase,TSL,,0.0,,Wed Feb 18 00:00:00 EST 2026,Wed Feb 18 00:00:00 EST 2026,N,0,0,0,75.0,,6.8,,11.0,250.0,NACS,,
0.0576,0.0,0.0,12.1,146.86,0,0.0,0.0,22.9504,0.0,0,-1,0.0,0.0,138.6847,0,0.0,24.3033,0.0,0.0,,,Rear-Wheel Drive,30,,10,550,0,Electricity,Electricity,10,-1,129.85,0,0.0,0.0,25.9569,0.0,0,0,50251,0,15,Tesla,Model 3 Standard RWD,N,False,0,97,321,339.0,0.0,299.0,0.0,Automatic (A1),209.8,0.0,185.5,0.0,Midsize Cars,2026,9250,Model 3,,,,,EV,,,225 kW ACPM 3-Phase,TSL,,0.0,,Wed Feb 18 00:00:00 EST 2026,Wed Feb 18 00:00:00 EST 2026,N,0,0,0,75.0,,6.8,,11.0,250.0,NACS,,
0.0863999999999999,0.0,0.0,12.0,96.6248,0,0.0,0.0,34.8823,0.0,0,-1,0.0,0.0,93.0781,0,0.0,36.2115,0.0,0.0,,,All-Wheel Drive,59,,9,800,0,Electricity,Electricity,10,-1,89.0816,0,0.0,0.0,37.8361,0.0,26,94,50252,0,0,Tesla,Model S Plaid (21in wheels),N,False,0,0,309,320.0,0.0,295.0,0.0,Automatic (A1),135.0,0.0,124.0,0.0,Large Cars,2026,8000,Model S,,,,,EV,,,250 kW ACPM 3-Phase,TSL,,0.0,,Wed Feb 18 00:00:00 EST 2026,Wed Feb 18 00:00:00 EST 2026,N,0,0,0,,,,,,,,,
0.0768,0.0,0.0,12.2,110.53,0,0.0,0.0,30.494,0.0,0,-1,0.0,0.0,105.404,0,0.0,31.977,0.0,0.0,,,All-Wheel Drive,47,,9,700,0,Electricity,Electricity,10,-1,99.75,0,0.0,0.0,33.7895,0.0,0,0,50253,0,0,Tesla,Model Y Performance AWD,N,False,0,0,306,320.0,0.0,289.0,0.0,Automatic (A1),157.9,0.0,142.5,0.0,Small Sport Utility Vehicle 4WD,2026,8500,Model Y,,,,,EV,,,91 and 200 kW ACPM 3-Phase,TSL,,0.0,,Wed Feb 18 00:00:00 EST 2026,Wed Feb 18 00:00:00 EST 2026,N,0,0,0,79.0,,7.2,,11.0,250.0,NACS,,
0.0887999999999999,0.0,0.0,10.0,96.53,0,0.0,0.0,34.9166,0.0,0,-1,0.0,0.0,91.5755,0,0.0,36.8057,0.0,0.0,,,Rear-Wheel Drive,292,,9,850,0,Electricity,Electricity,10,-1,86.17,0,0.0,0.0,39.1145,0.0,0,0,50254,0,0,Volvo,EX90,N,False,0,0,276,290.0,0.0,259.0,0.0,Automatic (A1),137.9,0.0,123.1,0.0,Standard Sport Utility Vehicle 2WD,2026,7750,EX90,,,,,EV,,,245 kW PMSM,VVX,,0.0,,Wed Feb 18 00:00:00 EST 2026,Wed Feb 18 00:00:00 EST 2026,N,0,0,0,107.0,,9.7,,11.0,250.0,CCS2,,
0.0815999999999999,0.0,0.0,10.0,104.16,0,0.0,0.0,32.3589,0.0,0,-1,0.0,0.0,97.7957,0,0.0,34.4647,0.0,0.0,,,Rear-Wheel Drive,293,,9,800,0,Electricity,Electricity,10,-1,91.0,0,0.0,0.0,37.0385,0.0,0,0,50255,0,0,Volvo,EX90 (21 Inch Wheels),N,False,0,0,291,309.0,0.0,270.0,0.0,Automatic (A1),148.8,0.0,130.0,0.0,Standard Sport Utility Vehicle 2WD,2026,8000,EX90,,,,,EV,,,245 kW PMSM,VVX,,0.0,,Wed Feb 18 00:00:00 EST 2026,Wed Feb 18 00:00:00 EST 2026,N,0,0,0,,,,,,,,,
0.0936,0.0,0.0,11.0,89.67,0,0.0,0.0,37.5878,0.0,0,-1,0.0,0.0,86.0679,0,0.0,39.1609,0.0,0.0,,,All-Wheel Drive,296,,9,900,0,Electricity,Electricity,10,-1,82.04,0,0.0,0.0,41.0836,0.0,0,0,50256,0,0,Volvo,EX90 Twin Motor,N,False,0,0,298,310.0,0.0,283.0,0.0,Automatic (A1),128.1,0.0,117.2,0.0,Standard Sport Utility Vehicle 4WD,2026,7500,EX90,,,,,EV,,,130 and 220 kW PMSM,VVX,,0.0,,Wed Feb 18 00:00:00 EST 2026,Wed Feb 18 00:00:00 EST 2026,N,0,0,0,,,,,,,,,
0.0911999999999999,0.0,0.0,11.0,91.91,0,0.0,0.0,36.6717,0.0,0,-1,0.0,0.0,87.9649,0,0.0,38.3164,0.0,0.0,,,All-Wheel Drive,297,,9,850,0,Electricity,Electricity,10,-1,83.58,0,0.0,0.0,40.3266,0.0,0,0,50257,0,0,Volvo,EX90 Twin Motor (21 Inch Wheels),N,False,0,0,305,318.0,0.0,289.0,0.0,Automatic (A1),131.1,0.0,119.4,0.0,Standard Sport Utility Vehicle 4WD,2026,7750,EX90,,,,,EV,,,205 and 220 kW PMSM,VVX,,0.0,,Wed Feb 18 00:00:00 EST 2026,Wed Feb 18 00:00:00 EST 2026,N,0,0,0,,,,,,,,,
0.0936,0.0,0.0,11.0,89.67,0,0.0,0.0,37.5878,0.0,0,-1,0.0,0.0,86.0679,0,0.0,39.1609,0.0,0.0,,,All-Wheel Drive,294,,9,900,0,Electricity,Electricity,10,-1,82.04,0,0.0,0.0,41.0836,0.0,0,0,50258,0,0,Volvo,EX90 Twin Motor Performance,N,False,0,0,298,310.0,0.0,283.0,0.0,Automatic (A1),128.1,0.0,117.2,0.0,Standard Sport Utility Vehicle 4WD,2026,7500,EX90,,,,,EV,,,205 and 280 kW PMSM,VVX,,0.0,,Wed Feb 18 00:00:00 EST 2026,Wed Feb 18 00:00:00 EST 2026,N,0,0,0,,,,,,,,,
0.0911999999999999,0.0,0.0,11.0,91.91,0,0.0,0.0,36.6717,0.0,0,-1,0.0,0.0,87.9649,0,0.0,38.3164,0.0,0.0,,,All-Wheel Drive,295,,9,850,0,Electricity,Electricity,10,-1,83.58,0,0.0,0.0,40.3266,0.0,0,0,50259,0,0,Volvo,EX90 Twin Motor Performance (21 Inch Wheels),N,False,0,0,305,318.0,0.0,289.0,0.0,Automatic (A1),131.3,0.0,119.4,0.0,Standard Sport Utility Vehicle 4WD,2026,7750,EX90,,,,,EV,,,130 and 280 kW PMSM,VVX,,0.0,,Wed Feb 18 00:00:00 EST 2026,Wed Feb 18 00:00:00 EST 2026,N,0,0,0,,,,,,,,,
12.729893536704546,6.330000000000001,0.0,2.5,15.5008,45,45.0445,0.0,76.0,0.219,398,-1,0.0,398.0,17.8517,47,46.8795,72.0,0.0,0.222,6.0,2.9,Rear-Wheel Drive,171,SIDI; PHEV,4,4550,0,Premium and Electricity,Premium Gasoline,4,-1,21.9137,49,49.3359,0.0,68.0,0.227,0,0,50260,5,0,Ferrari,296 GTB,N,True,61,0,350,0.0,7.74,0.0,8.06,Automatic (AM-S8),19.2,61.2,30.5,70.2,Two Seaters,2026,-7250,296 GTB,,,T,,Plug-in Hybrid,Electricity,8.0,60 and 150 kW PMSM,FEX,,0.0,,Wed Feb 18 00:00:00 EST 2026,Wed Feb 18 00:00:00 EST 2026,Y,18,24,20,6.5,,0.9,,7.4,,Type 2,,
13.508126162857144,6.198125,0.0,2.5,15.3495,48,47.7656,0.0,71.0,0.221,403,-1,0.0,403.0,17.5805,48,48.0888,71.0,0.0,0.221,6.0,2.9,Rear-Wheel Drive,172,SIDI; PHEV,4,4550,0,Premium and Electricity,Premium Gasoline,4,-1,21.3781,48,48.4897,0.0,71.0,0.22,0,0,50261,5,0,Ferrari,296 GTS,N,True,61,0,330,0.0,7.83,0.0,7.79,Automatic (AM-S8),19.0,65.4,29.7,69.1,Two Seaters,2026,-8250,296 GTS,,,T,,Plug-in Hybrid,Electricity,7.0,137 kW PMSM,FEX,,0.0,,Wed Feb 18 00:00:00 EST 2026,Wed Feb 18 00:00:00 EST 2026,Y,17,24,20,,,,,,,,,
12.771278882045456,6.76159090909091,0.0,2.5,15.7274,44,43.7013,0.0,76.0,0.218,396,-1,0.0,396.0,18.0566,44,43.6225,75.0,0.0,0.22,6.0,2.9,Rear-Wheel Drive,191,SIDI; PHEV,4,4550,0,Premium and Electricity,Premium Gasoline,4,-1,22.0473,44,43.5266,0.0,73.0,0.222,0,0,50262,9,0,Ferrari,296 Speciale,N,True,63,0,330,0.0,7.71,0.0,7.86,Automatic (AM-S8),19.5,59.2,30.7,62.0,Two Seaters,2026,-7250,296 Speciale,,,T,,Plug-in Hybrid,Electricity,7.0,137 kW PMSM,FEX,,0.0,,Wed Feb 18 00:00:00 EST 2026,Wed Feb 18 00:00:00 EST 2026,Y,18,24,20,,,,,,,,,
12.771278882045456,6.76159090909091,0.0,2.5,15.7274,44,43.7013,0.0,76.0,0.218,396,-1,0.0,396.0,18.0566,44,43.6225,75.0,0.0,0.22,6.0,2.9,Rear-Wheel Drive,192,SIDI; PHEV,4,4550,0,Premium and Electricity,Premium Gasoline,4,-1,22.0473,44,43.5266,0.0,73.0,0.222,0,0,50263,9,0,Ferrari,296 Speciale A,N,True,63,0,330,0.0,7.71,0.0,7.86,Automatic (AM-S8),19.5,59.2,30.7,62.0,Two Seaters,2026,-7250,296 Speciale A,,,T,,Plug-in Hybrid,Electricity,7.0,137 kW PMSM,FEX,,0.0,,Wed Feb 18 00:00:00 EST 2026,Wed Feb 18 00:00:00 EST 2026,Y,18,24,20,,,,,,,,,
7.72046571,6.071632653061224,0.0,2.4,20.3076,52,51.8439,0.0,65.0,0.498,230,-1,0.0,230.0,20.0927,49,48.7766,68.0,0.0,0.487,4.0,2.0,4-Wheel Drive,538,SIDI; PHEV,5,3400,0,Regular Gas and Electricity,Regular Gasoline,7,-1,19.8362,45,45.4873,0.0,71.0,0.472,0,0,50264,0,0,Jeep,Wrangler 4dr 4xe,N,True,0,0,370,0.0,22.85,0.0,21.0,Automatic 8-spd,27.6,73.4,29.8,65.0,Small Sport Utility Vehicle 4WD,2026,-250,Wrangler,,,T,,Plug-in Hybrid,Electricity,22.0,100 kW AC Induction,CRX,,0.0,,Wed Feb 18 00:00:00 EST 2026,Wed Feb 18 00:00:00 EST 2026,Y,29,27,28,,,,,,,,,
5.960971404130435,5.312678571428571,0.0,3.4,22.8474,57,56.7442,0.0,58.0,0.538,177,-1,0.0,177.0,23.4786,56,56.4231,58.0,0.0,0.536,4.0,2.0,4-Wheel Drive,517,SIDI; PHEV,6,2950,0,Regular Gas and Electricity,Regular Gasoline,8,-1,24.299,56,56.0356,0.0,58.0,0.534,0,0,50265,0,0,Jeep,Grand Cherokee 4xe,N,True,0,0,470,0.0,25.87,0.0,25.58,Automatic 8-spd,30.3,81.1,37.4,80.1,Standard Sport Utility Vehicle 4WD,2026,1750,Grand Cherokee,,,T,,Plug-in Hybrid,Electricity,26.0,100 kW AC Induction,CRX,,0.0,,Wed Feb 18 00:00:00 EST 2026,Wed Feb 18 00:00:00 EST 2026,N,33,35,34,,,,,,,,,
4.475880368571429,4.877213114754099,0.0,2.0,25.0287,59,59.0982,0.0,56.0,0.603,133,-1,0.0,133.0,26.296,61,61.0,54.0,0.0,0.612,4.0,2.5,4-Wheel Drive,909,SIDI; PHEV,7,3150,0,Premium and Electricity,Premium Gasoline,9,-1,28.0306,65,64.8787,0.0,52.0,0.624,0,0,50266,0,0,Mazda,CX-70 SC 4WD,N,True,0,0,520,0.0,31.61,0.0,33.74,Automatic (S8),32.3,84.3,39.8,92.7,Standard Sport Utility Vehicle 4WD,2026,2250,CX-70,,,,,Plug-in Hybrid,Electricity,32.0,68 kW AC PMSM,TKX,,0.0,,Wed Feb 18 00:00:00 EST 2026,Wed Feb 18 00:00:00 EST 2026,Y,59,65,62,,,,,,,,,
5.2109685875,5.312678571428571,0.0,2.0,24.0184,52,51.5807,0.2,58.0,0.551,159,-1,0.0,159.0,25.5378,56,55.8191,56.0,0.1,0.558,4.0,2.5,4-Wheel Drive,905,SIDI; PHEV,7,3150,0,Premium and Electricity,Premium Gasoline,8,-1,27.6779,62,62.051,0.0,53.0,0.566,0,0,50267,0,0,Mazda,CX-90 4WD,N,True,0,0,500,0.0,26.95,0.0,28.17,Automatic (S8),31.0,73.2,39.2,88.6,Standard Sport Utility Vehicle 4WD,2026,1250,CX-90,,,,,Plug-in Hybrid,Electricity,27.0,68 kW AC PMSM,TKX,,0.0,,Wed Feb 18 00:00:00 EST 2026,Wed Feb 18 00:00:00 EST 2026,Y,52,62,56,,,,,,,,,
0.0648,0.0,0.0,8.0,136.0,0,0.0,0.0,24.5663,0.0,0,-1,0.0,0.0,126.0,0,0.0,26.5957,0.0,0.0,,,Front-Wheel Drive,150,,10,600,0,Electricity,Electricity,10,-1,115.0,0,0.0,0.0,29.0761,0.0,0,0,50291,0,0,Lexus,RZ 350e FWD (18 inch wheels),N,False,0,0,301,324.0,0.0,273.0,0.0,Automatic (A1),196.0,0.0,165.6,0.0,Small Sport Utility Vehicle 2WD,2026,9000,RZ,,,,,EV,,,167 kW AC Synchronous,TYX,,0.0,,Wed Mar 18 00:00:00 EDT 2026,Wed Mar 18 00:00:00 EDT 2026,N,0,0,0,,,,,,,,,
0.1008,0.0,0.0,11.0,83.23,0,0.0,0.0,40.4962,0.0,0,-1,0.0,0.0,80.7826,0,0.0,41.7231,0.0,0.0,,,All-Wheel Drive,67,,9,950,0,Electricity,Electricity,10,-1,77.98,0,0.0,0.0,43.2226,0.0,0,0,50292,0,0,Maserati,Grecale Folgore (19 inch wheels),N,False,0,0,268,276.0,0.0,258.0,0.0,Automatic (A1),118.9,0.0,111.4,0.0,Small Sport Utility Vehicle 4WD,2026,7250,Grecale,,,,,EV,,,205 kW DCPM,MAX,,0.0,,Wed Mar 18 00:00:00 EDT 2026,Wed Mar 18 00:00:00 EDT 2026,N,0,0,0,,,,,,,,,
0.1128,0.0,0.0,11.0,74.97,0,0.0,0.0,44.958,0.0,0,-1,0.0,0.0,72.2391,0,0.0,46.6576,0.0,0.0,,,All-Wheel Drive,64,,9,1050,0,Electricity,Electricity,10,-1,69.16,0,0.0,0.0,48.7348,0.0,0,0,50293,0,0,Maserati,Grecale Folgore (21 inch wheels),N,False,0,0,239,248.0,0.0,228.0,0.0,Automatic (A1),107.1,0.0,98.8,0.0,Small Sport Utility Vehicle 4WD,2026,6750,Grecale,,,,,EV,,,205 kW DCPM,MAX,,0.0,,Wed Mar 18 00:00:00 EDT 2026,Wed Mar 18 00:00:00 EDT 2026,N,0,0,0,,,,,,,,,
0.0839999999999999,0.0,0.0,11.5,103.53,0,0.0,0.0,32.5558,0.0,0,-1,0.0,0.0,95.4565,0,0.0,35.3093,0.0,0.0,,,All-Wheel Drive,330,,9,800,0,Electricity,Electricity,10,-1,87.15,0,0.0,0.0,38.6747,0.0,0,0,50294,0,0,Porsche,Macan 4 Electric,N,False,0,0,304,327.0,0.0,276.0,0.0,Automatic (A1),147.9,0.0,124.5,0.0,Small Sport Utility Vehicle 4WD,2026,8000,Macan,,,,,EV,,,"175, 280 and 495 kW ACPM",PRX,,0.0,,Wed Mar 18 00:00:00 EDT 2026,Wed Mar 18 00:00:00 EDT 2026,N,0,0,0,,,,,,,,,
0.0887999999999999,0.0,0.0,11.5,98.7,0,0.0,0.0,34.1489,0.0,0,-1,0.0,0.0,91.6068,0,0.0,36.7931,0.0,0.0,,,All-Wheel Drive,320,,9,850,0,Electricity,Electricity,10,-1,84.21,0,0.0,0.0,40.0249,0.0,0,0,50295,0,0,Porsche,Macan 4S Electric,N,False,0,0,290,311.0,0.0,265.0,0.0,Automatic (A1),141.0,0.0,120.3,0.0,Small Sport Utility Vehicle 4WD,2026,7750,Macan,,,,,EV,,,"175, 280 and 495 kW ACPM",PRX,,0.0,,Wed Mar 18 00:00:00 EDT 2026,Wed Mar 18 00:00:00 EDT 2026,N,0,0,0,,,,,,,,,
0.0839999999999999,0.0,0.0,11.5,105.7,0,0.0,0.0,31.8874,0.0,0,-1,0.0,0.0,97.4537,0,0.0,34.5857,0.0,0.0,,,Rear-Wheel Drive,302,,9,800,0,Electricity,Electricity,10,-1,88.97,0,0.0,0.0,37.8836,0.0,0,0,50296,0,0,Porsche,Macan Electric,N,False,0,0,309,333.0,0.0,280.0,0.0,Automatic (A1),151.0,0.0,127.1,0.0,Small Sport Utility Vehicle 2WD,2026,8000,Macan,,,,,EV,,,280 kW ACPM,PRX,,0.0,,Wed Mar 18 00:00:00 EDT 2026,Wed Mar 18 00:00:00 EDT 2026,N,0,0,0,95.0,,8.6,,11.0,270.0,CCS2,,
0.0887999999999999,0.0,0.0,11.5,98.98,0,0.0,0.0,34.0523,0.0,0,-1,0.0,0.0,91.814,0,0.0,36.7101,0.0,0.0,,,All-Wheel Drive,373,,9,850,0,Electricity,Electricity,10,-1,84.35,0,0.0,0.0,39.9585,0.0,0,0,50297,0,0,Porsche,Macan GTS Electric,N,False,0,0,294,315.0,0.0,268.0,0.0,Automatic (A1),141.4,0.0,120.5,0.0,Small Sport Utility Vehicle 4WD,2026,7750,Macan,,,,,EV,,,"175, 280 and 495 kW ACPM",PRX,,0.0,,Wed Mar 18 00:00:00 EDT 2026,Wed Mar 18 00:00:00 EDT 2026,N,0,0,0,,,,,,,,,
0.0887999999999999,0.0,0.0,11.5,98.63,0,0.0,0.0,34.1732,0.0,0,-1,0.0,0.0,91.4617,0,0.0,36.8515,0.0,0.0,,,All-Wheel Drive,341,,9,850,0,Electricity,Electricity,10,-1,84.0,0,0.0,0.0,40.125,0.0,0,0,50298,0,0,Porsche,Macan Turbo Electric,N,False,0,0,293,314.0,0.0,267.0,0.0,Automatic (A1),140.9,0.0,120.0,0.0,Small Sport Utility Vehicle 4WD,2026,7750,Macan,,,,,EV,,,"175, 280 and 495 kW ACPM",PRX,,0.0,,Wed Mar 18 00:00:00 EDT 2026,Wed Mar 18 00:00:00 EDT 2026,N,0,0,0,,,,,,,,,
0.072,0.0,0.0,8.0,125.0,0,0.0,0.0,26.5143,0.0,0,-1,0.0,0.0,114.0,0,0.0,30.0,0.0,0.0,,,All-Wheel Drive,100,,9,700,0,Electricity,Electricity,10,-1,103.0,0,0.0,0.0,33.0,0.0,0,0,50299,0,0,Subaru,Trailseeker 20 inch AWD,N,False,0,0,274,301.0,0.0,242.0,0.0,Automatic (A1),181.6,0.0,150.3,0.0,Small Sport Utility Vehicle 4WD,2026,8500,Trailseeker,,,,,EV,,,167 kW AC Synchronous,FJX,,0.0,,Wed Mar 18 00:00:00 EDT 2026,Wed Mar 18 00:00:00 EDT 2026,N,0,0,0,,,,,,,,,
0.0696,0.0,0.0,8.0,126.0,0,0.0,0.0,27.0,0.0,0,-1,0.0,0.0,117.0,0,0.0,29.0,0.0,0.0,,,All-Wheel Drive,99,,9,650,0,Electricity,Electricity,10,-1,107.0,0,0.0,0.0,30.8259,0.0,0,0,50300,0,0,Subaru,Trailseeker AWD,N,False,0,0,281,298.0,0.0,261.0,0.0,Automatic (A1),183.7,0.0,156.2,0.0,Small Sport Utility Vehicle 4WD,2026,8750,Trailseeker,,,,,EV,,,167 kW AC Synchronous,FJX,,0.0,,Wed Mar 18 00:00:00 EDT 2026,Wed Mar 18 00:00:00 EDT 2026,N,0,0,0,,,,,,,,,
0.0624,0.0,0.0,8.0,140.0,0,0.0,0.0,23.6377,0.0,0,-1,0.0,0.0,129.0,0,0.0,25.6644,0.0,0.0,,,Front-Wheel Drive,103,,10,600,0,Electricity,Electricity,10,-1,118.0,0,0.0,0.0,29.0,0.0,0,0,50301,0,0,Subaru,Uncharted,N,False,0,0,308,336.0,0.0,274.0,0.0,Automatic (A1),203.7,0.0,171.1,0.0,Small Sport Utility Vehicle 2WD,2026,9000,Uncharted,,,,,EV,,,167 kW AC Synchronous,FJX,,0.0,,Wed Mar 18 00:00:00 EDT 2026,Wed Mar 18 00:00:00 EDT 2026,N,0,0,0,,,,,,,,,
0.072,0.0,0.0,8.0,123.0,0,0.0,0.0,26.8395,0.0,0,-1,0.0,0.0,112.0,0,0.0,29.5015,0.0,0.0,,,All-Wheel Drive,106,,9,650,0,Electricity,Electricity,10,-1,101.0,0,0.0,0.0,32.7551,0.0,0,0,50302,0,0,Subaru,Uncharted 20 inch AWD,N,False,0,0,273,297.0,0.0,243.0,0.0,Automatic (A1),179.4,0.0,147.0,0.0,Small Sport Utility Vehicle 4WD,2026,8750,Uncharted,,,,,EV,,,87 and 167 kW AC Synchronous,FJX,,0.0,,Wed Mar 18 00:00:00 EDT 2026,Wed Mar 18 00:00:00 EDT 2026,N,0,0,0,,,,,,,,,
0.0696,0.0,0.0,8.0,127.0,0,0.0,0.0,26.0,0.0,0,-1,0.0,0.0,117.0,0,0.0,29.0,0.0,0.0,,,All-Wheel Drive,105,,9,650,0,Electricity,Electricity,10,-1,106.0,0,0.0,0.0,32.0,0.0,0,0,50303,0,0,Subaru,Uncharted AWD,N,False,0,0,287,313.0,0.0,255.0,0.0,Automatic (A1),192.3,0.0,160.7,0.0,Small Sport Utility Vehicle 4WD,2026,8750,Uncharted,,,,,EV,,,87 and 167 kW AC Synchronous,FJX,,0.0,,Wed Mar 18 00:00:00 EDT 2026,Wed Mar 18 00:00:00 EDT 2026,N,0,0,0,,,,,,,,,
0.0624,0.0,0.0,8.0,133.49,0,0.0,0.0,25.2491,0.0,0,-1,0.0,0.0,127.1933,0,0.0,26.499,0.0,0.0,,,All-Wheel Drive,44,,10,600,0,Electricity,Electricity,10,-1,120.26,0,0.0,0.0,28.0268,0.0,0,0,50304,0,0,Tesla,Model Y Standard AWD,N,False,0,0,294,308.0,0.0,277.0,0.0,Automatic (A1),190.7,0.0,171.8,0.0,Small Sport Utility Vehicle 4WD,2026,9000,Model Y,,,,,EV,,,91 and 200 kW ACPM 3-Phase,TSL,,0.0,,Wed Mar 18 00:00:00 EDT 2026,Wed Mar 18 00:00:00 EDT 2026,N,0,0,0,79.0,,7.2,,11.0,250.0,NACS,,
0.0696,0.0,0.0,8.0,127.0,0,0.0,0.0,27.0,0.0,0,-1,0.0,0.0,117.0,0,0.0,29.0,0.0,0.0,,,All-Wheel Drive,130,,9,650,0,Electricity,Electricity,10,-1,107.0,0,0.0,0.0,30.8852,0.0,0,0,50305,0,0,Toyota,bZ Woodland AWD 235/60R18,N,False,0,0,281,298.0,0.0,260.0,0.0,Automatic (A1),184.3,0.0,155.9,0.0,Small Sport Utility Vehicle 4WD,2026,8750,bZ,,,,,EV,,,167 kW AC Synchronous,TYX,,0.0,,Wed Mar 18 00:00:00 EDT 2026,Wed Mar 18 00:00:00 EDT 2026,N,0,0,0,,,,,,,,,
0.0744,0.0,0.0,8.0,117.0,0,0.0,0.0,29.0,0.0,0,-1,0.0,0.0,109.0,0,0.0,30.5844,0.0,0.0,,,All-Wheel Drive,131,,9,700,0,Electricity,Electricity,10,-1,100.0,0,0.0,0.0,34.0,0.0,0,0,50306,0,0,Toyota,bZ Woodland AWD 235/65R18,N,False,0,0,260,278.0,0.0,237.0,0.0,Automatic (A1),169.2,0.0,145.1,0.0,Small Sport Utility Vehicle 4WD,2026,8500,bZ,,,,,EV,,,167 kW AC Synchronous,TYX,,0.0,,Wed Mar 18 00:00:00 EDT 2026,Wed Mar 18 00:00:00 EDT 2026,N,0,0,0,,,,,,,,,
0.0696,0.0,0.0,8.0,127.0,0,0.0,0.0,27.0,0.0,0,-1,0.0,0.0,117.0,0,0.0,29.0,0.0,0.0,,,All-Wheel Drive,214,,9,650,0,Electricity,Electricity,10,-1,107.0,0,0.0,0.0,32.0,0.0,0,0,50307,0,0,Toyota,C-HR AWD 18inch,N,False,0,0,287,309.0,0.0,260.0,0.0,Automatic (A1),185.8,0.0,156.0,0.0,Small Sport Utility Vehicle 4WD,2026,8750,C-HR,,,,,EV,,,87 and 167 kW AC Synchronous,TYX,,0.0,,Wed Mar 18 00:00:00 EDT 2026,Wed Mar 18 00:00:00 EDT 2026,N,0,0,0,,,,,,,,,
0.072,0.0,0.0,8.0,122.0,0,0.0,0.0,28.0,0.0,0,-1,0.0,0.0,112.0,0,0.0,29.5837,0.0,0.0,,,All-Wheel Drive,215,,9,650,0,Electricity,Electricity,10,-1,102.0,0,0.0,0.0,32.5118,0.0,0,0,50308,0,0,Toyota,C-HR AWD 20inch,N,False,0,0,273,291.0,0.0,251.0,0.0,Automatic (A1),177.1,0.0,148.1,0.0,Small Sport Utility Vehicle 4WD,2026,8750,C-HR,,,,,EV,,,87 and 167 kW AC Synchronous,TYX,,0.0,,Wed Mar 18 00:00:00 EDT 2026,Wed Mar 18 00:00:00 EDT 2026,N,0,0,0,,,,,,,,,
15.385539267293233,9.2971875,0.0,2.0,13.5947,30,30.4806,1.4,63.0,0.165,486,-1,0.0,486.0,15.6759,32,32.0196,56.0,1.4,0.184,8.0,4.0,All-Wheel Drive,7,PHEV,3,5100,0,Premium and Electricity,Premium Gasoline,3,-1,19.284,34,34.1255,1.5,48.0,0.205,0,0,50309,0,0,Aston Martin,Valhalla,N,True,0,0,280,0.0,5.61,0.0,7.19,Automatic 8-spd,16.7,40.3947,26.6,48.7508,Two Seaters,2026,-11250,Valhalla,G,,T,,Plug-in Hybrid,Electricity,6.0,"112, 112 and 155 kW AC Induction",ASX,,0.0,,Wed Mar 18 00:00:00 EDT 2026,Wed Mar 18 00:00:00 EDT 2026,N,15,21,17,,,,,,,,,
3.3009734222222225,4.075479452054794,0.0,6.5,27.0,76,76.0,0.0,45.0,0.723,97,-1,0.0,97.0,27.2713,73,73.0,47.0,0.0,0.708,4.0,2.4,All-Wheel Drive,217,PHEV,8,2500,0,Regular Gas and Electricity,Regular Gasoline,9,-1,26.7973,69,69.0,0.0,50.0,0.689,0,0,50310,0,0,Mitsubishi,Outlander PHEV,N,True,0,0,420,0.0,46.55,0.0,41.58,Automatic (A1),42.3,110.0,43.1,99.4,Standard Sport Utility Vehicle 4WD,2026,4500,Outlander,,,,,Plug-in Hybrid,Electricity,44.0,85 and 100 kW DCPM,MTX,,0.0,,Wed Mar 18 00:00:00 EDT 2026,Wed Mar 18 00:00:00 EDT 2026,Y,50,46,48,,,,,,,,,
0.0696,0.0,0.0,8.0,119.91,0,0.0,0.0,28.1086,0.0,0,-1,0.0,0.0,116.4871,0,0.0,28.9345,0.0,0.0,,,Rear-Wheel Drive,509,,9,650,0,Electricity,Electricity,10,-1,112.56,0,0.0,0.0,29.944,0.0,0,0,50360,0,11,BMW,i5 eDrive40 Sedan (19 inch Wheels),,False,0,98,328,338.0,0.0,317.0,0.0,Automatic (A1),171.3,0.0,160.8,0.0,Compact Cars,2027,8750,i5,,,,,EV,,,250 kW EESM,BMX,,0.0,,Wed May 13 00:00:00 EDT 2026,Wed May 13 00:00:00 EDT 2026,N,0,0,0,,,,,,,,,
0.0768,0.0,0.0,8.0,108.99,0,0.0,0.0,30.9249,0.0,0,-1,0.0,0.0,105.7585,0,0.0,31.8698,0.0,0.0,,,Rear-Wheel Drive,510,,9,700,0,Electricity,Electricity,10,-1,102.06,0,0.0,0.0,33.0247,0.0,0,0,50361,0,11,BMW,i5 eDrive40 Sedan (20 inch Wheels),,False,0,98,299,308.0,0.0,289.0,0.0,Automatic (A1),155.7,0.0,145.8,0.0,Compact Cars,2027,8500,i5,,,,,EV,,,250 kW EESM,BMX,,0.0,,Wed May 13 00:00:00 EDT 2026,Wed May 13 00:00:00 EDT 2026,N,0,0,0,,,,,,,,,
0.0815999999999999,0.0,0.0,8.0,103.46,0,0.0,0.0,32.5778,0.0,0,-1,0.0,0.0,99.5378,0,0.0,33.8615,0.0,0.0,,,Rear-Wheel Drive,511,,9,750,0,Electricity,Electricity,10,-1,95.13,0,0.0,0.0,35.4305,0.0,0,0,50362,0,11,BMW,i5 eDrive40 Sedan (21 inch Wheels),,False,0,98,280,291.0,0.0,268.0,0.0,Automatic (A1),147.8,0.0,135.9,0.0,Compact Cars,2027,8250,i5,,,,,EV,,,250 kW EESM,BMX,,0.0,,Wed May 13 00:00:00 EDT 2026,Wed May 13 00:00:00 EDT 2026,N,0,0,0,,,,,,,,,
0.0839999999999999,0.0,0.0,8.0,98.42,0,0.0,0.0,34.2461,0.0,0,-1,0.0,0.0,96.2527,0,0.0,35.0175,0.0,0.0,,,All-Wheel Drive,516,,9,800,0,Electricity,Electricity,10,-1,93.73,0,0.0,0.0,35.9597,0.0,0,0,50363,0,11,BMW,i5 xDrive40 Sedan (20 inch Wheels),,False,0,98,273,279.0,0.0,266.0,0.0,Automatic (A1),140.6,0.0,133.9,0.0,Compact Cars,2027,8000,i5,,,,,EV,,,190 and 230 kW EESM,BMX,,0.0,,Wed May 13 00:00:00 EDT 2026,Wed May 13 00:00:00 EDT 2026,N,0,0,0,,,,,,,,,
0.0887999999999999,0.0,0.0,8.0,94.71,0,0.0,0.0,35.5876,0.0,0,-1,0.0,0.0,92.3402,0,0.0,36.5009,0.0,0.0,,,All-Wheel Drive,517,,9,800,0,Electricity,Electricity,10,-1,89.6,0,0.0,0.0,37.6172,0.0,0,0,50364,0,11,BMW,i5 xDrive40 Sedan (21 inch Wheels),,False,0,98,262,269.0,0.0,254.0,0.0,Automatic (A1),135.3,0.0,128.0,0.0,Compact Cars,2027,8000,i5,,,,,EV,,,190 and 230 kW EESM,BMX,,0.0,,Wed May 13 00:00:00 EDT 2026,Wed May 13 00:00:00 EDT 2026,N,0,0,0,,,,,,,,,
0.0648,0.0,0.0,8.75,127.0,0,0.0,0.0,26.0,0.0,0,-1,0.0,0.0,126.0,0,0.0,27.0,0.0,0.0,,,Rear-Wheel Drive,929,,10,600,0,Electricity,Electricity,10,-1,124.0,0,0.0,0.0,27.0,0.0,0,0,50365,0,12,Mercedes-Benz,CLA250 Plus with EQ Tech (R22),,False,0,91,374,380.0,0.0,366.0,0.0,Automatic (A1),192.8,0.0,188.0,0.0,Compact Cars,2027,9000,CLA-Class,,,,,EV,,,200 kW ACPM 3-Phase,MBX,,0.0,,Wed May 13 00:00:00 EDT 2026,Wed May 13 00:00:00 EDT 2026,Y,0,0,0,,,,,,,,,
0.072,0.0,0.0,12.0,116.69,0,0.0,0.0,28.8842,0.0,0,-1,0.0,0.0,111.0875,0,0.0,30.341,0.0,0.0,,,Rear-Wheel Drive,600,,9,700,0,Electricity,Electricity,10,-1,104.93,0,0.0,0.0,32.1214,0.0,26,96,50366,0,0,Audi,A6 e-tron,,False,0,0,348,366.0,0.0,329.0,0.0,Automatic (A1),166.7,0.0,149.9,0.0,Large Cars,2027,8500,A6 e-tron,,,,,EV,,,225 and 270 kW Asynchron 3-Phase,VGA,,0.0,,Wed May 13 00:00:00 EDT 2026,Wed May 13 00:00:00 EDT 2026,N,0,0,0,94.9,,8.6,,11.0,270.0,CCS2,,
0.0768,0.0,0.0,12.0,109.13,0,0.0,0.0,30.8852,0.0,0,-1,0.0,0.0,105.3885,0,0.0,31.9817,0.0,0.0,,,All-Wheel Drive,602,,9,700,0,Electricity,Electricity,10,-1,101.15,0,0.0,0.0,33.3218,0.0,26,96,50367,0,0,Audi,A6 e-tron quattro,,False,0,0,327,339.0,0.0,314.0,0.0,Automatic (A1),155.9,0.0,144.5,0.0,Large Cars,2027,8500,A6 e-tron,,,,,EV,,,225 and 270 kW Asynchron 3-Phase,VGA,,0.0,,Wed May 13 00:00:00 EDT 2026,Wed May 13 00:00:00 EDT 2026,N,0,0,0,94.9,,8.6,,11.0,270.0,CCS2,,
0.0696,0.0,0.0,12.0,120.75,0,0.0,0.0,27.913,0.0,0,-1,0.0,0.0,117.2604,0,0.0,28.7437,0.0,0.0,,,All-Wheel Drive,603,,9,650,0,Electricity,Electricity,10,-1,113.26,0,0.0,0.0,29.759,0.0,26,96,50368,0,0,Audi,A6 e-tron quattro ultra,,False,0,0,360,371.0,0.0,348.0,0.0,Automatic (A1),172.5,0.0,161.8,0.0,Large Cars,2027,8750,A6 e-tron,,,,,EV,,,225 and 270 kW Asynchron 3-Phase,VGA,,0.0,,Wed May 13 00:00:00 EDT 2026,Wed May 13 00:00:00 EDT 2026,N,0,0,0,94.9,,8.6,,11.0,270.0,CCS2,,
0.0624,0.0,0.0,12.0,133.98,0,0.0,0.0,25.1567,0.0,0,-1,0.0,0.0,127.3668,0,0.0,26.463,0.0,0.0,,,Rear-Wheel Drive,601,,10,600,0,Electricity,Electricity,10,-1,120.12,0,0.0,0.0,28.0594,0.0,26,96,50369,0,0,Audi,A6 e-tron ultra,,False,0,0,395,416.0,0.0,373.0,0.0,Automatic (A1),191.4,0.0,171.6,0.0,Large Cars,2027,9000,A6 e-tron,,,,,EV,,,225 and 270 kW Asynchron 3-Phase,VGA,,0.0,,Wed May 13 00:00:00 EDT 2026,Wed May 13 00:00:00 EDT 2026,N,0,0,0,94.9,,8.6,,11.0,270.0,CCS2,,
0.0791999999999999,0.0,0.0,12.0,105.7,0,0.0,0.0,31.8874,0.0,0,-1,0.0,0.0,103.2045,0,0.0,32.6585,0.0,0.0,,,All-Wheel Drive,604,,9,750,0,Electricity,Electricity,10,-1,100.31,0,0.0,0.0,33.6008,0.0,26,95,50370,0,0,Audi,S6 e-tron (20 inch wheels),,False,0,0,326,334.0,0.0,317.0,0.0,Automatic (A1),151.0,0.0,143.3,0.0,Large Cars,2027,8250,S6 e-tron,,,,,EV,,,225 and 270 kW Asynchron 3-Phase,VGA,,0.0,,Wed May 13 00:00:00 EDT 2026,Wed May 13 00:00:00 EDT 2026,N,0,0,0,,,,,,,,,
0.0815999999999999,0.0,0.0,12.0,102.55,0,0.0,0.0,32.8669,0.0,0,-1,0.0,0.0,99.7506,0,0.0,33.7893,0.0,0.0,,,All-Wheel Drive,704,,9,750,0,Electricity,Electricity,10,-1,96.53,0,0.0,0.0,34.9166,0.0,26,95,50371,0,0,Audi,S6 e-tron (21 inch wheels),,False,0,0,311,320.0,0.0,301.0,0.0,Automatic (A1),146.5,0.0,137.9,0.0,Large Cars,2027,8250,S6 e-tron,,,,,EV,,,225 and 270 kW Asynchron 3-Phase,VGA,,0.0,,Wed May 13 00:00:00 EDT 2026,Wed May 13 00:00:00 EDT 2026,N,0,0,0,,,,,,,,,
0.0672,0.0,0.0,6.8,133.98,0,0.0,0.0,25.1567,0.0,0,-1,0.0,0.0,119.5422,0,0.0,28.195,0.0,0.0,,,Front-Wheel Drive,400,,9,650,0,Electricity,Electricity,10,-1,105.63,0,0.0,0.0,31.9085,0.0,0,0,50372,0,16,Chevrolet,BOLT,,False,0,97,262,294.0,0.0,232.0,0.0,Automatic (A1),191.4,0.0,150.9,0.0,Small Station Wagons,2027,8750,BOLT,,,,,EV,,,180 kW ACPM,GMX,,0.0,,Wed May 13 00:00:00 EDT 2026,Wed May 13 00:00:00 EDT 2026,N,0,0,0,65.0,,9.0,,7.2,55.0,CCS,,
0.1056,0.0,0.0,12.0,80.36,0,0.0,0.0,41.9425,0.0,0,-1,0.0,0.0,75.9571,0,0.0,44.3737,0.0,0.0,,,All-Wheel Drive,5,,9,1000,0,Electricity,Electricity,10,-1,71.19,0,0.0,0.0,47.3451,0.0,0,0,50373,0,0,Vinfast,VF 7 Plus,,False,0,0,209,221.0,0.0,196.0,0.0,Automatic (A1),114.8,0.0,101.7,0.0,Small Sport Utility Vehicle 4WD,2027,7000,VF 7,,,,,EV,,,130 kW ACPM 3-Phase,VTP,,0.0,,Wed May 13 00:00:00 EDT 2026,Wed May 13 00:00:00 EDT 2026,N,0,0,0,75.3,,6.8,,11.0,150.0,CCS2,,
0.0839999999999999,0.0,0.0,7.0,101.29,0,0.0,0.0,33.2757,0.0,0,-1,0.0,0.0,97.502,0,0.0,34.5685,0.0,0.0,,,All-Wheel Drive,98,,9,800,0,Electricity,Electricity,10,-1,93.24,0,0.0,0.0,36.1486,0.0,0,0,50374,0,0,MINI,"Countryman SE ALL4 (18"" Wheels)",,False,0,0,216,224.0,0.0,207.0,0.0,Automatic (A1),144.7,0.0,133.2,0.0,Small Sport Utility Vehicle 4WD,2027,8000,Countryman,,,,,EV,,,140 and 140 kW EESM,BMX,,0.0,,Wed May 13 00:00:00 EDT 2026,Wed May 13 00:00:00 EDT 2026,N,0,0,0,,,,,,,,,
0.0887999999999999,0.0,0.0,11.7,103.0,0,0.0,0.0,33.0,0.0,0,-1,0.0,0.0,92.0,0,0.0,37.0,0.0,0.0,,,Rear-Wheel Drive,80,,9,850,0,Electricity,Electricity,10,-1,81.0,0,0.0,0.0,41.0,0.0,0,0,50375,0,0,Hyundai,Ioniq 9 RWD,,False,0,0,335,372.0,0.0,299.0,0.0,Automatic (A1),154.4,0.0,122.2,0.0,Standard Sport Utility Vehicle 2WD,2027,7750,Ioniq 9,,,,,EV,,,160 kW PMSM,HYX,,0.0,,Wed May 13 00:00:00 EDT 2026,Wed May 13 00:00:00 EDT 2026,N,0,0,0,99.5,,9.0,,11.0,350.0,CCS2,,
0.0791999999999999,0.0,0.0,12.0,109.9818,0,0.0,0.0,30.646,0.0,0,-1,0.0,0.0,103.6844,0,0.0,32.5073,0.0,0.0,,,All-Wheel Drive,612,,9,750,0,Electricity,Electricity,10,-1,96.9028,0,0.0,0.0,34.7823,0.0,0,0,50376,0,0,Audi,Q6 e-tron quattro (19 inch Tires),,False,0,0,325,345.0,0.0,304.0,0.0,Automatic (A1),157.1,0.0,138.4,0.0,Standard Sport Utility Vehicle 4WD,2027,8250,Q6 e-tron,,,,,EV,,,225 and 270 kW Asynchron 3-Phase,VGA,,0.0,,Wed May 13 00:00:00 EDT 2026,Wed May 13 00:00:00 EDT 2026,N,0,0,0,,,,,,,,,
0.0839999999999999,0.0,0.0,12.0,102.5362,0,0.0,0.0,32.8713,0.0,0,-1,0.0,0.0,96.0621,0,0.0,35.0867,0.0,0.0,,,All-Wheel Drive,712,,9,800,0,Electricity,Electricity,10,-1,89.1801,0,0.0,0.0,37.7944,0.0,0,0,50377,0,0,Audi,Q6 e-tron quattro (20 inch Tires),,False,0,0,301,321.0,0.0,279.0,0.0,Automatic (A1),146.5,0.0,127.4,0.0,Standard Sport Utility Vehicle 4WD,2027,8000,Q6 e-tron,,,,,EV,,,225 and 270 kW Asynchron 3-Phase,VGA,,0.0,,Wed May 13 00:00:00 EDT 2026,Wed May 13 00:00:00 EDT 2026,N,0,0,0,,,,,,,,,
0.0839999999999999,0.0,0.0,12.0,102.5362,0,0.0,0.0,32.8713,0.0,0,-1,0.0,0.0,96.0621,0,0.0,35.0867,0.0,0.0,,,All-Wheel Drive,715,,9,800,0,Electricity,Electricity,10,-1,89.1801,0,0.0,0.0,37.7944,0.0,0,0,50378,0,0,Audi,Q6 e-tron SB quattro (20 inch Tires),,False,0,0,301,321.0,0.0,279.0,0.0,Automatic (A1),146.5,0.0,127.4,0.0,Standard Sport Utility Vehicle 4WD,2027,8000,Q6 e-tron,,,,,EV,,,225 and 270 kW Asynchron 3-Phase,VGA,,0.0,,Wed May 13 00:00:00 EDT 2026,Wed May 13 00:00:00 EDT 2026,N,0,0,0,,,,,,,,,
0.0791999999999999,0.0,0.0,12.0,109.9818,0,0.0,0.0,30.646,0.0,0,-1,0.0,0.0,103.6844,0,0.0,32.5073,0.0,0.0,,,All-Wheel Drive,615,,9,750,0,Electricity,Electricity,10,-1,96.9028,0,0.0,0.0,34.7823,0.0,0,0,50379,0,0,Audi,Q6 Sportback e-tron quattro,,False,0,0,325,345.0,0.0,304.0,0.0,Automatic (A1),157.1,0.0,138.4,0.0,Standard Sport Utility Vehicle 4WD,2027,8250,Q6 e-tron,,,,,EV,,,225 and 270 kW Asynchron 3-Phase,VGA,,0.0,,Wed May 13 00:00:00 EDT 2026,Wed May 13 00:00:00 EDT 2026,N,0,0,0,,,,,,,,,
0.0887999999999999,0.0,0.0,12.0,96.5288,0,0.0,0.0,34.917,0.0,0,-1,0.0,0.0,92.1163,0,0.0,36.5896,0.0,0.0,,,All-Wheel Drive,613,,9,800,0,Electricity,Electricity,10,-1,87.2421,0,0.0,0.0,38.6339,0.0,0,0,50380,0,0,Audi,SQ6 e-tron (20 inch Tires),,False,0,0,285,299.0,0.0,270.0,0.0,Automatic (A1),137.9,0.0,124.6,0.0,Standard Sport Utility Vehicle 4WD,2027,8000,SQ6 e-tron,,,,,EV,,,225 and 270 kW Asynchron 3-Phase,VGA,,0.0,,Wed May 13 00:00:00 EDT 2026,Wed May 13 00:00:00 EDT 2026,N,0,0,0,,,,,,,,,
0.096,0.0,0.0,12.0,89.4322,0,0.0,0.0,37.6877,0.0,0,-1,0.0,0.0,84.9773,0,0.0,39.6635,0.0,0.0,,,All-Wheel Drive,713,,9,900,0,Electricity,Electricity,10,-1,80.1006,0,0.0,0.0,42.0783,0.0,0,0,50381,0,0,Audi,SQ6 e-tron (21 inch Tires),,False,0,0,264,278.0,0.0,249.0,0.0,Automatic (A1),127.8,0.0,114.4,0.0,Standard Sport Utility Vehicle 4WD,2027,7500,SQ6 e-tron,,,,,EV,,,225 and 270 kW Asynchron 3-Phase,VGA,,0.0,,Wed May 13 00:00:00 EDT 2026,Wed May 13 00:00:00 EDT 2026,N,0,0,0,,,,,,,,,
0.0887999999999999,0.0,0.0,12.0,96.5288,0,0.0,0.0,34.917,0.0,0,-1,0.0,0.0,92.1163,0,0.0,36.5896,0.0,0.0,,,All-Wheel Drive,614,,9,800,0,Electricity,Electricity,10,-1,87.2421,0,0.0,0.0,38.6339,0.0,0,0,50382,0,0,Audi,SQ6 Sportback e-tron (20 inch Tires),,False,0,0,285,299.0,0.0,270.0,0.0,Automatic (A1),137.9,0.0,124.6,0.0,Standard Sport Utility Vehicle 4WD,2027,8000,SQ6 e-tron,,,,,EV,,,225 and 270 kW Asynchron 3-Phase,VGA,,0.0,,Wed May 13 00:00:00 EDT 2026,Wed May 13 00:00:00 EDT 2026,N,0,0,0,,,,,,,,,
0.096,0.0,0.0,12.0,89.4322,0,0.0,0.0,37.6877,0.0,0,-1,0.0,0.0,84.9773,0,0.0,39.6635,0.0,0.0,,,All-Wheel Drive,714,,9,900,0,Electricity,Electricity,10,-1,80.1006,0,0.0,0.0,42.0783,0.0,0,0,50383,0,0,Audi,SQ6 Sportback e-tron (21 inch Tires),,False,0,0,264,278.0,0.0,249.0,0.0,Automatic (A1),127.8,0.0,114.4,0.0,Standard Sport Utility Vehicle 4WD,2027,7500,SQ6 e-tron,,,,,EV,,,225 and 270 kW Asynchron 3-Phase,VGA,,0.0,,Wed May 13 00:00:00 EDT 2026,Wed May 13 00:00:00 EDT 2026,N,0,0,0,,,,,,,,,
0.0791999999999999,0.0,0.0,8.0,106.54,0,0.0,0.0,31.636,0.0,0,-1,0.0,0.0,101.8251,0,0.0,33.1009,0.0,0.0,,,All-Wheel Drive,395,,9,750,0,Electricity,Electricity,10,-1,96.6,0,0.0,0.0,34.8913,0.0,0,0,50384,0,0,BMW,iX3 50 xDrive (20 inch All-Season Tires),,False,0,0,383,401.0,0.0,363.0,0.0,Automatic (A1),152.2,0.0,138.0,0.0,Standard Sport Utility Vehicle 4WD,2027,8250,iX3,,,,,EV,,,123 and 240 kW EESM,BMX,,0.0,,Wed May 13 00:00:00 EDT 2026,Wed May 13 00:00:00 EDT 2026,N,0,0,0,,,,,,,,,
0.0696,0.0,0.0,8.0,125.44,0,0.0,0.0,26.8634,0.0,0,-1,0.0,0.0,118.0444,0,0.0,28.5528,0.0,0.0,,,All-Wheel Drive,394,,9,650,0,Electricity,Electricity,10,-1,110.11,0,0.0,0.0,30.6103,0.0,0,0,50385,0,0,BMW,iX3 50 xDrive (20 inch Summer Tires),,False,0,0,434,461.0,0.0,405.0,0.0,Automatic (A1),179.2,0.0,157.3,0.0,Standard Sport Utility Vehicle 4WD,2027,8750,iX3,,,,,EV,,,123 and 240 kW EESM,BMX,,0.0,,Wed May 13 00:00:00 EDT 2026,Wed May 13 00:00:00 EDT 2026,N,0,0,0,,,,,,,,,
0.0768,0.0,0.0,8.0,111.09,0,0.0,0.0,30.3403,0.0,0,-1,0.0,0.0,104.647,0,0.0,32.2083,0.0,0.0,,,All-Wheel Drive,397,,9,700,0,Electricity,Electricity,10,-1,97.72,0,0.0,0.0,34.4914,0.0,0,0,50386,0,0,BMW,iX3 50 xDrive (21 inch All-Season Tires),,False,0,0,399,424.0,0.0,373.0,0.0,Automatic (A1),158.7,0.0,139.6,0.0,Standard Sport Utility Vehicle 4WD,2027,8500,iX3,,,,,EV,,,123 and 240 kW EESM,BMX,,0.0,,Wed May 13 00:00:00 EDT 2026,Wed May 13 00:00:00 EDT 2026,N,0,0,0,,,,,,,,,
0.0768,0.0,0.0,8.0,110.6,0,0.0,0.0,30.4747,0.0,0,-1,0.0,0.0,103.8286,0,0.0,32.4622,0.0,0.0,,,All-Wheel Drive,398,,9,750,0,Electricity,Electricity,10,-1,96.6,0,0.0,0.0,34.8913,0.0,0,0,50387,0,0,BMW,iX3 50 xDrive (22 inch Summer Tires),,False,0,0,392,418.0,0.0,365.0,0.0,Automatic (A1),158.0,0.0,138.0,0.0,Standard Sport Utility Vehicle 4WD,2027,8250,iX3,,,,,EV,,,123 and 240 kW EESM,BMX,,0.0,,Wed May 13 00:00:00 EDT 2026,Wed May 13 00:00:00 EDT 2026,N,0,0,0,,,,,,,,,
0.0911999999999999,0.0,0.0,11.6,98.0,0,0.0,0.0,34.0,0.0,0,-1,0.0,0.0,88.0,0,0.0,38.0,0.0,0.0,,,All-Wheel Drive,81,,9,850,0,Electricity,Electricity,10,-1,78.0,0,0.0,0.0,43.0,0.0,0,0,50388,0,0,Hyundai,Ioniq 9 AWD,,False,0,0,320,358.0,0.0,283.0,0.0,Automatic (A1),146.0,0.0,117.2,0.0,Standard Sport Utility Vehicle 4WD,2027,7750,Ioniq 9,,,,,EV,,,66 and 160 kW PMSM,HYX,,0.0,,Wed May 13 00:00:00 EDT 2026,Wed May 13 00:00:00 EDT 2026,N,0,0,0,99.5,,9.0,,11.0,350.0,CCS2,,
0.096,0.0,0.0,11.5,91.0,0,0.0,0.0,37.0,0.0,0,-1,0.0,0.0,85.0,0,0.0,40.0,0.0,0.0,,,All-Wheel Drive,82,,9,900,0,Electricity,Electricity,10,-1,79.0,0,0.0,0.0,43.0,0.0,0,0,50389,0,0,Hyundai,Ioniq 9 AWD Performance,,False,0,0,311,334.0,0.0,287.0,0.0,Automatic (A1),135.1,0.0,117.2,0.0,Standard Sport Utility Vehicle 4WD,2027,7500,Ioniq 9,,,,,EV,,,157 kW PMSM (IPM),HYX,,0.0,,Wed May 13 00:00:00 EDT 2026,Wed May 13 00:00:00 EDT 2026,N,0,0,0,99.5,,9.0,,11.0,350.0,CCS2,,
0.0815999999999999,0.0,0.0,9.5,108.7218,0,0.0,0.0,31.0011,0.0,0,-1,0.0,0.0,98.8522,0,0.0,34.0963,0.0,0.0,,,4-Wheel Drive,110,,9,750,0,Electricity,Electricity,10,-1,88.9798,0,0.0,0.0,37.8794,0.0,0,0,50390,0,0,Rivian,R2 Performance AWD (20in AT),,False,0,0,307,338.0,0.0,276.0,0.0,Automatic (A1),154.2,0.0,126.2,0.0,Standard Sport Utility Vehicle 4WD,2027,8250,R2,,,,,EV,,,300 kW ACPM,RIV,,0.0,,Wed May 13 00:00:00 EDT 2026,Wed May 13 00:00:00 EDT 2026,N,0,0,0,,,,,,,,,
0.0768,0.0,0.0,9.5,113.566,0,0.0,0.0,29.6788,0.0,0,-1,0.0,0.0,104.7626,0,0.0,32.1727,0.0,0.0,,,4-Wheel Drive,109,,9,700,0,Electricity,Electricity,10,-1,95.696,0,0.0,0.0,35.2209,0.0,0,0,50391,0,0,Rivian,R2 Performance AWD (21in),,False,0,0,330,358.0,0.0,301.0,0.0,Automatic (A1),155.7,0.0,131.2,0.0,Standard Sport Utility Vehicle 4WD,2027,8500,R2,,,,,EV,,,300 kW ACPM,RIV,,0.0,,Wed May 13 00:00:00 EDT 2026,Wed May 13 00:00:00 EDT 2026,N,0,0,0,,,,,,,,,
